ANIO,MES,CONGLOMERADO,MUESTRA,SELVIV,HOGAR,REGION,LLAVE_PANEL,ESTRATO,C201,C203,C204,C205,C206,C207,C208,C300n,NROINF,C301_DIA,C301_MES,C301_ANIO,C303,C304,C305,C306_1,C306_2,C306_3,C306_4,C306_5,C306_6,C306_7,C306_8,C306_9,C306_10,C306_10A,C306_11,C306A,C308_COD,C309_COD,C310,C311,C312,C313,C317,C317A,C318_1,C318_2,C318_3,C318_4,C318_5,C318_6,C318_7,C318_T,C328_T,whoraT,C330,C331,C333,C334,P209H,C335,C338,C339_1,C341_T,C342,C344,C345_1,C347_T,C348,C350,C352,C353,C354,C355,C356,C357_I,C358,C359,SEGURO1,C361_1,C362_1,C361_2,C362_2,C361_3,C362_3,C361_4,C362_4,C361_5,C362_5,C361_6,C362_6,C361_7,C362_7,C361_8,C362_8,C364_1,C365_1,C364_2,C365_2,C364_3,C365_3,C364_4,C365_4,C366,C366_1,C366_2,C375_1,C375_2,C375_3,C375_4,C375_5,C375_6,C376,C377,OCUP300,I339_1,D341_T,I342,D344,I345_1,I348,D347_T,D350,D351_T,INGTOT,INGTOTP,ingtrabw,RESIDENT,fa_efm24
2024,01,24160,1,0022,1,1,202401241601002211,1,1,1,1,2, ,2,40,1,1,25,1,1983,2,2,2,2,2,2,2,2,2,2,2,2,2,2,2,2, , , , , , , , , , , , , , , , , , , , , , , , , , , , , , , , , ,2,5,1,1,6, , ,1,5,2, ,2, ,2, ,2, ,1,5,2, ,2, ,2, ,2, ,2, ,2, ,2, ,6,5, ,2,2,2,2,2,2,10,7,4, , , , , , , , , , , , ,1,1821.3527316698
2024,01,24160,1,0022,1,1,202401241601002212,1,2,2,1,2, ,1,43,2,2,15,10,1980,2,2,2,2,2,2,2,2,2,2,2,2,2,2,2,2, , , , , , , , , , , , , , , , , , , , , , , , , , , , , , , , , ,2,5,1,1,9, , ,1,6,2, ,2, ,2, ,2, ,2, ,2, ,2, ,2, ,2, ,1,5,2, ,2, ,6,5, ,2,2,2,2,2,2,10,7,3, , , , , , , , , , , , ,1,1850.89056217452
2024,01,24160,1,0022,1,1,202401241601002213,1,3,3,1,2, ,1,13, , , , , , , , , , , , , , , , , , , , , , , , , , , , , , , , , , , , , , , , , , , , , , , , , , , , , , , , , , , , , , , , , , , , , , , , , , , , , , , , , , , , , , , , , , , , , , , , , , , , , , , , , , , , , , , ,1, 
2024,01,21682,1,0003,1,1,202310216821000311,1,1,1,1,2, ,1,62,1,1,20,3,1961,1, , , , , , , , , , , , , , , ,9549,4789,2, ,2,2,1,1,0,0,0,5,0,12,5,22, ,22,1, ,1,2,2,2, , , , , , , , , , , , , , , , ,1,1,1,2,2, ,2, ,2, ,2, ,2, ,2, ,2, ,1,5,2, ,2, ,2, ,8,1, ,2,2,2,2,2,2,10,7,1, , ,1500, , , , , , ,1500,1500,1500,1,537.625699546285
2024,01,21682,1,0003,1,1,202310216821000312,1,2,2,1,2, ,2,70,2,1,21,7,1953,2,2,2,2,2,2,2,2,2,2,2,2,2,2,2,2, , , , , , , , , , , , , , , , , , , , , , , , , , , , , , , , , ,2,7,2,2,7, , ,2,1,1,4,2, ,2, ,2, ,2, ,2, ,2, ,2, ,2, ,2, ,2, ,2, ,4,5, ,2,2,2,2,2,2,10,7,4, , , , , , , , , , , , ,1,494.508818843742
2024,01,21682,1,0003,1,1,202310216821000313,1,3,3,1,2, ,2,38,3,3,5,11,1985,1, , , , , , , , , , , , , , , ,3221,8790,3,2, , ,5,1000,12,0,12,0,12,0,12,48, ,48,1, ,2, ,2,2,4,1700,100, , , , , , , , , , , , , ,1,1,1,1,2, ,2, ,2, ,2, ,2, ,2, ,2, ,1,1,2, ,2, ,2, ,9,3, ,2,2,2,2,2,2,10,7,1,1700,433, , , , , , ,50,2133,2133,2183,1,652.032438917255
2024,01,21682,1,0003,1,1,202310216821000314,1,4,5,1,2, ,1,8, , , , , , , , , , , , , , , , , , , , , , , , , , , , , , , , , , , , , , , , , , , , , , , , , , , , , , , , , , , , , , , , , , , , , , , , , , , , , , , , , , , , , , , , , , , , , , , , , , , , , , , , , , , , , , , ,1, 
2024,01,17616,1,0043,1,1,202210176161004311,1,1,1,1,2, ,2,47,1,2,27,9,1976,2,2,2,2,2,2,2,2,2,2,2,2,2,2,2,2, , , , , , , , , , , , , , , , , , , , , , , , , , , , , , , , , ,2,5,2,1,7, , ,1,6,2, ,2, ,2, ,2, ,2, ,2, ,2, ,2, ,2, ,2, ,2, ,2, ,6,5, ,2,2,2,2,2,2,10,7,4, , , , , , , , , , , , ,1,222.180924740316
2024,01,17616,1,0043,1,1,202210176161004312,1,2,3,1,2, ,1,24,2,2,12,6,1999,2,2,2,2,2,2,2,2,2,2,2,2,2,2,2,2, , , , , , , , , , , , , , , , , , , , , , , , , , , , , , , , , ,1, ,1,1,13,8,2,1,6,2, ,2, ,2, ,2, ,2, ,2, ,2, ,2, ,1,5,2, ,2, ,2, ,6,5, ,2,2,2,2,2,2,10,7,2, , , , , , , , , , , , ,1,261.879339778804
2024,01,23046,1,0014,1,1,202301230461001411,1,1,1,1,2, ,1,39,1,1,18,10,1984,1, , , , , , , , , , , , , , , ,7322,3100,2, ,3,2,1,1,0,6,6,6,6,4,8,36, ,36,1, ,1,2,2,2, , , , , , , , , , , , , , , , ,1,5,2, ,2, ,2, ,2, ,1,5,2, ,2, ,2, ,2, ,2, ,2, ,2, ,6,5, ,2,2,2,2,2,2,10,7,1, , ,900, , , , , , ,900,900,900,1,866.686850264129
2024,01,23046,1,0014,1,1,202301230461001412,1,2,2,1,2, ,2,37,2,2,30,9,1986,2,2,2,2,2,2,2,2,2,2,2,2,2,2,2,2, , , , , , , , , , , , , , , , , , , , , , , , , , , , , , , , , ,2,5,1,1,6, , ,1,5,2, ,2, ,2, ,2, ,1,5,2, ,2, ,2, ,2, ,2, ,2, ,2, ,4, ,6,2,2,2,2,2,2,1,1,4, , , , , , , , , , , , ,1,852.855643921114
2024,01,23046,1,0014,1,1,202301230461001413,1,3,3,1,2, ,2,13, , , , , , , , , , , , , , , , , , , , , , , , , , , , , , , , , , , , , , , , , , , , , , , , , , , , , , , , , , , , , , , , , , , , , , , , , , , , , , , , , , , , , , , , , , , , , , , , , , , , , , , , , , , , , , , ,1, 
2024,01,23046,1,0014,1,1,202301230461001414,1,4,3,1,2, ,1,8, , , , , , , , , , , , , , , , , , , , , , , , , , , , , , , , , , , , , , , , , , , , , , , , , , , , , , , , , , , , , , , , , , , , , , , , , , , , , , , , , , , , , , , , , , , , , , , , , , , , , , , , , , , , , , , ,1, 
2024,01,23046,1,0014,1,1,202301230461001415,1,5,3,1,2, ,2,1, , , , , , , , , , , , , , , , , , , , , , , , , , , , , , , , , , , , , , , , , , , , , , , , , , , , , , , , , , , , , , , , , , , , , , , , , , , , , , , , , , , , , , , , , , , , , , , , , , , , , , , , , , , , , , , ,1, 
2024,01,23535,1,0074,1,1,202210235351007411,1,1,1,1,2, ,2,80,1,1,12,2,1943,2,2,2,2,2,2,2,2,2,2,2,2,2,2,2,2, , , , , , , , , , , , , , , , , , , , , , , , , , , , , , , , , ,2,6,2,2,3, , ,1,1,1,3,2, ,2, ,2, ,2, ,2, ,2, ,2, ,2, ,1,3,2, ,2, ,12,2, ,2,2,2,2,2,2,10,9,4, , , , , , , , , , , , ,1,705.420999514513
2024,01,23535,1,0074,1,1,202210235351007412,1,2,11,1,2, ,1,74,2,2,19,5,1949,2,2,2,2,2,2,2,2,2,2,2,2,2,2,2,2, , , , , , , , , , , , , , , , , , , , , , , , , , , , , , , , , ,2,6,2,2,3, , ,1,1,1,3,2, ,2, ,2, ,2, ,2, ,2, ,2, ,2, ,1,3,2, ,2, ,11,5, ,2,2,2,2,2,2,1,1,4, , , , , , , , , , , , ,1,766.927593375171
2024,01,21937,1,0039,1,1,202401219371003911,1,1,1,1,2, ,2,32,1,1,20,3,1991,1, , , , , , , , , , , , , , , ,9329,5610,3,5,3,2,1,5,6,0,0,0,0,12,12,30, ,30,1, ,2, ,2,1,2,120, , , , , , , , , , , , , , ,1,5,2, ,2, ,2, ,2, ,1,5,2, ,2, ,2, ,2, ,2, ,2, ,2, ,5,3, ,2,2,2,2,2,2,10,7,1,520, , , , , , , , ,520,520,520,1,1521.4512779991
2024,01,21937,1,0039,1,1,202401219371003912,1,2,2,1,2, ,1,33,2,2,3,7,1990,1, , , , , , , , , , , , , , , ,8321,4922,2, ,3,2,1,1,10,0,8,10,10,10,10,58, ,58,1, ,2, ,2,2, , , , , , , , , , , , , , , , ,1,5,2, ,2, ,2, ,2, ,1,5,2, ,2, ,2, ,2, ,2, ,2, ,2, ,5,1, ,2,2,2,2,2,2,10,7,1, , ,1200, , , , , , ,1200,1200,1200,1,1546.12544966794
2024,01,21937,1,0039,1,1,202401219371003913,1,3,3,1,2, ,1,15,3,3,26,9,2008,1, , , , , , , , , , , , , , , ,7411,4321,3,5,3,2,1,2,8,0,0,0,0,0,0,8, ,8,1, ,2, ,2,2,2,25, , , , , , , , , , , , , , ,2,5,2, ,2, ,2, ,2, ,1,5,2, ,2, ,2, ,2, ,2, ,2, ,2, ,5,3, ,2,2,2,2,2,2,10,7,1,108, , , , , , , , ,108,108,108,1,1360.05776736417
2024,01,21937,1,0039,1,1,202401219371003914,1,4,3,1,2, ,2,14,4,4,1,11,2009,2,2,2,2,2,2,2,2,2,2,2,2,2,2,2,2, , , , , , , , , , , , , , , , , , , , , , , , , , , , , , , , , ,2,4,2,2,3, , ,2,5,2, ,2, ,2, ,2, ,1,5,2, ,2, ,2, ,2, ,2, ,2, ,2, ,5,2, ,2,2,2,2,2,2,10,7,4, , , , , , , , , , , , ,1,1465.57529513015
2024,01,21937,1,0039,1,1,202401219371003915,1,5,3,1,2, ,1,9, , , , , , , , , , , , , , , , , , , , , , , , , , , , , , , , , , , , , , , , , , , , , , , , , , , , , , , , , , , , , , , , , , , , , , , , , , , , , , , , , , , , , , , , , , , , , , , , , , , , , , , , , , , , , , , ,1, 
2024,01,49936,1,0016,1,1,202401499361001611,1,1,1,1,2, ,1,40,1,1,1,4,1983,1, , , , , , , , , , , , , , , ,7113,4100,3,5,1, ,2,35,0,0,8,8,8,8,5,37, ,45,2,45,2, ,2,2,2,600,60, , , , , , , , , , , , , ,1,1,1,1,2, ,2, ,2, ,2, ,2, ,2, ,2, ,1,1,2, ,2, ,2, ,5,3, ,2,2,2,2,2,2,10,7,1,2598,260, , , , , , , ,2858,2858,2858,1,1694.25215529141
2024,01,49936,1,0016,1,1,202401499361001612,1,2,2,1,2, ,2,38,2,2,20,5,1985,1, , , , , , , , , , , , , , , ,9111,9700,6, , , ,1,1,0,0,4,4,4,4,4,20, ,20,1, ,2, ,2,2,2,180,40, , , , , , , , , , , , , ,1,5,2, ,2, ,2, ,2, ,1,5,2, ,2, ,2, ,2, ,2, ,2, ,2, ,8,1, ,2,2,2,2,2,2,10,9,1,779,173, , , , , , , ,952,952,952,1,1667.21407210163
2024,01,49936,1,0016,1,1,202401499361001613,1,3,3,1,2, ,2,13, , , , , , , , , , , , , , , , , , , , , , , , , , , , , , , , , , , , , , , , , , , , , , , , , , , , , , , , , , , , , , , , , , , , , , , , , , , , , , , , , , , , , , , , , , , , , , , , , , , , , , , , , , , , , , , ,1, 
2024,01,49936,1,0016,1,1,202401499361001614,1,4,3,1,2, ,1,12, , , , , , , , , , , , , , , , , , , , , , , , , , , , , , , , , , , , , , , , , , , , , , , , , , , , , , , , , , , , , , , , , , , , , , , , , , , , , , , , , , , , , , , , , , , , , , , , , , , , , , , , , , , , , , , ,1, 
2024,01,49936,1,0016,1,1,202401499361001615,1,5,3,1,2, ,1,5, , , , , , , , , , , , , , , , , , , , , , , , , , , , , , , , , , , , , , , , , , , , , , , , , , , , , , , , , , , , , , , , , , , , , , , , , , , , , , , , , , , , , , , , , , , , , , , , , , , , , , , , , , , , , , , ,1, 
2024,01,19333,1,0034,1,1,202301193331003411,1,1,1,1,2, ,2,60,1,1,14,2,1963,1, , , , , , , , , , , , , , , ,9531,4799,2, ,3,2,1,1,0,2,2,2,4,0,1,11,6,17,1, ,2, ,2,2, , , , , , , ,500, , , , , , , , ,1,1,1,4,2, ,2, ,2, ,2, ,2, ,2, ,2, ,2, ,2, ,2, ,2, ,6,5, ,2,2,2,2,2,2,10,7,1, , ,550,320, ,500, , , ,1370,870,1370,1,500.483561964044
2024,01,19333,1,0034,1,1,202301193331003412,1,2,3,1,2, ,1,36,2,2,3,6,1987,1, , , , , , , , , , , , , , , ,4416,5229,3,5,1, ,1,15,3,0,3,0,3,3,0,12, ,12,1, ,1,1,1,1,2,280, , , , , , , , , , , , , , ,1,5,2, ,2, ,2, ,2, ,1,5,2, ,2, ,2, ,1,5,2, ,2, ,2, ,9,3, ,2,2,2,2,2,2,10,7,1,1212, , , , , , , , ,1212,1212,1212,1,670.612522816993
2024,01,19333,1,0034,1,1,202301193331003413,1,3,3,1,2, ,1,28,3,3,14,8,1995,1, , , , , , , , , , , , , , , ,2164,1103,3,5,1, ,5,1000,8,8,8,8,8,8,8,56, ,56,1, ,2, ,2,2,4,4700, , , , , , , , , , , , , , ,1,1,1,1,2, ,2, ,2, ,2, ,2, ,2, ,2, ,1,1,2, ,2, ,2, ,11,5, ,2,2,2,2,2,2,10,7,1,4700, , , , , , , ,1184,4700,4700,5884,1,670.612522816993
2024,01,2153301,1,0051,1,1,20230121533011005111,1,1,1,1,2, ,2,43,1,1,6,5,1980,1, , , , , , , , , , , , , , , ,220,8423,3,1, , ,5,9998,16,8,16,8,16,8,0,72, ,72,1, ,2, ,2,2,4,3000,23, , , , , , , , , , , , , ,1,4,2, ,2, ,2, ,1,1,2, ,2, ,2, ,2, ,2, ,2, ,2, ,1,1,11,5, ,2,2,2,2,2,2,10,7,1,3000,690, , , , , , ,67,3690,3690,3757,1,784.193536802323
2024,01,2153301,1,0051,1,1,20230121533011005112,1,2,3,1,2, ,1,17,2,2,4,7,2006,2,2,2,2,2,2,2,2,2,2,2,2,2,2,2,2, , , , , , , , , , , , , , , , , , , , , , , , , , , , , , , , , ,1,5,1,1,13,1,1,1,4,2, ,2, ,2, ,1,4,2, ,2, ,2, ,2, ,2, ,2, ,2, ,2, ,6,5, ,2,2,2,2,2,2,10,7,2, , , , , , , , , , , , ,1,701.00733836671
2024,01,26470,1,0065,1,1,202401264701006511,1,1,1,1,2, ,1,76,1,1,22,9,1947,2,2,2,2,2,2,2,2,2,2,2,2,2,2,2,2, , , , , , , , , , , , , , , , , , , , , , , , , , , , , , , , , ,2,6,1,1,3, , ,1,1,1,3,2, ,2, ,2, ,2, ,2, ,2, ,2, ,2, ,1,3,2, ,2, ,12,2, ,2,2,2,2,2,2,10,7,4, , , , , , , , , , , , ,1,1289.15548651721
2024,01,26470,1,0065,1,1,202401264701006512,1,2,2,1,2, ,2,64,2,2,27,10,1959,2,2,2,2,2,2,2,2,2,2,2,2,2,2,2,2, , , , , , , , , , , , , , , , , , , , , , , , , , , , , , , , , ,2,5,2,2,6, , ,1,3,1,4,1,4,2, ,2, ,2, ,2, ,2, ,2, ,1,5,2, ,2, ,2, ,6,5, ,2,2,2,2,2,2,10,7,4, , , , , , , , , , , , ,1,1185.76689596787
2024,01,26470,1,0065,1,1,202401264701006513,1,3,3,1,2, ,2,23,3,1,10,3,2000,1, , , , , , , , , , , , , , , ,3322,1103,3,5,1, ,5,9998,0,9,9,9,9,9,9,54, ,54,1, ,2, ,2,2,4,1700,150, , , , , , , , , , , , , ,2,1,1,1,2, ,2, ,2, ,2, ,2, ,2, ,2, ,1,1,2, ,2, ,2, ,11,5, ,2,2,2,2,2,2,10,7,1,1700,150, , , , , , ,17,1850,1850,1867,1,1506.06796001865
2024,01,18324,1,0022,1,1,202301183241002211,1,1,1,1,1, ,1,43, , , , , , , , , , , , , , , , , , , , , , , , , , , , , , , , , , , , , , , , , , , , , , , , , , , , , , , , , , , , , , , , , , , , , , , , , , , , , , , , , , , , , , , , , , , , , , , , , , , , , , , , , , , , , , , ,0, 
2024,01,18324,1,0022,1,1,202301183241002212,1,2,2,1,1, ,2,42, , , , , , , , , , , , , , , , , , , , , , , , , , , , , , , , , , , , , , , , , , , , , , , , , , , , , , , , , , , , , , , , , , , , , , , , , , , , , , , , , , , , , , , , , , , , , , , , , , , , , , , , , , , , , , , ,0, 
2024,01,18324,1,0022,1,1,202301183241002213,1,3,3,1,1, ,1,22, , , , , , , , , , , , , , , , , , , , , , , , , , , , , , , , , , , , , , , , , , , , , , , , , , , , , , , , , , , , , , , , , , , , , , , , , , , , , , , , , , , , , , , , , , , , , , , , , , , , , , , , , , , , , , , ,0, 
2024,01,18324,1,0022,1,1,202301183241002214,1,4,3,1,1, ,2,17, , , , , , , , , , , , , , , , , , , , , , , , , , , , , , , , , , , , , , , , , , , , , , , , , , , , , , , , , , , , , , , , , , , , , , , , , , , , , , , , , , , , , , , , , , , , , , , , , , , , , , , , , , , , , , , ,0, 
2024,01,18324,1,0022,1,1,202401183241002216,1,5,11,1,2, ,2,28,5,5,6,12,1995,1, , , , , , , , , , , , , , , ,4417,8549,3,5,1, ,2,30,0,8,8,8,8,8,0,40, ,40,1, ,1,1,1,2,4,1200, , , , , , , , , , , , , , ,1,1,1,1,2, ,2, ,2, ,2, ,2, ,2, ,2, ,1,1,2, ,2, ,2, ,9,3, ,2,2,2,2,2,2,10,9,1,1200, , , , , , , ,166,1200,1200,1366,1,349.595089173263
2024,01,18324,1,0022,1,1,202401183241002217,1,6,11,1,2, ,2,19,6,6,8,8,2004,2,2,2,2,2,2,2,2,2,2,2,2,2,2,2,2, , , , , , , , , , , , , , , , , , , , , , , , , , , , , , , , , ,2,5,1,1,6, , ,2,5,2, ,2, ,2, ,2, ,1,5,2, ,2, ,2, ,2, ,2, ,2, ,2, ,6,5, ,2,2,2,2,2,2,10,7,4, , , , , , , , , , , , ,1,336.756052198379
2024,01,19758,1,0009,1,1,202401197581000911,1,1,1,1,2, ,1,57,1,1,5,9,1966,1, , , , , , , , , , , , , , , ,9622,9499,3,5,2,2,1,4,12,0,12,12,12,12,12,72, ,72,1, ,2, ,2,2,4,1360, , , , , , , , , , , , , , ,1,6,2, ,2, ,2, ,2, ,2, ,2, ,2, ,2, ,2, ,2, ,2, ,2, ,10,2, ,2,2,2,2,2,2,10,7,1,1360, , , , , , , , ,1360,1360,1360,1,1558.3353599449
2024,01,19758,1,0009,1,1,202401197581000912,1,2,2,1,2, ,2,43,2,2,6,7,1980,1, , , , , , , , , , , , , , , ,5212,4772,3,5,2,1,1,7,0,10,10,10,10,10,10,60, ,60,1, ,2, ,2,2,3,600, , , , , , , , , , , , , , ,1,5,2, ,2, ,2, ,2, ,1,5,2, ,2, ,2, ,2, ,2, ,2, ,2, ,6,5, ,2,2,2,2,2,2,10,7,1,1200, , , , , , , , ,1200,1200,1200,1,1889.94909702674
2024,01,20390,1,0021,1,1,202401203901002111,1,1,1,1,2, ,1,28,1,1,9,12,1995,1, , , , , , , , , , , , , , , ,7128,4330,2, ,2,2,1,1,0,0,8,8,8,8,5,37, ,45,2,45,2, ,2,2, , , , , , , , , , , , , , , , ,1,5,2, ,2, ,2, ,2, ,1,5,2, ,2, ,2, ,1,5,2, ,2, ,2, ,4, ,6,2,2,2,2,2,2,10,7,1, , ,2598, , , , , , ,2598,2598,2598,1,737.902800702928
2024,01,20390,1,0021,1,1,202401203901002112,1,2,3,1,2, ,1,5, , , , , , , , , , , , , , , , , , , , , , , , , , , , , , , , , , , , , , , , , , , , , , , , , , , , , , , , , , , , , , , , , , , , , , , , , , , , , , , , , , , , , , , , , , , , , , , , , , , , , , , , , , , , , , , ,1, 
2024,01,17863,1,0057,1,1,202310178631005711,1,1,1,1,2, ,2,55,1,1,23,2,1968,2,2,2,2,2,2,2,2,2,2,2,2,2,2,2,2, , , , , , , , , , , , , , , , , , , , , , , , , , , , , , , , , ,2,5,1,2,6, , ,1,5,2, ,2, ,2, ,2, ,1,5,2, ,2, ,2, ,2, ,2, ,2, ,2, ,6,5, ,2,2,2,2,2,2,10,7,4, , , , , , , , , , , , ,1,245.136858228544
2024,01,17863,1,0057,1,1,202310178631005712,1,2,6,1,2, ,1,93,2,2,17,6,1930,2,2,2,2,2,2,2,2,2,2,2,2,2,2,2,2, , , , , , , , , , , , , , , , , , , , , , , , , , , , , , , , , ,2,8,1,2,3, , ,1,4,2, ,2, ,2, ,1,4,2, ,2, ,2, ,2, ,2, ,2, ,2, ,2, ,5,2, ,2,2,2,2,2,2,10,8,4, , , , , , , , , , , , ,1,266.51066647882
2024,01,17863,1,0057,1,1,202310178631005713,1,3,6,1,2, ,2,95,3,3,8,10,1928,2,2,2,2,2,2,2,2,2,2,2,2,2,2,2,2, , , , , , , , , , , , , , , , , , , , , , , , , , , , , , , , , ,2,8,2,2,3, , ,1,4,2, ,2, ,2, ,1,4,2, ,2, ,2, ,2, ,2, ,2, ,2, ,2, ,3,0, ,2,2,2,2,2,2,10,5,4, , , , , , , , , , , , ,1,245.136858228544
2024,01,17863,1,0057,1,1,202310178631005714,1,4,7,1,2, ,2,68,4,4,9,2,1955,1, , , , , , , , , , , , , , , ,9111,9700,6, , , ,1,1,0,0,0,11,7,11,7,36, ,36,1, ,1,2,2,2,2,90,99, , , , , , , , , , , , , ,1,5,2, ,2, ,2, ,2, ,1,5,2, ,2, ,2, ,2, ,2, ,2, ,2, ,8,1, ,2,2,2,2,2,2,10,7,1,390,429, , , , , , ,16,819,819,835,1,245.136858228544
2024,01,24013,1,0045,1,1,202210240131004511,1,1,1,1,2, ,1,51,1,1,12,11,1972,1, , , , , , , , , , , , , , , ,9622,7710,3,5,1, ,2,50,0,0,8,8,8,8,8,40, ,48,2,48,2, ,2,2,4,1800, , , , , , , , , , , , , , ,1,1,1,1,2, ,2, ,2, ,2, ,2, ,2, ,2, ,2, ,1,1,2, ,2, ,8,2, ,2,2,2,2,2,2,1,7,1,1800, , , , , , , ,492,1800,1800,2292,1,570.738281434689
2024,01,24013,1,0045,1,1,202210240131004512,1,2,2,1,2, ,2,45,2,2,12,4,1978,2,2,2,2,2,2,2,2,2,2,2,2,2,2,2,2, , , , , , , , , , , , , , , , , , , , , , , , , , , , , , , , , ,2,5,1,1,6, , ,1,1,1,4,2, ,2, ,2, ,2, ,2, ,2, ,2, ,2, ,2, ,2, ,2, ,5,1, ,2,2,2,2,2,2,10,9,4, , , , , , , , , , , , ,1,524.965814802678
2024,01,24013,1,0045,1,1,202210240131004513,1,3,3,1,2, ,2,8, , , , , , , , , , , , , , , , , , , , , , , , , , , , , , , , , , , , , , , , , , , , , , , , , , , , , , , , , , , , , , , , , , , , , , , , , , , , , , , , , , , , , , , , , , , , , , , , , , , , , , , , , , , , , , , ,1, 
2024,01,19959,1,0040,1,1,202301199591004011,1,1,1,1,2, ,1,48,1,1,19,5,1975,1, , , , , , , , , , , , , , , ,8322,4922,2, ,3,2,1,1,8,8,8,8,8,8,8,56, ,56,1, ,2, ,2,2, , , , , , , , , , , , , , , , ,1,5,2, ,2, ,2, ,2, ,1,5,2, ,2, ,2, ,1,5,2, ,2, ,2, ,6,5, ,2,2,2,2,2,2,10,7,1, , ,1550, , , , , , ,1550,1550,1550,1,695.20209300765
2024,01,19959,1,0040,1,1,202301199591004012,1,2,2,1,2, ,2,44,2,2,22,4,1979,2,2,2,2,2,2,2,2,2,2,2,2,2,2,2,2, , , , , , , , , , , , , , , , , , , , , , , , , , , , , , , , , ,2,5,1,1,6, , ,1,5,2, ,2, ,2, ,2, ,1,5,2, ,2, ,2, ,2, ,2, ,2, ,2, ,6,5, ,2,2,2,2,2,2,10,7,4, , , , , , , , , , , , ,1,843.141086124983
2024,01,19959,1,0040,1,1,202301199591004013,1,3,3,1,2, ,1,9, , , , , , , , , , , , , , , , , , , , , , , , , , , , , , , , , , , , , , , , , , , , , , , , , , , , , , , , , , , , , , , , , , , , , , , , , , , , , , , , , , , , , , , , , , , , , , , , , , , , , , , , , , , , , , , ,1, 
2024,01,1809401,1,0054,1,1,20230118094011005411,1,1,1,1,2, ,1,71,1,1,9,2,1952,1, , , , , , , , , , , , , , , ,5213,4789,2, ,2,2,1,1,0,0,10,10,10,10,10,50, ,65,2,65,1,2,2,2, , , , , , , , , , , , , , , , ,1,5,2, ,2, ,2, ,2, ,1,5,2, ,2, ,2, ,2, ,1,5,2, ,2, ,6,5, ,2,2,2,2,2,2,1,9,1, , ,1000,50, , , , , ,1050,1050,1050,1,356.522737167245
2024,01,1809401,1,0054,1,1,20230118094011005412,1,2,2,1,2, ,2,61,2,2,24,2,1962,2,2,2,2,2,2,2,2,2,2,2,2,2,2,2,2, , , , , , , , , , , , , , , , , , , , , , , , , , , , , , , , , ,2,5,2,2,6, , ,1,5,2, ,2, ,2, ,2, ,1,5,2, ,2, ,2, ,2, ,2, ,2, ,2, ,4,5, ,2,2,2,2,2,2,1,1,4, , , , , , , , , , , , ,1,327.930078112521
2024,01,47147,1,0002,1,1,202301471471000211,1,1,1,1,2, ,2,64,1,1,10,1,1959,1, , , , , , , , , , , , , , , ,9521,4781,2, ,3,2,1,1,7,0,7,7,7,7,7,42, ,42,1, ,2, ,2,2, , , , , , , , , , , , , , , , ,1,1,1,2,2, ,2, ,2, ,2, ,2, ,2, ,2, ,2, ,1,2,2, ,2, ,3,3, ,2,2,2,2,2,2,10,1,1, , ,856,50, , , , , ,906,906,906,1,627.80635407423
2024,01,47147,1,0002,1,1,202301471471000212,1,2,3,1,2, ,1,26,2,2,3,6,1997,2,1, , , , , , , , , , , , , , ,7513,1074,3,5,1, ,4,500,0,0,0,0,0,0,0,0, ,48,2,48,2, ,2,2,4,1400,9, , , , , , , , , , , , , ,1,1,1,1,2, ,2, ,2, ,2, ,2, ,2, ,2, ,1,1,2, ,2, ,2, ,6,5, ,2,2,2,2,2,2,10,7,1,1400,270, , , , , , ,434,1670,1670,2104,1,841.216045726003
2024,01,2262301,1,0027,1,1,20230122623011002711,1,1,1,1,2, ,2,51,1,1,6,1,1973,1, , , , , , , , , , , , , , , ,5212,4761,2, ,2,1,1,2,5,0,6,6,6,6,0,29, ,60,2,60,2, ,2,2, , , , , , , , , , , , , , , , ,1,5,2, ,2, ,2, ,2, ,1,5,2, ,2, ,2, ,2, ,2, ,2, ,2, ,9,3, ,2,2,2,2,2,2,10,7,1, , ,1050,50, , , , , ,1100,1100,1100,1,594.052801681986
2024,01,2262301,1,0027,1,1,20230122623011002712,1,2,3,1,2, ,1,16,2,2,21,11,2007,1, , , , , , , , , , , , , , , ,5223,4761,4, ,2,1,1,2,3,0,0,2,2,2,0,9, , ,1, ,2, , , , , , , , , , , , ,2,4,2,2,5, , ,1,5,2, ,2, ,2, ,2, ,1,5,2, ,2, ,2, ,2, ,2, ,2, ,2, ,5,4, ,2,2,2,2,2,2,10,7,4, , , , , , , , , , , , ,1,700.195823201548
2024,01,25706,1,0044,1,1,202210257061004411,1,1,1,1,2, ,2,50,1,1,28,3,1973,2,2,2,2,2,2,2,2,2,2,2,2,2,2,2,2, , , , , , , , , , , , , , , , , , , , , , , , , , , , , , , , , ,2,8,1,1,6, , ,1,5,2, ,2, ,2, ,2, ,1,5,2, ,2, ,2, ,2, ,2, ,2, ,2, ,9,3, ,2,2,2,2,2,2,10,7,4, , , , , , , , , , , , ,1,498.453618043638
2024,01,25706,1,0044,1,1,202210257061004412,1,2,6,1,2, ,1,75,2,2,10,5,1948,2,2,2,2,2,2,2,2,2,2,2,2,2,2,2,2, , , , , , , , , , , , , , , , , , , , , , , , , , , , , , , , , ,2,6,1,2,7, , ,1,1,1,3,2, ,2, ,2, ,2, ,2, ,2, ,2, ,1,3,2, ,2, ,2, ,11,5, ,2,2,2,2,2,2,10,7,4, , , , , , , , , , , , ,1,541.91445102775
2024,01,20263,1,0070,1,1,202401202631007011,1,1,1,1,2, ,1,55,1,1,4,2,1968,1, , , , , , , , , , , , , , , ,8322,4922,2, ,3,2,1,1,0,0,10,10,10,10,10,50, ,60,2,60,1,2,2,2, , , , , , , , , , , , , , , , ,1,5,2, ,2, ,2, ,2, ,1,5,2, ,2, ,2, ,2, ,1,5,2, ,2, ,6,5, ,2,2,2,2,2,2,10,7,1, , ,1500, , , , , , ,1500,1500,1500,1,1827.45821705361
2024,01,2247202,1,0029,1,1,20221022472021002911,1,1,1,1,2, ,1,69,1,1,8,10,1954,1, , , , , , , , , , , , , , , ,5212,4773,2, ,3,2,1,1,0,0,0,0,0,8,8,16, ,48,2,48,2, ,2,2, , , , , , , , , , , , , , , , ,1,1,1,3,2, ,2, ,2, ,2, ,2, ,2, ,2, ,2, ,1,3,2, ,2, ,11,5, ,2,2,2,2,2,2,10,7,1, , ,1500, , , , , , ,1500,1500,1500,1,643.615840210324
2024,01,2247202,1,0029,1,1,20221022472021002912,1,2,2,1,2, ,2,65,2,2,6,3,1958,2,2,2,2,2,2,2,2,2,2,2,2,2,2,2,2, , , , , , , , , , , , , , , , , , , , , , , , , , , , , , , , , ,2,5,2,2,7, , ,1,1,1,4,2, ,2, ,2, ,2, ,2, ,2, ,2, ,2, ,2, ,2, ,2, ,8,1, ,2,2,2,2,2,2,10,7,4, , , , , , , , , , , , ,1,591.998688306993
2024,01,2247202,1,0029,1,1,20221022472021002913,1,3,3,1,2, ,1,28,3,3,11,2,1995,1, , , , , , , , , , , , , , , ,4110,8530,3,5,1, ,2,30,0,8,8,8,8,8,8,48, ,48,1, ,2, ,2,2,4,5000, , , , , , , , , , , , , , ,1,1,1,1,2, ,2, ,2, ,2, ,2, ,2, ,2, ,1,1,2, ,2, ,2, ,11,5, ,2,2,2,2,2,2,10,7,1,5000, , , , , , , ,1251,5000,5000,6251,1,793.236309923851
2024,01,2247202,1,0029,1,1,20221022472021002914,1,4,3,1,2, ,1,24,4,4,22,11,1999,2,2,2,2,2,2,2,2,2,2,2,2,2,2,2,2, , , , , , , , , , , , , , , , , , , , , , , , , , , , , , , , , ,2,4,1,1,5, , ,1,5,2, ,2, ,2, ,2, ,1,5,2, ,2, ,2, ,2, ,2, ,2, ,2, ,10,2, ,2,2,2,2,2,2,10,7,4, , , , , , , , , , , , ,1,697.774688916043
2024,01,17938,1,0043,1,1,202401179381004311,1,1,1,1,2, ,2,57,1,1,24,7,1966,2,1, , , , , , , , , , , , , , ,2359,8521,3,5,1, ,3,60,0,0,0,0,0,0,0,0, ,40,2,40,1,1,1,2,4,2000, , , , , , , , , , , , , , ,1,1,1,1,2, ,2, ,2, ,2, ,2, ,2, ,2, ,1,1,2, ,2, ,2, ,6,5, ,2,2,2,2,2,2,10,7,1,2000, , , , , , , ,166,2000,2000,2166,1,613.767508270688
2024,01,17938,1,0043,1,1,202401179381004312,1,2,3,1,1, ,1,33, , , , , , , , , , , , , , , , , , , , , , , , , , , , , , , , , , , , , , , , , , , , , , , , , , , , , , , , , , , , , , , , , , , , , , , , , , , , , , , , , , , , , , , , , , , , , , , , , , , , , , , , , , , , , , , ,0, 
2024,01,17938,1,0043,1,1,202401179381004313,1,3,3,1,2, ,1,32,3,3,3,10,1991,2,2,2,2,2,2,2,2,2,2,2,2,2,2,2,2, , , , , , , , , , , , , , , , , , , , , , , , , , , , , , , , , ,1,5,1,1,13,1,1,1,1,1,2,2, ,2, ,2, ,2, ,2, ,2, ,2, ,1,2,2, ,2, ,2, ,10,4, ,2,2,2,2,2,2,10,7,2, , , , , , , , , , , , ,1,822.404986747749
2024,01,17938,1,0043,1,1,202401179381004314,1,4,3,1,2, ,1,26,4,4,31,7,1997,1, , , , , , , , , , , , , , , ,3114,2220,3,5,1, ,4,300,0,8,8,8,8,8,0,40, ,40,1, ,2, ,2,2,4,1200, , , , , , , , , , , , , , ,1,5,2, ,2, ,2, ,2, ,1,5,2, ,2, ,2, ,2, ,2, ,2, ,2, ,10,4, ,2,2,2,2,2,2,10,7,1,1200, , , , , , , , ,1200,1200,1200,1,822.404986747749
2024,01,25963,1,0113,1,1,202401259631011311,1,1,1,1,2, ,2,45,1,1,16,11,1978,1, , , , , , , , , , , , , , , ,5212,4711,3,5,2,2,1,3,0,10,0,10,10,10,0,40, ,40,1, ,1,1,1,1,2,120,52, , , , , , , , , , , , , ,1,5,2, ,2, ,2, ,2, ,1,5,2, ,2, ,2, ,2, ,2, ,2, ,2, ,6,5, ,2,2,2,2,2,2,10,7,1,520,225, , , , , , , ,745,745,745,1,524.692999377374
2024,01,25963,1,0113,1,1,202401259631011312,1,2,3,1,2, ,1,12, , , , , , , , , , , , , , , , , , , , , , , , , , , , , , , , , , , , , , , , , , , , , , , , , , , , , , , , , , , , , , , , , , , , , , , , , , , , , , , , , , , , , , , , , , , , , , , , , , , , , , , , , , , , , , , ,1, 
2024,01,21632,1,0133,1,1,202310216321013311,1,1,1,1,2, ,1,55,1,1,2,4,1968,1, , , , , , , , , , , , , , , ,8322,4922,2, ,3,2,1,1,10,0,10,10,10,10,10,60, ,60,1, ,2, ,2,2, , , , , , , , , , , , , , , , ,1,1,1,4,2, ,2, ,2, ,2, ,2, ,2, ,2, ,2, ,2, ,2, ,2, ,9,3, ,2,2,2,2,2,2,10,7,1, , ,2200, , , , , , ,2200,2200,2200,1,644.577742751251
2024,01,21632,1,0133,1,1,202310216321013312,1,2,2,1,2, ,2,54,2,2,11,4,1969,2,1, , , , , , , , , , , , , , ,3221,8610,3,5,1, ,4,200,0,0,0,0,0,0,0,0, ,36,2,36,1,2,2,2,4,1900, , , , , , , , , , , , , , ,1,1,1,1,2, ,2, ,2, ,2, ,2, ,2, ,2, ,2, ,1,1,2, ,2, ,9,3, ,2,2,2,2,2,2,10,7,1,1900, , , , , , , ,482,1900,1900,2382,1,592.883447517272
2024,01,21632,1,0133,1,1,202310216321013313,1,3,3,1,2, ,1,19,3,3,2,12,2004,2,2,2,2,2,2,2,2,2,2,2,2,2,2,2,2, , , , , , , , , , , , , , , , , , , , , , , , , , , , , , , , , ,2,4,1,1,1, , ,1,6,2, ,2, ,2, ,2, ,2, ,2, ,2, ,2, ,2, ,2, ,2, ,2, ,8,1, ,2,2,2,2,2,2,10,7,3, , , , , , , , , , , , ,1,698.81753342721
2024,01,21632,1,0133,1,1,202310216321013314,1,4,5,1,2, ,1,5, , , , , , , , , , , , , , , , , , , , , , , , , , , , , , , , , , , , , , , , , , , , , , , , , , , , , , , , , , , , , , , , , , , , , , , , , , , , , , , , , , , , , , , , , , , , , , , , , , , , , , , , , , , , , , , ,1, 
2024,01,17285,1,0087,1,1,202310172851008712,1,1,1,1,2, ,2,43,1,1,15,2,1980,1, , , , , , , , , , , , , , , ,5212,4752,2, ,2,2,1,1,8,8,8,8,8,8,8,56, ,56,1, ,2, ,2,2, , , , , , , , , , , , , , , , ,1,6,2, ,2, ,2, ,2, ,2, ,2, ,2, ,2, ,2, ,2, ,2, ,2, ,6,5, ,2,2,2,2,2,2,10,7,1, , ,1650, , , , , , ,1650,1650,1650,1,298.342423495388
2024,01,17285,1,0087,1,1,202310172851008713,1,2,3,1,2, ,1,17,2,2,19,8,2006,2,2,2,2,2,2,2,2,2,2,2,2,2,2,2,2, , , , , , , , , , , , , , , , , , , , , , , , , , , , , , , , , ,2,5,2,2,3, , ,2,5,2, ,2, ,2, ,2, ,1,5,2, ,2, ,2, ,2, ,2, ,2, ,2, ,6,5, ,2,2,2,2,2,2,10,7,4, , , , , , , , , , , , ,1,266.694659419382
2024,01,17285,1,0087,1,1,202310172851008714,1,3,3,1,2, ,2,4, , , , , , , , , , , , , , , , , , , , , , , , , , , , , , , , , , , , , , , , , , , , , , , , , , , , , , , , , , , , , , , , , , , , , , , , , , , , , , , , , , , , , , , , , , , , , , , , , , , , , , , , , , , , , , , ,1, 
2024,01,17692,1,0006,1,1,202401176921000611,1,1,1,1,2, ,2,31,1,1,4,3,1992,1, , , , , , , , , , , , , , , ,9111,9700,6, , , ,1,1,0,0,8,8,8,0,0,24, ,24,1, ,2, ,2,2,2,150,30, , , , , , , , , , , , , ,1,5,2, ,2, ,2, ,2, ,1,5,2, ,2, ,2, ,2, ,2, ,2, ,2, ,6,5, ,2,2,2,2,2,2,10,7,1,650,130, , , , , , , ,780,780,780,1,626.938446244509
2024,01,17692,1,0006,1,1,202401176921000612,1,2,2,1,2, ,1,36,2,2,18,3,1987,2,2,2,2,2,2,2,2,2,2,2,2,2,2,2,2, , , , , , , , , , , , , , , , , , , , , , , , , , , , , , , , , ,2,5,1,2,7, , ,1,5,2, ,2, ,2, ,2, ,1,5,2, ,2, ,2, ,1,5,2, ,2, ,2, ,6,5, ,2,2,2,2,2,2,10,7,4, , , , , , , , , , , , ,1,637.1058351528
2024,01,17692,1,0006,1,1,202401176921000613,1,3,3,1,2, ,2,11, , , , , , , , , , , , , , , , , , , , , , , , , , , , , , , , , , , , , , , , , , , , , , , , , , , , , , , , , , , , , , , , , , , , , , , , , , , , , , , , , , , , , , , , , , , , , , , , , , , , , , , , , , , , , , , ,1, 
2024,01,17692,1,0006,1,1,202401176921000614,1,4,3,1,2, ,1,4, , , , , , , , , , , , , , , , , , , , , , , , , , , , , , , , , , , , , , , , , , , , , , , , , , , , , , , , , , , , , , , , , , , , , , , , , , , , , , , , , , , , , , , , , , , , , , , , , , , , , , , , , , , , , , , ,1, 
2024,01,17692,1,0006,1,1,202401176921000615,1,5,3,1,2, ,2,3, , , , , , , , , , , , , , , , , , , , , , , , , , , , , , , , , , , , , , , , , , , , , , , , , , , , , , , , , , , , , , , , , , , , , , , , , , , , , , , , , , , , , , , , , , , , , , , , , , , , , , , , , , , , , , , ,1, 
2024,01,47176,1,0020,1,1,202401471761002011,1,1,1,1,2, ,1,29,1,1,5,9,1994,1, , , , , , , , , , , , , , , ,8152,1312,3,5,1, ,5,1000,12,0,0,0,0,0,0,12, ,72,2,72,2, ,2,2,2,260, , , , , , , , , , , , , , ,1,1,1,1,2, ,2, ,2, ,2, ,2, ,2, ,2, ,1,1,2, ,2, ,2, ,6,5, ,2,2,2,2,2,2,10,7,1,1126, , , , , , , ,283,1126,1126,1409,1,1654.42731780248
2024,01,47176,1,0020,1,1,202401471761002012,1,2,2,1,2, ,2,33,2,2,3,12,1990,1, , , , , , , , , , , , , , , ,5131,5610,3,5,2,1,1,5,12,12,0,0,0,0,12,36, ,36,1, ,1,1,1,1,2,120,63, , , , , , , , , , , , , ,1,5,2, ,2, ,2, ,2, ,1,5,2, ,2, ,2, ,2, ,2, ,2, ,2, ,6,5, ,2,2,2,2,2,2,10,9,1,520,273, , , , , , , ,793,793,793,1,1628.02478774786
2024,01,47176,1,0020,1,1,202401471761002013,1,3,3,1,2, ,1,9, , , , , , , , , , , , , , , , , , , , , , , , , , , , , , , , , , , , , , , , , , , , , , , , , , , , , , , , , , , , , , , , , , , , , , , , , , , , , , , , , , , , , , , , , , , , , , , , , , , , , , , , , , , , , , , ,1, 
2024,01,47176,1,0020,1,1,202401471761002014,1,4,3,1,2, ,2,5, , , , , , , , , , , , , , , , , , , , , , , , , , , , , , , , , , , , , , , , , , , , , , , , , , , , , , , , , , , , , , , , , , , , , , , , , , , , , , , , , , , , , , , , , , , , , , , , , , , , , , , , , , , , , , , ,1, 
2024,01,25937,1,0064,1,1,202310259371006411,1,1,1,1,2, ,1,33,1,1,29,12,1990,1, , , , , , , , , , , , , , , ,5223,4721,3,5,3,2,1,2,10,0,10,11,8,10,10,59, ,70,2,70,2, ,2,2,2,300,140, , , , , , , , , , , , , ,1,5,2, ,2, ,2, ,2, ,1,5,2, ,2, ,2, ,2, ,2, ,2, ,2, ,5,3, ,2,2,2,2,2,2,10,7,1,1299,606, , , , , , , ,1905,1905,1905,1,836.502675639873
2024,01,25937,1,0064,1,1,202310259371006412,1,2,2,1,2, ,2,33,2,2,5,6,1990,2,2,2,2,2,2,2,2,2,2,2,2,2,2,2,2, , , , , , , , , , , , , , , , , , , , , , , , , , , , , , , , , ,2,5,2,2,6, , ,1,5,2, ,2, ,2, ,2, ,1,5,2, ,2, ,2, ,2, ,2, ,2, ,2, ,6,5, ,2,2,2,2,2,2,10,7,4, , , , , , , , , , , , ,1,823.153169864249
2024,01,25937,1,0064,1,1,202310259371006413,1,3,3,1,2, ,2,11, , , , , , , , , , , , , , , , , , , , , , , , , , , , , , , , , , , , , , , , , , , , , , , , , , , , , , , , , , , , , , , , , , , , , , , , , , , , , , , , , , , , , , , , , , , , , , , , , , , , , , , , , , , , , , , ,1, 
2024,01,25937,1,0064,1,1,202310259371006414,1,4,3,1,2, ,1,4, , , , , , , , , , , , , , , , , , , , , , , , , , , , , , , , , , , , , , , , , , , , , , , , , , , , , , , , , , , , , , , , , , , , , , , , , , , , , , , , , , , , , , , , , , , , , , , , , , , , , , , , , , , , , , , ,1, 
2024,01,26671,1,0118,1,1,202310266711011811,1,1,1,1,2, ,2,75,1,1,7,3,1948,2,2,2,2,2,2,2,2,2,2,2,2,2,2,2,2, , , , , , , , , , , , , , , , , , , , , , , , , , , , , , , , , ,2,5,2,1,3, , ,1,4,2, ,2, ,2, ,1,3,2, ,2, ,2, ,2, ,2, ,2, ,2, ,1,3,6,5, ,2,2,2,2,2,2,10,7,4, , , , , , , , , , , , ,1,685.550507463076
2024,01,21655,1,0023,1,1,202210216551002313,1,1,1,1,2, ,2,76,1,1,7,7,1947,2,2,2,2,2,2,2,2,2,2,2,2,2,2,2,2, , , , , , , , , , , , , , , , , , , , , , , , , , , , , , , , , ,2,6,1,1,3, , ,1,1,1,3,2, ,2, ,2, ,2, ,2, ,2, ,2, ,2, ,1,3,2, ,2, ,9,3, ,2,2,2,2,2,2,10,7,4, , , , , , , , , , , , ,1,545.880669770824
2024,01,21655,1,0023,1,1,202210216551002311,1,2,3,1,2, ,2,54,2,2,14,12,1969,1, , , , , , , , , , , , , , , ,4417,7490,3,5,1, ,3,80,0,0,9,9,9,9,0,36, ,45,2,45,1,2,2,2,4,3500,600, , , , , , , , , , , , , ,1,3,1,1,2, ,1,1,2, ,2, ,2, ,2, ,2, ,1,1,2, ,2, ,2, ,9,3, ,2,2,2,2,2,2,10,7,1,3500,600, , , , , , ,584,4100,4100,4684,1,545.880669770824
2024,01,21655,1,0023,1,1,202210216551002312,1,3,3,1,2, ,1,23,3,3,13,10,2000,2,2,2,2,2,2,2,2,2,2,2,2,2,2,2,2, , , , , , , , , , , , , , , , , , , , , , , , , , , , , , , , , ,2,4,2,2,5, , ,1,2,2, ,1,4,2, ,2, ,2, ,2, ,2, ,2, ,2, ,2, ,2, ,2, ,10,3, ,2,2,2,2,2,2,10,5,4, , , , , , , , , , , , ,1,643.416483951893
2024,01,29315,1,0013,1,1,202310293151001311,1,1,1,1,2, ,1,29,1,1,9,9,1994,1, , , , , , , , , , , , , , , ,8343,4719,3,5,1, ,5,900,0,0,10,10,0,10,10,40,10,52,2,52,1,2,2,2,4,1600,2, , ,500,30, , , , , , , , , ,1,1,1,1,2, ,2, ,2, ,2, ,2, ,2, ,2, ,1,1,2, ,2, ,2, ,6,5, ,2,2,2,2,2,2,10,7,1,1600,60, , ,500, ,130, ,420,2290,1660,2710,1,1014.32985651674
2024,01,29315,1,0013,1,1,202310293151001312,1,2,2,1,2, ,2,36,2,2,20,6,1987,1, , , , , , , , , , , , , , , ,4321,4719,3,5,1, ,5,600,0,0,8,8,8,8,8,40, ,48,2,48,2, ,2,2,4,1025,3, , , , , , , , , , , , , ,1,1,1,1,2, ,2, ,2, ,2, ,2, ,2, ,2, ,1,1,2, ,2, ,2, ,8,1, ,2,2,2,2,2,2,10,7,1,1025,90, , , , , , ,455,1115,1115,1570,1,998.142457872019
2024,01,29315,1,0013,1,1,202310293151001313,1,3,3,1,2, ,1,15,3,3,1,9,2008,2,2,2,2,2,2,2,2,2,2,2,2,2,2,2,2, , , , , , , , , , , , , , , , , , , , , , , , , , , , , , , , , ,2,5,1,1,4, , ,1,1,1,4,2, ,2, ,2, ,2, ,2, ,2, ,2, ,2, ,2, ,2, ,2, ,5,3, ,2,2,2,2,2,2,10,7,3, , , , , , , , , , , , ,1,892.260844888919
2024,01,29315,1,0013,1,1,202310293151001314,1,4,3,1,2, ,2,7, , , , , , , , , , , , , , , , , , , , , , , , , , , , , , , , , , , , , , , , , , , , , , , , , , , , , , , , , , , , , , , , , , , , , , , , , , , , , , , , , , , , , , , , , , , , , , , , , , , , , , , , , , , , , , , ,1, 
2024,01,29315,1,0013,1,1,202310293151001315,1,5,3,1,2, ,2,6, , , , , , , , , , , , , , , , , , , , , , , , , , , , , , , , , , , , , , , , , , , , , , , , , , , , , , , , , , , , , , , , , , , , , , , , , , , , , , , , , , , , , , , , , , , , , , , , , , , , , , , , , , , , , , , ,1, 
2024,01,22609,1,0021,1,1,202401226091002111,1,1,1,1,2, ,2,46,1,1,3,3,1977,1, , , , , , , , , , , , , , , ,220,8423,3,1, , ,5,9998,8,8,8,5,8,8,8,53, ,53,1, ,2, ,2,2,4,2500,12, , , , , , , , , , , , , ,2,4,2, ,2, ,2, ,1,1,2, ,2, ,2, ,2, ,2, ,2, ,2, ,1,1,9,3, ,2,2,2,2,2,2,10,7,1,2500,360, , , , , , ,67,2860,2860,2927,1,1022.30188396992
2024,01,22609,1,0021,1,1,202401226091002112,1,2,3,1,2, ,2,16,2,1,21,11,2007,2,2,2,2,2,2,2,2,2,2,2,2,2,2,2,2, , , , , , , , , , , , , , , , , , , , , , , , , , , , , , , , , ,2,4,2,2,5, , ,2,4,2, ,2, ,2, ,1,4,2, ,2, ,2, ,2, ,2, ,2, ,2, ,2, ,5,4, ,2,2,2,2,2,2,10,7,4, , , , , , , , , , , , ,1,1298.44754323072
2024,01,22609,1,0021,1,1,202401226091002113,1,3,3,1,2, ,2,14,3,3,18,8,2009,2,2,2,2,2,2,2,2,2,2,2,2,2,2,2,2, , , , , , , , , , , , , , , , , , , , , , , , , , , , , , , , , ,2,4,2,2,3, , ,2,4,2, ,1,4,2, ,1,4,2, ,2, ,2, ,2, ,2, ,2, ,2, ,2, ,5,2, ,2,2,2,2,2,2,10,7,4, , , , , , , , , , , , ,1,1298.44754323072
2024,01,47231,1,0062,1,1,202301472311006211,1,1,1,1,2, ,1,53,1,1,3,7,1970,1, , , , , , , , , , , , , , , ,8332,4923,3,5,1, ,1,8,0,0,8,8,8,8,8,40, ,48,2,48,1,1,1,2,4,2500,45, , , , , , , , , , , , , ,1,1,1,1,2, ,2, ,2, ,2, ,2, ,2, ,2, ,1,1,2, ,2, ,2, ,8,1, ,2,2,2,2,2,2,10,7,1,2500,1350, , , , , , ,707,3850,3850,4557,1,596.163293877418
2024,01,27077,1,0137,1,1,202401270771013711,1,1,1,1,2, ,1,30,1,1,16,1,1993,1, , , , , , , , , , , , , , , ,4416,4100,3,5,1, ,2,40,0,0,8,8,8,8,0,32, ,40,2,40,2, ,2,2,4,5500, , , , , , , , , , , , , , ,1,1,1,1,2, ,2, ,2, ,2, ,2, ,2, ,2, ,1,1,2, ,2, ,2, ,10,1, ,2,2,2,2,2,2,10,7,1,5500, , , , , , , ,1624,5500,5500,7124,1,880.015473214198
2024,01,27077,1,0137,1,1,202401270771013712,1,2,2,1,2, ,2,28,2,2,12,10,1995,1, , , , , , , , , , , , , , , ,2634,9200,3,5,1, ,3,90,0,0,8,8,8,8,0,32, ,40,2,40,2, ,2,2,4,5000, , , , , , , , , , , , , , ,1,3,1,1,1,2,2, ,2, ,2, ,2, ,2, ,2, ,1,1,2, ,2, ,2, ,11,6, ,2,2,2,2,2,2,10,7,1,5000, , , , , , , ,617,5000,5000,5617,1,865.971559208393
2024,01,29309,1,0033,1,1,202310293091003311,1,1,1,1,2, ,1,74,1,1,26,8,1949,2,2,2,2,2,2,2,2,2,2,2,2,2,2,2,2, , , , , , , , , , , , , , , , , , , , , , , , , , , , , , , , , ,2,6,2,2,3, , ,1,1,1,3,2, ,2, ,2, ,2, ,2, ,2, ,2, ,1,3,2, ,2, ,2, ,5,1, ,2,2,2,2,2,2,1,7,4, , , , , , , , , , , , ,1,763.821877240526
2024,01,29309,1,0033,1,1,202310293091003312,1,2,2,1,2, ,2,69,2,2,11,4,1954,2,2,2,2,2,2,2,2,2,2,2,2,2,2,2,2, , , , , , , , , , , , , , , , , , , , , , , , , , , , , , , , , ,2,5,2,2,6, , ,1,1,1,4,2, ,2, ,2, ,2, ,2, ,2, ,2, ,2, ,2, ,2, ,2, ,4,5, ,2,2,2,2,2,2,1,1,4, , , , , , , , , , , , ,1,702.564357767841
2024,01,29309,1,0033,1,1,202310293091003313,1,3,3,1,2, ,1,45,3,3,10,1,1978,1, , , , , , , , , , , , , , , ,9334,4921,3,5,3,2,1,2,0,14,0,0,0,0,0,14, ,24,2,24,2, ,2,2,2,120,10, , , , , , , , , , , , , ,1,5,2, ,2, ,2, ,2, ,1,5,2, ,2, ,2, ,1,5,2, ,2, ,2, ,6,5, ,2,2,2,2,2,2,10,7,1,520,43, , , , , , , ,563,563,563,1,763.821877240526
2024,01,29309,1,0033,1,1,202310293091003315,1,4,3,1,2, ,1,39,4,4,15,10,1984,1, , , , , , , , , , , , , , , ,5213,4781,2, ,3,2,1,1,6,11,11,11,11,11,11,72, ,72,1, ,2, ,2,2, , , , , , , , , , , , , , , , ,1,5,2, ,2, ,2, ,2, ,1,5,2, ,2, ,2, ,1,5,2, ,2, ,2, ,6,5, ,2,2,2,2,2,2,10,1,1, , ,1842, , , , , , ,1842,1842,1842,1,941.386475422026
2024,01,49936,1,0013,1,1,202401499361001311,1,1,1,1,2, ,1,56,1,1,21,9,1967,1, , , , , , , , , , , , , , , ,7127,4322,2, ,3,2,1,1,6,0,0,0,6,6,0,18, ,48,2,48,2, ,2,2, , , , , , , , , , , , , , , , ,1,1,1,2,2, ,2, ,2, ,2, ,2, ,2, ,2, ,2, ,2, ,2, ,2, ,4,5, ,2,2,2,2,2,2,10,9,1, , ,1033, , , , , , ,1033,1033,1033,1,1374.68180769576
2024,01,49936,1,0013,1,1,202401499361001312,1,2,2,1,2, ,2,41,2,2,19,1,1982,1, , , , , , , , , , , , , , , ,9112,8121,2, ,3,2,1,1,0,0,0,8,0,0,8,16, ,24,2,24,2, ,2,2, , , , , , , , , , , , , , , , ,1,5,2, ,2, ,2, ,2, ,1,5,2, ,2, ,2, ,2, ,2, ,2, ,2, ,4, ,6,2,2,2,2,2,2,10,7,1, , ,779, , , , , , ,779,779,779,1,1667.21407210163
2024,01,49936,1,0013,1,1,202401499361001313,1,3,3,1,2, ,2,20,3,3,13,10,2003,1, , , , , , , , , , , , , , , ,9411,5610,2, ,3,2,1,1,4,6,0,0,0,0,0,10,10,20,1, ,2, ,2,2, , , , , , , ,300,15, , , , , , , ,1,5,2, ,2, ,2, ,2, ,1,5,2, ,2, ,2, ,2, ,2, ,2, ,2, ,9,3, ,2,2,2,2,2,2,10,7,1, , ,207,9, ,300, ,15, ,531,216,531,1,1605.984885023
2024,01,49936,1,0013,1,1,202401499361001314,1,4,5,1,2, ,2,3, , , , , , , , , , , , , , , , , , , , , , , , , , , , , , , , , , , , , , , , , , , , , , , , , , , , , , , , , , , , , , , , , , , , , , , , , , , , , , , , , , , , , , , , , , , , , , , , , , , , , , , , , , , , , , , ,1, 
2024,01,22609,1,0018,1,1,202401226091001811,1,1,1,1,2, ,1,54,1,3,9,7,1969,1, , , , , , , , , , , , , , , ,7354,1410,3,5,3,2,1,5,0,8,8,8,9,9,8,50, ,50,1, ,2, ,2,2,2,350, , , , , , , , , , , , , , ,1,5,2, ,2, ,2, ,2, ,1,5,2, ,2, ,2, ,2, ,2, ,2, ,2, ,6,5, ,2,2,2,2,2,2,10,7,1,1516, , , , , , , , ,1516,1516,1516,1,1111.43774301523
2024,01,22609,1,0018,1,1,202401226091001812,1,2,2,1,2, ,2,47,2,2,9,8,1976,2,2,2,2,2,2,2,2,2,2,2,2,2,2,2,2, , , , , , , , , , , , , , , , , , , , , , , , , , , , , , , , , ,2,5,1,1,7, , ,1,5,2, ,2, ,2, ,2, ,1,5,2, ,2, ,2, ,2, ,2, ,2, ,2, ,5,3, ,1,2,2,2,2,2,10,8,3, , , , , , , , , , , , ,1,1022.30188396992
2024,01,22609,1,0018,1,1,202401226091001813,1,3,3,1,2, ,2,28,3,3,16,7,1995,1, , , , , , , , , , , , , , , ,3312,6419,3,5,1, ,5,1000,0,8,8,8,8,8,5,45, ,45,1, ,2, ,2,2,4,2000, , , , , , , , , , , , , , ,1,3,1,1,2, ,1,1,2, ,2, ,2, ,2, ,2, ,2, ,1,1,2, ,2, ,9,3, ,2,2,2,2,2,2,10,7,1,2000, , , , , , , ,417,2000,2000,2417,1,1347.95167510499
2024,01,24146,1,0095,1,1,202401241461009511,1,1,1,1,2, ,2,55,1,1,26,10,1968,1, , , , , , , , , , , , , , , ,5120,5610,2, ,3,2,1,1,0,0,6,0,6,0,0,12, ,12,1, ,2, ,2,2, , , , , , , , , , , , , , , , ,1,6,2, ,2, ,2, ,2, ,2, ,2, ,2, ,2, ,2, ,2, ,2, ,2, ,3,4, ,2,2,2,2,2,2,10,9,1, , ,182, , , , , , ,182,182,182,1,1195.03962444622
2024,01,24146,1,0095,1,1,202401241461009512,1,2,3,1,2, ,1,21,2,2,11,1,2003,1, , , , , , , , , , , , , , , ,9112,8129,3,5,1, ,2,50,0,8,8,8,8,8,8,48, ,48,1, ,2, ,2,2,4,1025, , , , , , , , , , , , , , ,1,1,1,1,2, ,2, ,2, ,2, ,2, ,2, ,2, ,1,1,2, ,2, ,2, ,6,5, ,2,2,2,2,2,2,10,9,1,1025, , , , , , , ,58,1025,1025,1083,1,1408.56461113962
2024,01,24146,1,0095,1,1,202401241461009513,1,3,3,1,2, ,1,25,3,3,31,8,1998,1, , , , , , , , , , , , , , , ,8321,4922,2, ,3,2,1,1,11,11,11,11,11,11,11,77, ,77,1, ,1,1,1,2, , , , , , , , , , , , , , , , ,1,5,2, ,2, ,2, ,2, ,1,5,2, ,2, ,2, ,2, ,2, ,2, ,2, ,5,2, ,2,2,2,2,2,2,10,7,1, , ,1150, , , , , , ,1150,1150,1150,1,1601.26844979921
2024,01,17515,1,0002,1,1,202401175151000211,1,1,1,1,2, ,1,46,1,2,21,9,1977,2,2,2,2,2,2,2,2,2,2,2,2,2,2,2,2, , , , , , , , , , , , , , , , , , , , , , , , , , , , , , , , , ,1, ,1,1,13,5,2,1,5,2, ,2, ,2, ,2, ,1,5,2, ,2, ,2, ,1,5,2, ,2, ,2, ,6,5, ,2,2,2,2,2,2,10,7,2, , , , , , , , , , , , ,1,611.95467016204
2024,01,17515,1,0002,1,1,202401175151000212,1,2,2,1,2, ,2,43,2,2,24,5,1980,1, , , , , , , , , , , , , , , ,4416,2420,3,5,1, ,1,10,0,0,8,8,8,8,0,32, ,40,2,40,2, ,2,2,4,1025, , , , , , , , , , , , , , ,1,1,1,1,2, ,2, ,2, ,2, ,2, ,2, ,2, ,2, ,1,1,2, ,2, ,9,3, ,2,2,2,2,2,2,10,7,1,1025, , , , , , , ,170,1025,1025,1195,1,742.178613167669
2024,01,17515,1,0002,1,1,202401175151000213,1,3,3,1,2, ,2,19,3,3,4,4,2004,2,2,2,2,2,2,2,2,2,2,2,2,2,2,2,2, , , , , , , , , , , , , , , , , , , , , , , , , , , , , , , , , ,2,4,2,2,5, , ,2,6,2, ,2, ,2, ,2, ,2, ,2, ,2, ,2, ,2, ,2, ,2, ,2, ,10,2, ,2,2,2,2,2,2,10,7,4, , , , , , , , , , , , ,1,714.921769603412
2024,01,17515,1,0002,1,1,202401175151000214,1,4,3,1,2, ,1,10, , , , , , , , , , , , , , , , , , , , , , , , , , , , , , , , , , , , , , , , , , , , , , , , , , , , , , , , , , , , , , , , , , , , , , , , , , , , , , , , , , , , , , , , , , , , , , , , , , , , , , , , , , , , , , , ,1, 
2024,01,17648,1,0095,1,1,202210176481009511,1,1,1,1,2, ,1,55,1,1,1,11,1968,1, , , , , , , , , , , , , , , ,4223,6190,2, ,3,2,1,2,8,11,11,11,11,11,12,75, ,75,1, ,2, ,2,2, , , , , , , , , , , , , , , , ,1,5,2, ,2, ,2, ,2, ,1,5,2, ,2, ,2, ,2, ,2, ,2, ,2, ,6,5, ,2,2,2,2,2,2,10,7,1, , ,1450,150, , , , , ,1600,1600,1600,1,280.68266261319
2024,01,17648,1,0095,1,1,202210176481009512,1,2,2,1,2, ,2,45,2,2,30,7,1978,1, , , , , , , , , , , , , , , ,5212,4722,2, ,3,2,1,1,8,8,8,8,8,8,8,56, ,56,1, ,2, ,2,2, , , , , , , , , , , , , , , , ,1,5,2, ,2, ,2, ,2, ,1,5,2, ,2, ,2, ,2, ,2, ,2, ,2, ,6,5, ,2,2,2,2,2,2,1,1,1, , ,600,150, , , , , ,750,750,750,1,258.172278735748
2024,01,17648,1,0095,1,1,202210176481009514,1,3,3,1,2, ,2,16,3,3,26,2,2007,2,2,2,2,2,2,2,2,2,2,2,2,2,2,2,2, , , , , , , , , , , , , , , , , , , , , , , , , , , , , , , , , ,1,5,1,1,13,1,1,1,5,2, ,2, ,2, ,2, ,1,5,2, ,2, ,2, ,2, ,2, ,2, ,2, ,5,4, ,2,1,2,2,2,2,10,7,2, , , , , , , , , , , , ,1,327.910147003673
2024,01,17648,1,0095,1,1,202210176481009515,1,4,3,1,2, ,2,7, , , , , , , , , , , , , , , , , , , , , , , , , , , , , , , , , , , , , , , , , , , , , , , , , , , , , , , , , , , , , , , , , , , , , , , , , , , , , , , , , , , , , , , , , , , , , , , , , , , , , , , , , , , , , , , ,1, 
2024,01,29129,1,0034,1,1,202401291291003411,1,1,1,1,2, ,1,34,1,1,4,6,1989,1, , , , , , , , , , , , , , , ,7127,4322,2, ,3,2,1,1,0,0,6,6,0,0,0,12, ,48,2,48,2, ,2,2, , , , , , , , , , , , , , , , ,1,5,2, ,2, ,2, ,2, ,1,5,2, ,2, ,2, ,2, ,1,5,2, ,2, ,8,1, ,2,2,2,2,2,2,10,7,1, , ,1900, , , , , , ,1900,1900,1900,1,864.782095777112
2024,01,29129,1,0034,1,1,202401291291003412,1,3,11,2, ,2,2,30, , , , , , , , , , , , , , , , , , , , , , , , , , , , , , , , , , , , , , , , , , , , , , , , , , , , , , , , , , , , , , , , , , , , , , , , , , , , , , , , , , , , , , , , , , , , , , , , , , , , , , , , , , , , , , , ,0, 
2024,01,29129,1,0034,1,1,202401291291003413,1,2,3,1,2, ,1,8, , , , , , , , , , , , , , , , , , , , , , , , , , , , , , , , , , , , , , , , , , , , , , , , , , , , , , , , , , , , , , , , , , , , , , , , , , , , , , , , , , , , , , , , , , , , , , , , , , , , , , , , , , , , , , , ,1, 
2024,01,23924,1,0058,1,1,202210239241005811,1,1,1,1,2, ,1,57,1,1,12,5,1966,1, , , , , , , , , , , , , , , ,7111,4100,2, ,3,2,1,1,0,0,8,8,8,8,8,40, ,48,2,48,2, ,2,2, , , , , , , , , , , , , , , , ,1,6,2, ,2, ,2, ,2, ,2, ,2, ,2, ,2, ,2, ,2, ,2, ,2, ,3,3, ,2,2,2,2,2,2,1,1,1, , ,2864, , , , , , ,2864,2864,2864,1,669.533255893191
2024,01,23924,1,0058,1,1,202210239241005812,1,2,2,1,2, ,2,57,2,2,28,10,1966,1, , , , , , , , , , , , , , , ,5213,4781,1, ,3,2,1,3,12,0,12,12,12,12,12,72, ,72,1, ,2, ,2,2, , , , , , , , , , , , , , , , ,1,6,2, ,2, ,2, ,2, ,2, ,2, ,2, ,2, ,2, ,2, ,2, ,2, ,1, , ,2,2,2,2,2,2,1,1,1, , ,969,900, , , , , ,1869,1869,1869,1,615.83756101645
2024,01,23924,1,0058,1,1,202210239241005813,1,3,3,1,2, ,1,28,3,7,4,8,1995,1, , , , , , , , , , , , , , , ,9629,9609,3,5,3,2,1,2,0,6,6,6,6,6,6,36, ,36,1, ,2, ,2,2,2,200, , , , , , , , , , , , , , ,1,5,2, ,2, ,2, ,2, ,1,5,2, ,2, ,2, ,2, ,2, ,2, ,2, ,8,2, ,2,2,2,2,2,2,10,7,1,866, , , , , , , , ,866,866,866,1,825.178710801247
2024,01,23924,1,0058,1,1,202210239241005814,1,4,3,1,2, ,1,39,4,4,6,3,1984,1, , , , , , , , , , , , , , , ,8173,1709,3,5,1, ,4,140,0,0,9,9,9,9,3,39, ,48,2,48,2, ,2,2,3,860, , , , , , , , , , , , , , ,1,1,1,1,2, ,2, ,2, ,2, ,2, ,2, ,2, ,1,1,2, ,2, ,2, ,9,3, ,2,2,2,2,2,2,10,8,1,1720, , , , , , , ,450,1720,1720,2170,1,825.178710801247
2024,01,23924,1,0058,1,1,202210239241005815,1,5,4,1,2, ,2,25,5,5,26,1,1998,2,2,2,2,2,2,2,2,2,2,2,2,2,2,2,2, , , , , , , , , , , , , , , , , , , , , , , , , , , , , , , , , ,2,5,2,1,6, , ,1,5,2, ,2, ,2, ,2, ,1,5,2, ,2, ,2, ,2, ,2, ,2, ,2, ,9,3, ,2,2,2,2,2,2,10,7,4, , , , , , , , , , , , ,1,812.009920925785
2024,01,23924,1,0058,1,1,202310239241005816,1,6,5,1,2, ,2, , , , , , , , , , , , , , , , , , , , , , , , , , , , , , , , , , , , , , , , , , , , , , , , , , , , , , , , , , , , , , , , , , , , , , , , , , , , , , , , , , , , , , , , , , , , , , , , , , , , , , , , , , , , , , , , ,1, 
2024,01,23924,1,0058,1,1,202210239241005816,1,7,3,1,2, ,2,34,7,7,25,3,1989,1, , , , , , , , , , , , , , , ,9111,9700,6, , , ,1,1,0,8,8,8,8,8,5,45, ,45,1, ,2, ,2,2,4,1200,120, , , , , , , , , , , , , ,1,5,2, ,2, ,2, ,2, ,1,5,2, ,2, ,2, ,2, ,2, ,2, ,2, ,9,3, ,2,2,2,2,2,2,10,7,1,1200,520, , , , , , , ,1720,1720,1720,1,812.009920925785
2024,01,23924,1,0058,1,1,202210239241005817,1,8,5,1,2, ,2,9, , , , , , , , , , , , , , , , , , , , , , , , , , , , , , , , , , , , , , , , , , , , , , , , , , , , , , , , , , , , , , , , , , , , , , , , , , , , , , , , , , , , , , , , , , , , , , , , , , , , , , , , , , , , , , , ,1, 
2024,01,23924,1,0058,1,1,202210239241005818,1,9,3,1,2, ,2,30,9,9,17,7,1993,1, , , , , , , , , , , , , , , ,5213,4781,3,5,2,2,1,3,0,0,8,8,8,8,8,40, ,40,1, ,2, ,2,2,4,850, , , , , , , , , , , , , , ,1,5,2, ,2, ,2, ,2, ,1,5,2, ,2, ,2, ,2, ,2, ,2, ,2, ,9,3, ,2,2,2,2,2,2,10,8,1,850, , , , , , , , ,850,850,850,1,812.009920925785
2024,01,23924,1,0058,1,1,202210239241005819,1,10,5,1,2, ,1,11, , , , , , , , , , , , , , , , , , , , , , , , , , , , , , , , , , , , , , , , , , , , , , , , , , , , , , , , , , , , , , , , , , , , , , , , , , , , , , , , , , , , , , , , , , , , , , , , , , , , , , , , , , , , , , , ,1, 
2024,01,23924,1,0058,1,1,2022102392410058110,1,11,3,1,2, ,1,32,11,11,1,12,1991,1, , , , , , , , , , , , , , , ,7111,4100,3,5,3,2,1,2,0,0,8,8,8,8,8,40, ,40,1, ,2, ,2,2,2,600, , , , , , , , , , , , , , ,1,6,2, ,2, ,2, ,2, ,2, ,2, ,2, ,2, ,2, ,2, ,2, ,2, ,6,5, ,2,2,2,2,2,2,10,1,1,2598, , , , , , , , ,2598,2598,2598,1,825.178710801247
2024,01,47725,1,0271,1,1,202401477251027111,1,1,1,1,2, ,2,55,1,1,15,10,1968,2,2,2,2,2,2,2,2,2,2,2,2,2,2,2,2, , , , , , , , , , , , , , , , , , , , , , , , , , , , , , , , , ,2,5,1,2,6, , ,1,6,2, ,2, ,2, ,2, ,2, ,2, ,2, ,2, ,2, ,2, ,2, ,2, ,11,5, ,2,2,2,2,2,2,10,7,4, , , , , , , , , , , , ,1,1143.95195594272
2024,01,47725,1,0271,1,1,202401477251027112,1,2,6,1,2, ,2,79,2,1,7,10,1944,2,2,2,2,2,2,2,2,2,2,2,2,2,2,2,2, , , , , , , , , , , , , , , , , , , , , , , , , , , , , , , , , ,2,6,2,2,3, , ,1,1,1,3,2, ,2, ,2, ,2, ,2, ,2, ,2, ,2, ,1,3,2, ,2, ,3,3, ,1,2,2,2,1,1,10,7,4, , , , , , , , , , , , ,1,1143.95195594272
2024,01,2247202,1,0032,1,1,20221022472021003211,1,1,1,1,2, ,1,61,1,1,2,2,1962,1, , , , , , , , , , , , , , , ,8189,7830,3,4,1, ,5,3000,11,0,11,5,7,5,7,46,24,70,1, ,2, ,2,2,3,700, , , , , , , , , , , , , , ,1,1,1,1,2, ,2, ,2, ,2, ,2, ,2, ,2, ,1,1,2, ,2, ,2, ,6,5, ,2,2,2,2,2,2,10,6,1,1400, , , , , , , ,376,1400,1400,1776,1,643.615840210324
2024,01,2247202,1,0032,1,1,20221022472021003212,1,2,2,1,2, ,2,59,2,2,16,6,1964,1, , , , , , , , , , , , , , , ,5212,4711,2, ,2,2,1,2,10,6,10,10,10,10,10,66, ,70,2,70,2, ,2,2, , , , , , , , , , , , , , , , ,1,1,1,4,2, ,2, ,2, ,2, ,2, ,2, ,2, ,2, ,2, ,2, ,2, ,9,3, ,2,2,2,2,2,2,1,1,1, , ,1300,300, , , , , ,1600,1600,1600,1,591.998688306993
2024,01,2247202,1,0032,1,1,20221022472021003213,1,3,3,1,2, ,2,24,3,3,13,5,1999,1, , , , , , , , , , , , , , , ,3123,4210,3,5,1, ,4,200,0,9,9,9,9,9,9,54, ,54,2,48,2, ,2,2,4,1800, , , , , , , , , , , , , , ,1,1,1,1,2, ,2, ,2, ,2, ,2, ,2, ,2, ,1,1,2, ,2, ,2, ,11,5, ,2,2,2,2,2,2,10,7,1,1800, , , , , , , ,533,1800,1800,2333,1,751.910227772446
2024,01,21063,1,0100,1,1,202301210631010011,1,1,1,1,2, ,1,45,1,1,29,1,1978,1, , , , , , , , , , , , , , , ,5414,8010,3,4,1, ,4,500,12,12,0,12,12,12,12,72,5,77,1, ,2, ,2,2,4,1750, , , , , ,1299, , , , , , , , ,1,1,1,1,2, ,2, ,2, ,2, ,2, ,2, ,2, ,2, ,1,1,2, ,2, ,6,5, ,2,2,2,2,2,2,10,7,1,1750, , , , ,1299, , ,452,3049,1750,3501,1,764.050732972272
2024,01,21063,1,0100,1,1,202301210631010012,1,2,2,1,2, ,2,34,2,2,8,8,1989,1, , , , , , , , , , , , , , , ,9412,5610,3,5,2,2,1,3,0,0,7,7,7,7,7,35, ,42,2,42,2, ,2,2,2,125,60, , , , , , , , , , , , , ,1,6,2, ,2, ,2, ,2, ,2, ,2, ,2, ,2, ,2, ,2, ,2, ,2, ,3, ,5,2,2,2,2,2,2,10,9,1,541,260, , , , , , , ,801,801,801,1,926.640715458465
2024,01,21063,1,0100,1,1,202301210631010013,1,3,3,1,2, ,2,19,3,3,8,11,2004,2,2,2,2,2,2,2,2,2,2,2,2,2,2,2,2, , , , , , , , , , , , , , , , , , , , , , , , , , , , , , , , , ,2,4,1,1,5, , ,1,6,2, ,2, ,2, ,2, ,2, ,2, ,2, ,2, ,2, ,2, ,2, ,2, ,10,2, ,2,2,2,2,2,2,10,7,4, , , , , , , , , , , , ,1,892.60941817583
2024,01,21063,1,0100,1,1,202301210631010014,1,4,3,1,2, ,1,11, , , , , , , , , , , , , , , , , , , , , , , , , , , , , , , , , , , , , , , , , , , , , , , , , , , , , , , , , , , , , , , , , , , , , , , , , , , , , , , , , , , , , , , , , , , , , , , , , , , , , , , , , , , , , , , ,1, 
2024,01,21063,1,0100,1,1,202301210631010015,1,5,3,1,2, ,1,7, , , , , , , , , , , , , , , , , , , , , , , , , , , , , , , , , , , , , , , , , , , , , , , , , , , , , , , , , , , , , , , , , , , , , , , , , , , , , , , , , , , , , , , , , , , , , , , , , , , , , , , , , , , , , , , ,1, 
2024,01,21063,1,0100,1,1,202301210631010016,1,6,6,1,2, ,2,72,6,1,3,11,1951,2,2,2,2,2,2,2,2,2,2,2,2,2,2,2,2, , , , , , , , , , , , , , , , , , , , , , , , , , , , , , , , , ,2,7,2,2,7, , ,1,1,1,4,2, ,2, ,2, ,2, ,2, ,2, ,2, ,2, ,2, ,2, ,2, ,9,3, ,1,2,1,2,2,2,10,7,4, , , , , , , , , , , , ,1,702.774859568047
2024,01,19333,1,0040,1,1,202301193331004011,1,1,1,1,2, ,1,48,1,1,24,6,1975,1, , , , , , , , , , , , , , , ,5141,9602,1, ,2,2,1,2,14,12,12,12,12,12,12,86, ,86,2,72,1,1,1,2, , , , , , , , , , , , , , , , ,1,5,2, ,2, ,2, ,2, ,1,5,2, ,2, ,2, ,1,5,2, ,2, ,2, ,6,5, ,2,2,2,2,2,2,10,7,1, , ,1000, , , , , , ,1000,1000,1000,1,544.12138845467
2024,01,2153301,1,0046,1,1,20230121533011004611,1,1,1,1,2, ,2,64,1,1,2,11,1959,1, , , , , , , , , , , , , , , ,9111,9700,6, , , ,1,1,0,0,7,7,7,7,7,35, ,54,2,54,1,2,2,2,4,180,6, , , , , , , , , , , , , ,1,1,1,4,2, ,2, ,2, ,2, ,2, ,2, ,2, ,1,5,2, ,2, ,2, ,4,5, ,2,2,2,2,2,2,10,7,1,180,180, , , , , , , ,360,360,360,1,594.741298873054
2024,01,17902,1,0063,1,1,202401179021006312,1,1,1,1,2, ,2,72,1,1,28,9,1951,2,2,2,2,2,2,2,2,2,2,2,2,2,2,2,2, , , , , , , , , , , , , , , , , , , , , , , , , , , , , , , , , ,2,5,2,2,6, , ,1,1,1,4,2, ,2, ,2, ,2, ,2, ,2, ,2, ,2, ,2, ,2, ,2, ,5,3, ,2,2,2,2,2,2,10,7,4, , , , , , , , , , , , ,1,567.512994289062
2024,01,17902,1,0063,1,1,202401179021006313,1,2,3,1,2, ,1,40,2,2,21,9,1983,1, , , , , , , , , , , , , , , ,8322,4922,2, ,3,2,1,1,11,8,12,12,12,12,12,79, ,79,2,72,1,1,1,2, , , , , , , , , , , , , , , , ,1,6,2, ,2, ,2, ,2, ,2, ,2, ,2, ,2, ,2, ,2, ,2, ,2, ,6,5, ,2,2,2,2,2,2,10,7,1, , ,1400, , , , , , ,1400,1400,1400,1,760.4272143087
2024,01,17902,1,0063,1,1,202401179021006314,1,3,3,1,2, ,2,30,3,3,13,7,1993,1, , , , , , , , , , , , , , , ,4223,8620,3,5,1, ,2,30,0,0,8,8,8,8,8,40, ,40,1, ,1,2,2,2,4,1050, , , , , , , , , , , , , , ,1,5,2, ,2, ,2, ,2, ,1,5,2, ,2, ,2, ,2, ,2, ,2, ,2, ,6,5, ,2,2,2,2,2,2,10,7,1,1050, , , , , , , , ,1050,1050,1050,1,748.291774955095
2024,01,17902,1,0063,1,1,202401179021006315,1,4,7,1,2, ,2,65,4,4,7,2,1958,2,2,2,2,2,2,2,2,2,2,2,2,2,2,2,2, , , , , , , , , , , , , , , , , , , , , , , , , , , , , , , , , ,2,5,1,2,6, , ,1,6,2, ,2, ,2, ,2, ,2, ,2, ,2, ,2, ,2, ,2, ,2, ,2, ,5,3, ,2,2,2,2,2,2,10,7,4, , , , , , , , , , , , ,1,567.512994289062
2024,01,19826,1,0050,1,1,202301198261005011,1,1,1,1,2, ,2,43,1,1,22,6,1980,1, , , , , , , , , , , , , , , ,2145,2100,3,5,1, ,4,250,0,0,0,12,0,0,12,24, ,48,2,48,2, ,2,2,4,4000, , , , , , , , , , , , , , ,1,3,1,1,2, ,1,1,2, ,2, ,2, ,2, ,2, ,1,1,2, ,2, ,2, ,11,5, ,2,2,2,2,2,2,10,7,1,4000, , , , , , , ,999,4000,4000,4999,1,717.621499858968
2024,01,19826,1,0050,1,1,202301198261005012,1,2,2,1,2, ,1,43,2,1,6,8,1980,1, , , , , , , , , , , , , , , ,2521,4100,3,5,1, ,3,70,0,0,0,8,8,8,0,24, ,40,2,40,2, ,2,2,4,3500, , , , , , , , , , , , , , ,1,6,2, ,2, ,2, ,2, ,2, ,2, ,2, ,2, ,1,5,2, ,2, ,2, ,11,5, ,2,2,2,2,2,2,10,7,1,3500, , , , , , , , ,3500,3500,3500,1,729.259543309204
2024,01,19826,1,0050,1,1,202301198261005013,1,3,3,1,2, ,1,10, , , , , , , , , , , , , , , , , , , , , , , , , , , , , , , , , , , , , , , , , , , , , , , , , , , , , , , , , , , , , , , , , , , , , , , , , , , , , , , , , , , , , , , , , , , , , , , , , , , , , , , , , , , , , , , ,1, 
2024,01,19826,1,0050,1,1,202301198261005014,1,4,3,1,2, ,1,6, , , , , , , , , , , , , , , , , , , , , , , , , , , , , , , , , , , , , , , , , , , , , , , , , , , , , , , , , , , , , , , , , , , , , , , , , , , , , , , , , , , , , , , , , , , , , , , , , , , , , , , , , , , , , , , ,1, 
2024,01,47318,1,0021,1,1,202310473181002113,1,1,1,1,2, ,2,28,1,1,20,6,1995,1, , , , , , , , , , , , , , , ,4222,8220,3,5,1, ,5,2000,0,0,8,8,8,8,8,40, ,40,1, ,2, ,2,2,4,1025, , , , , , , , , , , , , , ,1,1,1,1,2, ,2, ,2, ,2, ,2, ,2, ,2, ,1,1,2, ,2, ,2, ,10,1, ,2,1,2,2,2,2,10,7,1,1025, , , , , , , ,50,1025,1025,1075,1,810.985620194864
2024,01,47318,1,0021,1,1,202310473181002112,1,2,7,1,2, ,2,18,2,2,28,1,2005,1, , , , , , , , , , , , , , , ,4222,8220,3,5,1, ,4,400,0,0,8,8,8,8,0,32, ,40,2,40,2, ,2,2,4,1025, , , , , , , , , , , , , , ,2,1,1,1,2, ,2, ,2, ,2, ,2, ,2, ,2, ,1,1,2, ,2, ,2, ,6,5, ,2,1,2,2,2,2,10,7,1,1025, , , , , , , , ,1025,1025,1025,1,781.201808332962
2024,01,47318,1,0021,1,1,202310473181002111,1,3,7,1,1, ,1,25, , , , , , , , , , , , , , , , , , , , , , , , , , , , , , , , , , , , , , , , , , , , , , , , , , , , , , , , , , , , , , , , , , , , , , , , , , , , , , , , , , , , , , , , , , , , , , , , , , , , , , , , , , , , , , , ,0, 
2024,01,21009,1,0046,1,1,202210210091004611,1,1,1,1,2, ,1,26,1,1,26,5,1997,1, , , , , , , , , , , , , , , ,4323,1104,3,5,1, ,5,1000,5,0,8,8,8,8,8,45, ,48,2,48,2, ,2,2,4,1800, , , , , , , , , , , , , , ,1,3,1,1,2, ,1,1,2, ,2, ,2, ,2, ,2, ,1,1,2, ,2, ,2, ,10,2, ,2,2,2,2,2,2,10,7,1,1800, , , , , , , ,475,1800,1800,2275,1,846.040307146946
2024,01,21009,1,0046,1,1,202210210091004612,1,2,2,1,2, ,2,34,2,2,12,2,1989,1, , , , , , , , , , , , , , , ,5212,4772,3,5,1, ,1,6,8,0,8,8,8,8,8,48, ,48,1, ,2, ,2,2,4,1600, , , , , , , , , , , , , , ,1,1,1,1,2, ,2, ,2, ,2, ,2, ,2, ,2, ,1,1,2, ,2, ,2, ,9,3, ,2,2,2,2,2,2,10,7,1,1600, , , , , , , , ,1600,1600,1600,1,832.538593051376
2024,01,21009,1,0046,1,1,202210210091004613,1,3,3,1,2, ,2,3, , , , , , , , , , , , , , , , , , , , , , , , , , , , , , , , , , , , , , , , , , , , , , , , , , , , , , , , , , , , , , , , , , , , , , , , , , , , , , , , , , , , , , , , , , , , , , , , , , , , , , , , , , , , , , , ,1, 
2024,01,21009,1,0046,1,1,202301210091004614,1,4,3,1,2, ,2, , , , , , , , , , , , , , , , , , , , , , , , , , , , , , , , , , , , , , , , , , , , , , , , , , , , , , , , , , , , , , , , , , , , , , , , , , , , , , , , , , , , , , , , , , , , , , , , , , , , , , , , , , , , , , , , ,1, 
2024,01,27169,1,0060,1,1,202301271691006011,1,1,1,1,2, ,2,61,1,1,10,2,1962,1, , , , , , , , , , , , , , , ,4224,9602,3,5,1, ,2,25,0,8,8,8,8,8,8,48, ,48,1, ,2, ,2,2,2,350, , , , , , , , , , , , , , ,1,1,1,1,2, ,2, ,2, ,2, ,2, ,2, ,2, ,1,1,2, ,2, ,2, ,11,5, ,2,2,2,2,2,2,10,7,1,1516, , , , , , , ,84,1516,1516,1600,1,582.319124142993
2024,01,27169,1,0060,1,1,202301271691006012,1,2,3,1,2, ,2,23,2,2,22,7,2000,1, , , , , , , , , , , , , , , ,3431,7310,3,5,1, ,1,9,0,8,8,8,8,8,0,40, ,40,1, ,2, ,2,2,4,1650, , , , , , , , , , , , , , ,1,1,1,1,2, ,2, ,2, ,2, ,2, ,2, ,2, ,1,1,2, ,2, ,2, ,9,3, ,2,2,2,2,2,2,10,7,1,1650, , , , , , , , ,1650,1650,1650,1,739.616005776608
2024,01,19612,1,0021,1,1,202310196121002111,1,1,1,1,2, ,2,53,1,1,15,6,1970,1, , , , , , , , , , , , , , , ,4416,4100,3,5,1, ,1,15,0,0,6,6,6,6,6,30,10,48,2,48,1,1,1,2,4,1800, , , , , ,150, , , , , , , , ,1,1,1,1,2, ,2, ,2, ,2, ,2, ,2, ,2, ,2, ,1,1,2, ,2, ,9,3, ,2,2,2,2,2,2,10,7,1,1800, , , , ,150, , ,450,1950,1800,2400,1,618.675064878263
2024,01,19612,1,0021,1,1,202310196121002112,1,2,3,1,2, ,2,19,2,1,14,5,2004,2,2,2,2,2,2,2,2,2,2,2,2,2,2,2,2, , , , , , , , , , , , , , , , , , , , , , , , , , , , , , , , , ,2,4,1,1,5, , ,1,6,2, ,2, ,2, ,2, ,2, ,2, ,2, ,2, ,2, ,2, ,2, ,2, ,10,1, ,2,2,2,2,2,2,10,7,4, , , , , , , , , , , , ,1,785.792465655794
2024,01,2609501,1,0129,1,1,20230126095011012911,1,1,1,1,2, ,1,60,1,1,17,2,1963,1, , , , , , , , , , , , , , , ,5243,4791,2, ,2,2,1,1,6,0,0,8,8,8,8,38, ,50,2,50,1,1,1,2, , , , , , , , , , , , , , , , ,1,1,1,5,2, ,2, ,2, ,2, ,2, ,2, ,2, ,2, ,2, ,2, ,2, ,11,6, ,2,2,2,2,2,2,10,7,1, , ,2414, , , , , , ,2414,2414,2414,1,687.92249008826
2024,01,2609501,1,0129,1,1,20230126095011012912,1,2,2,1,2, ,2,50,2,2,11,10,1973,2,2,2,2,2,2,1,2,2,2,2,2,2,2,2, ,9533,4799,2, ,3,2,1,1,1,0,1,1,1,1,1,6, ,8,2,8,1,1,1,2, , , , , , , , , , , , , , , , ,1,1,1,4,2, ,2, ,2, ,2, ,2, ,2, ,2, ,2, ,2, ,2, ,2, ,9,3, ,2,2,2,2,2,2,10,7,1, , ,100, , , , , , ,100,100,100,1,632.752002585963
2024,01,2609501,1,0129,1,1,20230126095011012913,1,3,3,1,2, ,1,26,3,3,13,11,1997,1, , , , , , , , , , , , , , , ,3321,6512,3,5,1, ,5,3000,0,0,8,8,8,8,8,40, ,48,2,48,2, ,2,2,4,1800, , , , , , , , , , , , , , ,1,1,1,1,2, ,2, ,2, ,2, ,2, ,2, ,2, ,1,1,2, ,2, ,2, ,11,5, ,2,2,2,2,2,2,10,7,1,1800, , , , , , , ,375,1800,1800,2175,1,847.842864421914
2024,01,2609501,1,0129,1,1,20230126095011012914,1,4,3,1,2, ,2,14,4,2,29,4,2009,2,2,2,2,2,2,2,2,2,2,2,2,2,2,2,2, , , , , , , , , , , , , , , , , , , , , , , , , , , , , , , , , ,2,7,2,2,7, , ,2,1,1,4,2, ,2, ,2, ,2, ,2, ,2, ,2, ,2, ,2, ,2, ,2, ,4, ,6,2,2,2,2,1,1,10,7,4, , , , , , , , , , , , ,1,803.671886078845
2024,01,2644601,1,0018,1,1,20231026446011001811,1,1,1,1,2, ,1,69,1,1,13,5,1954,1, , , , , , , , , , , , , , , ,1169,9499,3,5,1, ,1,12,0,8,8,8,8,8,0,40, ,40,1, ,2, ,2,2,4,6000, , , , , , , , , , , , , , ,1,1,1,1,2, ,2, ,2, ,2, ,2, ,2, ,2, ,1,1,2, ,2, ,2, ,12,2, ,2,2,2,2,2,2,10,7,1,6000, , , , , , , ,1500,6000,6000,7500,1,572.435995858105
2024,01,2644601,1,0018,1,1,20231026446011001812,1,2,2,1,2, ,2,56,2,1,21,7,1967,1, , , , , , , , , , , , , , , ,2251,8620,2, ,2,1,1,1,0,6,4,5,2,3,0,20, ,20,1, ,2, ,2,2, , , , , , , , , , , , , , , , ,1,2,2, ,1,4,2, ,2, ,2, ,2, ,2, ,2, ,2, ,2, ,2, ,2, ,11,5, ,2,2,2,2,2,2,10,7,1, , ,3600, , , , , , ,3600,3600,3600,1,526.527374741063
2024,01,24962,1,0003,1,1,202301249621000311,1,1,1,1,2, ,2,83,1,1,20,4,1940,1, , , , , , , , , , , , , , , ,9629,9609,2, ,3,2,1,1,0,8,8,8,8,8,0,40, ,40,1, ,2, ,2,2, , , , , , , , , , , , , , , , ,1,5,2, ,2, ,2, ,2, ,1,5,2, ,2, ,2, ,2, ,2, ,2, ,2, ,1, , ,2,2,2,2,2,2,1,1,1, , ,50, , , , , , ,50,50,50,1,465.902985080832
2024,01,24962,1,0003,1,1,202301249621000312,1,2,2,1,2, ,1,86,2,2,6,4,1937,2,2,2,2,2,2,2,2,2,2,2,2,2,2,2,2, , , , , , , , , , , , , , , , , , , , , , , , , , , , , , , , , ,2,7,2,2,7, , ,1,5,2, ,2, ,2, ,2, ,1,5,2, ,2, ,2, ,2, ,2, ,2, ,2, ,1, , ,1,2,1,1,1,2,13,1,4, , , , , , , , , , , , ,1,506.525685144421
2024,01,24962,1,0003,1,1,202401249621000313,1,3,3,1,2, ,2,54,3,3,12,9,1969,2,2,2,2,2,2,2,2,2,2,2,2,2,2,2,2, , , , , , , , , , , , , , , , , , , , , , , , , , , , , , , , , ,2,5,2,2,6, , ,1,5,2, ,2, ,2, ,2, ,1,5,2, ,2, ,2, ,2, ,2, ,2, ,2, ,1, , ,2,2,1,1,2,2,13,1,4, , , , , , , , , , , , ,1,465.902985080832
2024,01,25706,1,0047,1,1,202210257061004711,1,1,1,1,2, ,2,72,1,1,1,7,1951,2,2,2,2,2,2,2,2,2,2,2,2,2,2,2,2, , , , , , , , , , , , , , , , , , , , , , , , , , , , , , , , , ,2,5,1,2,3, , ,1,1,1,4,2, ,2, ,2, ,2, ,2, ,2, ,2, ,2, ,2, ,2, ,2, ,6,5, ,2,2,2,2,2,2,10,7,4, , , , , , , , , , , , ,1,498.453618043638
2024,01,25706,1,0047,1,1,202210257061004712,1,2,3,1,2, ,1,33,2,2,2,9,1990,1, , , , , , , , , , , , , , , ,5212,8299,3,4,1, ,2,25,0,0,0,8,8,8,8,32, ,48,2,48,2, ,2,1,3,1200, , , , , , , , , , , , , , ,1,5,2, ,2, ,2, ,2, ,1,5,2, ,2, ,2, ,1,5,2, ,2, ,2, ,6,5, ,2,2,2,2,2,2,10,7,1,2400, , , , , , , , ,2400,2400,2400,1,667.892541748488
2024,01,25706,1,0047,1,1,202210257061004713,1,3,5,1,2, ,1,4, , , , , , , , , , , , , , , , , , , , , , , , , , , , , , , , , , , , , , , , , , , , , , , , , , , , , , , , , , , , , , , , , , , , , , , , , , , , , , , , , , , , , , , , , , , , , , , , , , , , , , , , , , , , , , , ,1, 
2024,01,47802,1,0042,1,1,202301478021004211,1,1,1,1,2, ,1,37,1,1,15,9,1986,1, , , , , , , , , , , , , , , ,3513,9511,2, ,2,2,1,1,0,0,10,10,10,10,10,50, ,60,2,60,2, ,2,2, , , , , , , , , , , , , , , , ,1,5,2, ,2, ,2, ,2, ,1,5,2, ,2, ,2, ,2, ,2, ,2, ,2, ,9,3, ,2,2,2,2,2,2,1,1,1, , ,1100, , , , , , ,1100,1100,1100,1,896.749303417907
2024,01,47802,1,0042,1,1,202301478021004212,1,2,2,1,2, ,2,33,2,2,22,10,1990,2,2,2,2,2,2,2,2,2,2,2,2,2,2,2,2, , , , , , , , , , , , , , , , , , , , , , , , , , , , , , , , , ,2,5,2,2,7, , ,1,5,2, ,2, ,2, ,2, ,1,5,2, ,2, ,2, ,2, ,1,5,2, ,2, ,6,5, ,2,2,2,2,2,2,10,7,4, , , , , , , , , , , , ,1,882.438339025465
2024,01,21655,1,0020,1,1,202210216551002011,1,1,1,1,2, ,1,78,1,1,2,7,1945,2,2,2,2,2,2,2,2,2,2,2,2,2,2,2,2, , , , , , , , , , , , , , , , , , , , , , , , , , , , , , , , , ,2,6,1,2,7, , ,1,1,1,3,2, ,2, ,2, ,2, ,2, ,2, ,2, ,2, ,2, ,1,3,2, ,9,5, ,2,2,2,2,2,2,10,7,4, , , , , , , , , , , , ,1,593.476730385812
2024,01,21655,1,0020,1,1,202210216551002012,1,2,2,1,2, ,2,69,2,2,10,4,1954,2,2,2,2,2,2,2,2,2,2,2,2,2,2,2,2, , , , , , , , , , , , , , , , , , , , , , , , , , , , , , , , , ,2,8,2,1,11, , ,1,1,1,4,2, ,2, ,2, ,2, ,2, ,2, ,2, ,2, ,2, ,2, ,2, ,6,5, ,2,2,2,2,2,2,10,7,4, , , , , , , , , , , , ,1,545.880669770824
2024,01,1801902,1,0097,1,1,20231018019021009711,1,1,1,1,2, ,1,61,1,1,24,9,1962,2,2,2,2,2,2,2,2,2,2,2,2,2,2,2,2, , , , , , , , , , , , , , , , , , , , , , , , , , , , , , , , , ,2,6,2,2,7, , ,1,4,2, ,2, ,2, ,1,3,2, ,2, ,2, ,2, ,2, ,2, ,2, ,1,3,9,3, ,2,2,2,2,2,2,1,1,4, , , , , , , , , , , , ,1,401.505308961858
2024,01,1801902,1,0097,1,1,20231018019021009712,1,2,3,1,2, ,2,34,2,2,25,2,1989,1, , , , , , , , , , , , , , , ,2611,6910,2, ,2,1,1,1,0,5,5,5,5,5,5,30, ,30,1, ,1,1,1,1, , , , , , , , , , , , , , , , ,1,5,2, ,2, ,2, ,2, ,1,5,2, ,2, ,2, ,2, ,2, ,2, ,2, ,11,6, ,2,2,2,2,2,2,10,7,1, , ,1400, , , , , , ,1400,1400,1400,1,486.945631619845
2024,01,47147,1,0007,1,1,202301471471000711,1,1,1,1,2, ,2,71,1,1,15,6,1952,2,2,2,2,2,2,2,2,2,2,2,2,2,2,2,2, , , , , , , , , , , , , , , , , , , , , , , , , , , , , , , , , ,2,5,2,2,7, , ,1,1,1,4,2, ,2, ,2, ,2, ,2, ,2, ,2, ,2, ,1,4,2, ,2, ,4,5, ,2,2,2,2,2,2,1,1,4, , , , , , , , , , , , ,1,627.80635407423
2024,01,47147,1,0007,1,1,202301471471000712,1,3,3,1,1, ,2,44, , , , , , , , , , , , , , , , , , , , , , , , , , , , , , , , , , , , , , , , , , , , , , , , , , , , , , , , , , , , , , , , , , , , , , , , , , , , , , , , , , , , , , , , , , , , , , , , , , , , , , , , , , , , , , , ,0, 
2024,01,47147,1,0007,1,1,202301471471000714,1,4,5,1,1, ,1,19, , , , , , , , , , , , , , , , , , , , , , , , , , , , , , , , , , , , , , , , , , , , , , , , , , , , , , , , , , , , , , , , , , , , , , , , , , , , , , , , , , , , , , , , , , , , , , , , , , , , , , , , , , , , , , , ,0, 
2024,01,47147,1,0007,1,1,202401471471000714,1,2,3,1,2, ,1,36,2,2,15,5,1987,1, , , , , , , , , , , , , , , ,7111,4100,2, ,3,2,1,1,0,0,0,8,8,8,0,24, ,48,2,48,2, ,2,1, , , , , , , , , , , , , , , , ,1,5,2, ,2, ,2, ,2, ,1,5,2, ,2, ,2, ,2, ,2, ,2, ,2, ,6,5, ,2,2,2,2,2,2,10,7,1, , ,2000, , , , , , ,2000,2000,2000,1,841.216045726003
2024,01,22176,1,0086,1,1,202401221761008611,1,1,1,1,2, ,1,44,1,1,20,8,1979,1, , , , , , , , , , , , , , , ,5414,8010,3,4,1, ,4,150,12,12,12,12,0,12,12,72, ,72,1, ,2, ,2,2,4,1200, , , , , , , , , , , , , , ,1,5,2, ,2, ,2, ,2, ,1,5,2, ,2, ,2, ,2, ,1,5,2, ,2, ,6,5, ,2,2,2,2,2,2,1,1,1,1200, , , , , , , ,50,1200,1200,1250,1,1359.11787793798
2024,01,22176,1,0086,1,1,202401221761008612,1,2,2,1,2, ,2,43,2,2,2,1,1981,1, , , , , , , , , , , , , , , ,5120,5610,3,5,1, ,4,200,0,0,8,8,8,8,8,40, ,48,2,48,2, ,2,2,4,1300,10, , , , , , , , , , , , , ,1,1,1,1,2, ,2, ,2, ,2, ,2, ,2, ,2, ,1,1,2, ,2, ,2, ,6,5, ,2,2,2,2,2,2,1,1,1,1300,300, , , , , , ,324,1600,1600,1924,1,1337.42810635726
