ANIO,MES,CONGLOMERADO,MUESTRA,SELVIV,HOGAR,REGION,LLAVE_PANEL,ESTRATO,C201,C203,C204,C205,C206,C207,C208,C300n,NROINF,C301_DIA,C301_MES,C301_ANIO,C303,C304,C305,C306_1,C306_2,C306_3,C306_4,C306_5,C306_6,C306_7,C306_8,C306_9,C306_10,C306_10A,C306_11,C306A,C308_COD,C309_COD,C310,C311,C312,C313,C317,C317A,C318_1,C318_2,C318_3,C318_4,C318_5,C318_6,C318_7,C318_T,C328_T,whoraT,C330,C331,C333,C334,P209H,C335,C338,C339_1,C341_T,C342,C344,C345_1,C347_T,C348,C350,C352,C353,C354,C355,C356,C357_I,C358,C359,SEGURO1,C361_1,C362_1,C361_2,C362_2,C361_3,C362_3,C361_4,C362_4,C361_5,C362_5,C361_6,C362_6,C361_7,C362_7,C361_8,C362_8,C364_1,C365_1,C364_2,C365_2,C364_3,C365_3,C364_4,C365_4,C366,C366_1,C366_2,C375_1,C375_2,C375_3,C375_4,C375_5,C375_6,C376,C377,OCUP300,I339_1,D341_T,I342,D344,I345_1,I348,D347_T,D350,D351_T,INGTOT,INGTOTP,ingtrabw,RESIDENT,fa_jas24
2024,07,18098,2,0053,1,1,202407180982005311,1,1,1,1,2, ,2,40,1,1,15,8,1983,1, , , , , , , , , , , , , , , ,5212,4711,2, ,2,2,1,2,15,15,15,15,15,15,15,105, ,105,1, ,2, ,2,2, , , , , , , , , , , , , , , , ,1,5,2, ,2, ,2, ,2, ,1,5,2, ,2, ,2, ,2, ,2, ,2, ,2, ,6,5, ,2,2,2,2,2,2,10,9,1, , ,1440,300, , , , , ,1740,1740,1740,1,639.513298151535
2024,07,18098,2,0053,1,1,202407180982005312,1,2,3,1,2, ,2,16,2,2,8,7,2007,2,2,2,2,2,2,2,2,2,2,2,2,2,2,2,2, , , , , , , , , , , , , , , , , , , , , , , , , , , , , , , , , ,2,4,2,2,5, , ,2,5,2, ,2, ,2, ,2, ,1,5,2, ,2, ,2, ,2, ,2, ,2, ,2, ,6,5, ,2,2,2,2,2,2,10,7,4, , , , , , , , , , , , ,1,624.500422514991
2024,07,18098,2,0053,1,1,202407180982005313,1,3,3,1,2, ,2,14,3,3,14,5,2010,2,2,2,2,2,2,2,2,2,2,2,2,1,2,2, ,5223,4711,4, ,2,2,1,2,2,0,0,0,0,0,0,2, , ,1, ,2, , , , , , , , , , , , ,2,4,2,2,5, , ,2,5,2, ,2, ,2, ,2, ,1,5,2, ,2, ,2, ,2, ,2, ,2, ,2, ,5,1, ,2,2,2,2,2,2,10,7,4, , , , , , , , , , , , ,1,624.500422514991
2024,07,18098,2,0054,1,1,202407180982005411,1,1,1,1,2, ,2,78,1,1,12,8,1945,2,2,2,2,2,2,2,2,2,2,2,2,2,2,2,2, , , , , , , , , , , , , , , , , , , , , , , , , , , , , , , , , ,2,5,2,2,7, , ,1,5,2, ,2, ,2, ,2, ,1,5,2, ,2, ,2, ,2, ,2, ,2, ,2, ,3,2, ,2,2,2,2,2,2,10,7,4, , , , , , , , , , , , ,1,503.759982166037
2024,07,18098,2,0055,1,1,202407180982005511,1,1,1,1,2, ,1,42,1,1,24,5,1982,2,2,2,2,2,2,2,2,2,2,2,2,2,2,2,2, , , , , , , , , , , , , , , , , , , , , , , , , , , , , , , , , ,2,7,2,2,4, , ,2,5,2, ,2, ,2, ,2, ,1,5,2, ,2, ,2, ,2, ,2, ,2, ,2, ,4, ,6,2,2,2,2,1,2,10,9,4, , , , , , , , , , , , ,1,642.732151912916
2024,07,18098,2,0199,1,1,202407180982019911,1,1,1,1,2, ,1,70,1,1,6,11,1953,2,2,2,2,2,2,2,2,2,2,2,2,2,2,2,2, , , , , , , , , , , , , , , , , , , , , , , , , , , , , , , , , ,2,6,2,2,7, , ,1,1,1,3,2, ,2, ,2, ,2, ,2, ,2, ,2, ,2, ,1,3,2, ,2, ,5,3, ,2,2,2,2,2,2,10,3,4, , , , , , , , , , , , ,1,573.874501391359
2024,07,18098,2,0199,1,1,202407180982019912,1,2,2,1,2, ,2,67,2,2,23,3,1957,1, , , , , , , , , , , , , , , ,9321,1410,3,5,2,2,1,7,0,0,5,5,5,5,0,20, ,25,2,25,1,1,1,2,2,250, , , , , , , , , , , , , , ,1,1,1,4,2, ,2, ,2, ,2, ,2, ,2, ,2, ,2, ,2, ,2, ,2, ,6,5, ,2,2,2,2,2,2,10,5,1,1083, , , , , , , , ,1083,1083,1083,1,503.759982166037
2024,07,1812602,1,0005,1,1,20240718126021000511,1,1,1,1,2, ,2,68,1,1,16,2,1956,2,2,2,2,2,2,2,2,2,2,2,2,2,2,2,2, , , , , , , , , , , , , , , , , , , , , , , , , , , , , , , , , ,2,5,2,2,3, , ,1,1,1,4,2, ,2, ,2, ,2, ,2, ,2, ,2, ,2, ,2, ,2, ,2, ,9,3, ,2,2,2,2,2,2,10,7,4, , , , , , , , , , , , ,1,309.251301434454
2024,07,1812602,1,0006,1,1,20240718126021000611,1,1,1,1,2, ,2,30,1,1,6,1,1994,1, , , , , , , , , , , , , , , ,4417,8530,3,2, , ,5,998,0,8,8,8,8,8,0,40, ,40,1, ,2, ,2,2,4,4000, , , , , , , , , , , , , , ,1,5,2, ,2, ,2, ,2, ,1,5,2, ,2, ,2, ,1,5,2, ,2, ,2, ,11,6, ,2,2,2,2,2,2,10,7,1,4000, , , , , , , , ,4000,4000,4000,1,392.58838879508
2024,07,1812602,1,0006,1,1,20240718126021000612,1,2,6,1,2, ,1,67,2,2,4,8,1956,2,2,2,2,2,2,2,2,2,2,2,2,2,2,2,2, , , , , , , , , , , , , , , , , , , , , , , , , , , , , , , , , ,2,5,1,1,6, , ,1,1,1,3,2, ,2, ,2, ,2, ,2, ,2, ,2, ,1,3,2, ,2, ,2, ,10,3, ,2,2,2,2,2,2,10,7,4, , , , , , , , , , , , ,1,352.29363724416
2024,07,1812602,1,0006,1,1,20240718126021000613,1,3,6,1,2, ,2,62,3,3,31,8,1961,2,2,2,2,2,2,2,2,2,2,2,2,2,2,2,2, , , , , , , , , , , , , , , , , , , , , , , , , , , , , , , , , ,2,5,2,2,6, , ,1,1,1,4,2, ,2, ,2, ,2, ,2, ,2, ,2, ,2, ,1,5,2, ,2, ,6,5, ,2,2,2,2,2,2,10,7,4, , , , , , , , , , , , ,1,309.251301434454
2024,07,1812602,1,0006,1,1,20240718126021000614,1,4,8,1,2, ,1,94,4,1,5,1,1930,2,2,2,2,2,2,2,2,2,2,2,2,2,2,2,2, , , , , , , , , , , , , , , , , , , , , , , , , , , , , , , , , ,2,6,2,2,7, , ,1,1,1,3,2, ,2, ,2, ,2, ,2, ,2, ,2, ,2, ,1,3,2, ,2, ,4,5, ,2,2,2,2,1,2,10,9,4, , , , , , , , , , , , ,1,352.29363724416
2024,07,1812602,1,0007,1,1,20240718126021000711,1,1,1,1,2, ,2,49,1,1,3,9,1974,2,2,2,2,2,2,2,2,2,2,2,2,2,2,2,2, , , , , , , , , , , , , , , , , , , , , , , , , , , , , , , , , ,2,7,1,1,7, , ,1,5,2, ,2, ,2, ,2, ,1,5,2, ,2, ,2, ,1,5,2, ,2, ,2, ,6,5, ,2,2,2,2,2,2,10,6,3, , , , , , , , , , , , ,1,309.251301434454
2024,07,1812602,1,0007,1,1,20240718126021000712,1,2,3,1,2, ,2,19,2,2,26,8,2004,1, , , , , , , , , , , , , , , ,9333,7830,3,4,1, ,5,600,8,8,8,8,0,8,8,48, ,48,1, ,2, ,2,2,4,1025, , , , , , , , , , , , , , ,1,3,1,1,2, ,1,1,2, ,2, ,2, ,2, ,2, ,1,1,2, ,2, ,2, ,6,5, ,2,2,2,2,2,2,10,7,1,1025, , , , , , , ,25,1025,1025,1050,1,383.372191611428
2024,07,17886,2,0129,1,1,202407178862012911,1,1,1,1,2, ,1,70,1,1,15,3,1954,2,2,2,2,2,2,2,2,2,2,2,2,2,2,2,2, , , , , , , , , , , , , , , , , , , , , , , , , , , , , , , , , ,2,6,2,2,3, , ,1,4,2, ,2, ,2, ,1,3,2, ,2, ,2, ,2, ,2, ,2, ,2, ,1,3,9,3, ,2,2,2,2,2,2,1,1,4, , , , , , , , , , , , ,1,526.474838294035
2024,07,17886,2,0129,1,1,202407178862012912,1,2,5,1,2, ,1,24,2,2,14,12,1999,1, , , , , , , , , , , , , , , ,5329,8010,3,4,1, ,3,100,0,6,6,0,6,0,0,18, ,18,1, ,2, ,2,2,2,300, , , , , , , , , , , , , , ,1,5,2, ,2, ,2, ,2, ,1,5,2, ,2, ,2, ,1,5,2, ,2, ,2, ,10,3, ,2,2,2,2,2,2,10,7,1,1299, , , , , , , , ,1299,1299,1299,1,534.603723023728
2024,07,17336,1,0065,1,1,202407173361006511,1,1,1,1,2, ,1,67,1,1,29,5,1957,1, , , , , , , , , , , , , , , ,9111,9700,6, , , ,1,2,0,0,0,0,0,0,8,8, ,8,1, ,1,1,1,1,2,60,10, , , , , , , , , , , , , ,1,1,1,5,2, ,2, ,2, ,2, ,2, ,2, ,2, ,2, ,2, ,2, ,2, ,6,5, ,2,2,2,2,2,2,10,6,1,260,43, , , , , , , ,303,303,303,1,359.981286718772
2024,07,17336,1,0065,1,1,202407173361006513,1,2,3,1,2, ,1,43,2,2,27,12,1980,1, , , , , , , , , , , , , , , ,7514,1050,3,5,1, ,5,2000,0,8,8,8,8,8,8,48, ,48,1, ,1,1,1,1,3,500, , , , , , , , , , , , , , ,1,1,1,1,2, ,2, ,2, ,2, ,2, ,2, ,2, ,1,1,2, ,2, ,2, ,6,5, ,2,2,2,2,2,2,10,7,1,1000, , , , , , , ,609,1000,1000,1609,1,403.174468459875
2024,07,17336,1,0069,1,1,202407173361006911,1,1,1,1,2, ,1,47,1,1,16,11,1976,1, , , , , , , , , , , , , , , ,4416,2220,3,5,1, ,4,110,0,8,8,8,8,8,8,48,15,63,1, ,2, ,2,2,2,710, , , , , ,800, , , , , , , , ,1,1,1,1,2, ,2, ,2, ,2, ,2, ,2, ,2, ,1,1,2, ,2, ,2, ,6,5, ,2,2,2,2,2,2,1,1,1,3074, , , , ,800, , ,1182,3874,3074,5056,1,359.981286718772
2024,07,17336,1,0069,1,1,202407173361006912,1,2,2,1,2, ,2,31,2,2,15,8,1992,2,2,2,2,2,2,2,2,2,2,2,2,2,2,2,2, , , , , , , , , , , , , , , , , , , , , , , , , , , , , , , , , ,2,5,2,2,6, , ,1,1,1,4,2, ,2, ,2, ,2, ,2, ,2, ,2, ,2, ,1,5,2, ,2, ,6,5, ,2,2,2,2,2,2,1,6,4, , , , , , , , , , , , ,1,401.155338639728
2024,07,17336,1,0073,1,1,202407173361007311,1,1,1,1,2, ,1,47,1,1,25,12,1976,1, , , , , , , , , , , , , , , ,4416,4922,3,5,1, ,3,55,0,8,8,8,8,8,0,40, ,40,1, ,2, ,2,2,4,2000, , , , , , , , , , , , , , ,1,1,1,1,2, ,2, ,2, ,2, ,2, ,2, ,2, ,2, ,1,1,2, ,2, ,6,5, ,2,2,2,2,2,2,1,1,1,2000, , , , , , , ,609,2000,2000,2609,1,359.981286718772
2024,07,17336,1,0073,1,1,202407173361007312,1,2,2,1,2, ,2,41,2,2,21,6,1983,1, , , , , , , , , , , , , , , ,9112,4922,3,5,1, ,1,20,0,8,8,8,8,8,0,40, ,40,1, ,2, ,2,2,4,1200, , , , , , , , , , , , , , ,1,1,1,4,2, ,2, ,2, ,2, ,2, ,2, ,2, ,2, ,2, ,2, ,2, ,5,4, ,2,2,2,2,2,2,10,9,1,1200, , , , , , , , ,1200,1200,1200,1,401.155338639728
2024,07,17336,1,0073,1,1,202407173361007313,1,3,3,1,2, ,1,19,3,3,8,12,2004,1, , , , , , , , , , , , , , , ,9621,4649,3,5,1, ,1,12,0,10,10,10,12,10,9,61, ,61,1, ,2, ,2,2,3,510, , , , , , , , , , , , , , ,1,5,2, ,2, ,2, ,2, ,1,5,2, ,2, ,2, ,2, ,2, ,2, ,2, ,6,5, ,2,2,2,2,2,2,10,5,1,1020, , , , , , , , ,1020,1020,1020,1,365.539475205169
2024,07,17347,1,0131,1,1,202407173471013111,1,1,1,1,2, ,1,56,1,1,6,9,1967,1, , , , , , , , , , , , , , , ,5212,4711,4, ,2,2,1,3,8,8,8,8,8,8,8,56, ,56,1, ,2, ,2, , , , , , , , , , , , , , , , , ,1,1,1,3,2, ,2, ,2, ,2, ,2, ,2, ,2, ,2, ,1,3,2, ,2, ,6,5, ,2,2,2,2,2,2,10,7,1, , , , , , , , , , , , ,1,658.009396275891
2024,07,17347,1,0131,1,1,202407173471013112,1,2,2,1,2, ,2,59,2,2,29,3,1965,1, , , , , , , , , , , , , , , ,5212,4711,2, ,2,2,1,3,0,8,8,8,8,8,8,48, ,48,1, ,2, ,2,2, , , , , , , , , , , , , , , , ,1,5,2, ,2, ,2, ,2, ,1,5,2, ,2, ,2, ,2, ,2, ,2, ,2, ,6,5, ,2,2,2,2,2,2,1,1,1, , ,2420,600, , , , , ,3020,3020,3020,1,577.615490720284
2024,07,17347,1,0131,1,1,202407173471013113,1,3,3,1,2, ,1,17,3,3,17,5,2007,2,2,2,2,2,2,2,2,2,2,2,2,1,2,2, ,5223,4711,4, ,2,2,1,3,2,2,2,2,2,2,2,14, , ,1, ,2, , , , , , , , , , , , ,2,4,2,1,5, , ,1,5,2, ,2, ,2, ,2, ,1,5,2, ,2, ,2, ,2, ,2, ,2, ,2, ,6,5, ,2,2,2,2,2,2,10,7,4, , , , , , , , , , , , ,1,668.169202869334
2024,07,17347,1,0132,1,1,202407173471013211,1,1,1,1,2, ,1,46,1,1,17,10,1977,1, , , , , , , , , , , , , , , ,7353,1312,3,5,1, ,1,15,0,11,11,11,11,11,4,59, ,59,1, ,2, ,2,2,4,1000, , , , , , , , , , , , , , ,1,1,1,1,2, ,2, ,2, ,2, ,2, ,2, ,2, ,1,1,2, ,2, ,2, ,9,3, ,2,2,2,2,2,2,10,7,1,1000, , , , , , , ,166,1000,1000,1166,1,658.009396275891
2024,07,17347,1,0132,1,1,202407173471013212,1,2,2,1,2, ,2,42,2,2,29,9,1981,1, , , , , , , , , , , , , , , ,5212,4772,2, ,3,2,1,2,6,6,6,6,6,6,6,42, ,42,1, ,2, ,2,2, , , , , , , , , , , , , , , , ,1,1,1,4,2, ,2, ,2, ,2, ,2, ,2, ,2, ,2, ,2, ,2, ,2, ,6,5, ,2,2,2,2,2,2,10,7,1, , ,233, , , , , , ,233,233,233,1,733.271400291967
2024,07,17347,1,0132,1,1,202407173471013213,1,3,3,1,2, ,1,20,3,2,1,5,2004,2,2,2,2,2,2,2,2,2,2,2,2,2,2,2,2, , , , , , , , , , , , , , , , , , , , , , , , , , , , , , , , , ,2,4,2,2,5, , ,2,6,2, ,2, ,2, ,2, ,2, ,2, ,2, ,2, ,2, ,2, ,2, ,2, ,8,1, ,2,2,2,2,2,2,10,6,4, , , , , , , , , , , , ,1,668.169202869334
2024,07,17347,1,0132,1,1,202407173471013214,1,4,3,1,2, ,1,14,4,4,14,10,2009,2,2,2,2,2,2,2,2,2,2,2,2,1,2,2, ,5223,4772,4, ,3,2,1,2,1,0,0,0,0,0,2,3, , ,1, ,2, , , , , , , , , , , , ,2,4,2,2,5, , ,1,5,2, ,2, ,2, ,2, ,1,5,2, ,2, ,2, ,2, ,2, ,2, ,2, ,5,2, ,2,2,2,2,2,2,10,5,4, , , , , , , , , , , , ,1,668.169202869334
2024,07,4682102,1,0025,1,1,20240746821021002511,1,1,1,1,2, ,2,40,1,1,1,4,1984,1, , , , , , , , , , , , , , , ,5212,4752,2, ,2,2,1,2,9,9,9,9,9,9,9,63, ,63,1, ,2, ,2,2, , , , , , , , , , , , , , , , ,1,5,2, ,2, ,2, ,2, ,1,5,2, ,2, ,2, ,1,5,2, ,2, ,2, ,6,5, ,2,2,2,2,2,2,10,7,1, , ,680,20, , , , , ,700,700,700,1,810.154035876426
2024,07,4682102,1,0025,1,1,20240746821021002512,1,2,3,1,2, ,2,15,2,1,4,2,2009,2,2,2,2,2,2,2,2,2,2,2,2,1,2,2, ,5223,4752,4, ,3,2,1,2,3,3,3,3,3,3,3,21, ,21,1, ,2, ,2, , , , , , , , , , , , , , , , , ,2,5,2, ,2, ,2, ,2, ,1,5,2, ,2, ,2, ,2, ,2, ,2, ,2, ,5,3, ,2,2,2,2,2,2,10,7,1, , , , , , , , , , , , ,1,791.135288616263
2024,07,4682102,1,0026,1,1,20240746821021002611,1,1,1,1,2, ,1,20,1,1,22,12,2003,1, , , , , , , , , , , , , , , ,5212,4711,2, ,2,2,1,2,10,13,13,13,13,13,13,88, ,88,1, ,1,1,1,1, , , , , , , , , , , , , , , , ,1,6,2, ,2, ,2, ,2, ,2, ,2, ,2, ,2, ,2, ,2, ,2, ,2, ,6,5, ,2,2,2,2,2,2,10,1,1, , ,200,300, , , , , ,500,500,500,1,738.225950360791
2024,07,4682102,1,0026,1,1,20240746821021002612,1,2,7,1,2, ,2,17,2,2,31,8,2006,1, , , , , , , , , , , , , , , ,5223,4711,4, ,2,2,1,2,8,8,8,8,8,8,8,56, ,56,1, ,2, ,2, , , , , , , , , , , , , , , , , ,1,1,1,4,2, ,2, ,2, ,2, ,2, ,2, ,2, ,2, ,2, ,2, ,2, ,8,1, ,2,2,2,2,2,2,10,7,1, , , , , , , , , , , , ,1,791.135288616263
2024,07,4682102,1,0027,1,1,20240746821021002711,1,1,1,1,2, ,1,44,1,1,10,7,1979,1, , , , , , , , , , , , , , , ,8322,4922,2, ,3,2,1,1,12,10,8,8,6,8,8,60, ,60,1, ,1,2,2,2, , , , , , , , , , , , , , , , ,1,5,2, ,2, ,2, ,2, ,1,5,2, ,2, ,2, ,2, ,2, ,2, ,2, ,6,5, ,2,2,2,2,2,2,1,7,1, , ,1120, , , , , , ,1120,1120,1120,1,814.231773389026
2024,07,4682102,1,0027,1,1,20240746821021002712,1,2,2,1,2, ,2,43,2,2,20,8,1980,1, , , , , , , , , , , , , , , ,2341,8521,3,5,1, ,1,17,0,7,6,7,6,7,0,33, ,33,1, ,2, ,2,2,4,1200, , , , , , , , , , , , , , ,1,5,2, ,2, ,2, ,2, ,1,5,2, ,2, ,2, ,2, ,2, ,2, ,2, ,9,5, ,2,2,2,2,2,2,10,7,1,1200, , , , , , , ,16,1200,1200,1216,1,810.154035876426
2024,07,4682102,1,0027,1,1,20240746821021002713,1,3,3,1,2, ,2,17,3,3,19,11,2006,2,2,2,2,2,2,2,2,2,2,2,2,2,2,2,2, , , , , , , , , , , , , , , , , , , , , , , , , , , , , , , , , ,2,4,2,2,5, , ,2,5,2, ,2, ,2, ,2, ,1,5,2, ,2, ,2, ,2, ,2, ,2, ,2, ,6,5, ,2,2,2,2,2,2,10,7,4, , , , , , , , , , , , ,1,791.135288616263
2024,07,4682102,1,0028,1,1,20240746821021002811,1,1,1,1,2, ,1,39,1,1,14,12,1984,1, , , , , , , , , , , , , , , ,5212,4722,2, ,3,2,1,2,4,10,10,10,10,10,0,54, ,54,1, ,2, ,2,2, , , , , , , , , , , , , , , , ,1,5,2, ,2, ,2, ,2, ,1,5,2, ,2, ,2, ,1,5,2, ,2, ,2, ,10,2, ,2,2,2,2,2,2,10,7,1, , ,900,300, , , , , ,1200,1200,1200,1,814.231773389026
2024,07,4682102,1,0028,1,1,20240746821021002812,1,2,2,1,2, ,2,41,2,1,19,4,1983,1, , , , , , , , , , , , , , , ,2221,8610,3,2, , ,5,9998,0,12,6,6,0,0,0,24,6,30,1, ,2, ,2,2,4,5500, , , ,1500, , , , , , , , , , ,1,1,1,1,2, ,2, ,2, ,2, ,2, ,2, ,2, ,1,1,2, ,2, ,2, ,11,5, ,2,2,2,2,2,2,10,7,1,5500, , , ,1500, , , ,175,7000,5500,7175,1,810.154035876426
2024,07,23686,1,0010,1,1,202407236861001011,1,1,1,1,2, ,2,63,1,1,20,7,1960,1, , , , , , , , , , , , , , , ,5120,5610,2, ,3,2,1,2,5,5,5,5,5,5,5,35, ,35,1, ,2, ,2,2, , , , , , , , , , , , , , , , ,2,5,2, ,2, ,2, ,2, ,1,5,2, ,2, ,2, ,2, ,2, ,2, ,2, ,1, , ,2,2,2,2,2,2,10,7,1, , ,500,600, , , , , ,1100,1100,1100,1,746.710451274211
2024,07,23686,1,0010,1,1,202407236861001012,1,2,2,1,2, ,1,81,2,2,20,6,1943,2,2,2,2,2,2,2,2,2,2,2,2,2,2,2,2, , , , , , , , , , , , , , , , , , , , , , , , , , , , , , , , , ,2,5,2,2,7, , ,1,5,2, ,2, ,2, ,2, ,1,5,2, ,2, ,2, ,2, ,2, ,2, ,2, ,4,5, ,2,2,2,1,2,2,10,7,4, , , , , , , , , , , , ,1,850.639397885849
2024,07,23686,1,0014,1,1,202407236861001411,1,1,1,1,2, ,1,85,1,1,20,6,1939,2,2,2,2,2,2,2,2,2,2,2,2,2,2,2,2, , , , , , , , , , , , , , , , , , , , , , , , , , , , , , , , , ,2,5,2,2,7, , ,1,5,2, ,2, ,2, ,2, ,1,5,2, ,2, ,2, ,2, ,2, ,2, ,2, ,3,3, ,2,2,2,2,2,2,1,1,4, , , , , , , , , , , , ,1,850.639397885849
2024,07,2373902,1,0009,1,1,20240723739021000911,1,1,1,1,2, ,2,47,1,1,30,6,1977,1, , , , , , , , , , , , , , , ,8153,1410,3,5,2,2,1,4,0,8,8,8,8,8,6,46, ,46,1, ,1,1,1,2,2,400, , , , , , , , , , , , , , ,1,1,1,4,2, ,2, ,2, ,2, ,2, ,2, ,2, ,2, ,2, ,2, ,2, ,10,1, ,2,2,2,2,2,2,10,7,1,1732, , , , , , , , ,1732,1732,1732,1,658.879867713981
2024,07,2373902,1,0009,1,1,20240723739021000912,1,2,3,1,2, ,1,18,2,2,26,12,2005,2,2,2,2,2,2,2,2,2,2,2,2,2,2,2,2, , , , , , , , , , , , , , , , , , , , , , , , , , , , , , , , , ,2,4,1,1,5, , ,1,1,1,4,2, ,2, ,2, ,2, ,2, ,2, ,2, ,2, ,2, ,2, ,2, ,10,1, ,2,2,2,2,2,2,10,7,4, , , , , , , , , , , , ,1,762.173527320262
2024,07,2373902,1,0011,1,1,20240723739021001111,1,1,1,1,2, ,2,64,1,1,1,2,1960,2,2,2,2,2,2,2,2,2,2,2,2,2,2,2,2, , , , , , , , , , , , , , , , , , , , , , , , , , , , , , , , , ,2,5,1,1,6, , ,1,5,2, ,2, ,2, ,2, ,1,5,2, ,2, ,2, ,2, ,2, ,2, ,2, ,4,5, ,2,2,2,2,2,2,10,7,4, , , , , , , , , , , , ,1,658.879867713981
2024,07,2373902,1,0011,1,1,20240723739021001112,1,2,3,1,2, ,1,42,2,2,1,4,1982,1, , , , , , , , , , , , , , , ,9629,4630,3,5,2,2,1,3,4,9,9,9,9,9,9,58, ,58,1, ,1,1,1,2,2,400,55, , , , , , , , , , , , , ,1,5,2, ,2, ,2, ,2, ,1,5,2, ,2, ,2, ,2, ,2, ,2, ,2, ,6,5, ,2,2,2,2,2,2,10,7,1,1732,1650, , , , , , , ,3382,3382,3382,1,840.644930562044
2024,07,2373902,1,0012,1,1,20240723739021001211,1,1,1,1,2, ,1,44,1,1,1,3,1980,1, , , , , , , , , , , , , , , ,8321,4922,2, ,3,2,1,1,6,9,9,9,0,0,0,33, ,48,2,48,1,1,1,2, , , , , , , , , , , , , , , , ,1,5,2, ,2, ,2, ,2, ,1,5,2, ,2, ,2, ,2, ,2, ,2, ,2, ,6,5, ,2,2,2,2,2,2,10,7,1, , ,1566, , , , , , ,1566,1566,1566,1,840.644930562044
2024,07,2373902,1,0012,1,1,20240723739021001212,1,2,2,1,2, ,2,41,2,2,9,8,1982,1, , , , , , , , , , , , , , , ,9112,8121,2, ,3,2,1,1,0,0,0,0,0,4,0,4, ,4,1, ,1,1,1,2, , , , , , , , , , , , , , , , ,1,5,2, ,2, ,2, ,2, ,1,5,2, ,2, ,2, ,2, ,2, ,2, ,2, ,10,1, ,2,2,2,2,2,2,10,7,1, , ,87, , , , , , ,87,87,87,1,836.434913856528
2024,07,2373902,1,0012,1,1,20240723739021001213,1,3,3,1,2, ,2,20,3,3,13,7,2003,2,2,2,2,2,2,2,2,2,2,2,2,2,2,2,2, , , , , , , , , , , , , , , , , , , , , , , , , , , , , , , , , ,2,4,1,2,5, , ,1,5,2, ,2, ,2, ,2, ,1,5,2, ,2, ,2, ,2, ,2, ,2, ,2, ,10,3, ,2,2,2,2,2,2,10,7,4, , , , , , , , , , , , ,1,816.799210617693
2024,07,2373902,1,0012,1,1,20240723739021001214,1,4,3,1,2, ,1,14,4,4,24,10,2009,2,2,2,2,2,2,2,2,2,2,2,2,2,2,2,2, , , , , , , , , , , , , , , , , , , , , , , , , , , , , , , , , ,2,4,1,2,5, , ,1,5,2, ,2, ,2, ,2, ,1,5,2, ,2, ,2, ,2, ,2, ,2, ,2, ,5,2, ,2,2,2,2,2,2,10,6,4, , , , , , , , , , , , ,1,762.173527320262
2024,07,4699701,1,0074,1,1,20240746997011007411,1,1,1,1,2, ,1,50,1,1,24,10,1973,1, , , , , , , , , , , , , , , ,9629,8130,2, ,2,2,1,1,0,9,9,0,9,9,9,45, ,45,1, ,1,2,2,2, , , , , , , , , , , , , , , , ,1,5,2, ,2, ,2, ,2, ,1,5,2, ,2, ,2, ,1,5,2, ,2, ,2, ,6,5, ,2,2,2,2,2,2,10,7,1, , ,1820, , , , , , ,1820,1820,1820,1,1197.06096679547
2024,07,4699701,1,0074,1,1,20240746997011007412,1,2,2,1,2, ,2,35,2,2,28,8,1988,2,2,2,2,2,2,2,2,2,2,2,2,2,2,2,2, , , , , , , , , , , , , , , , , , , , , , , , , , , , , , , , , ,2,5,2,2,6, , ,1,5,2, ,2, ,2, ,2, ,1,5,2, ,2, ,2, ,2, ,2, ,2, ,2, ,6,5, ,2,2,2,2,2,2,1,1,4, , , , , , , , , , , , ,1,1333.97877952025
2024,07,4699701,1,0077,1,1,20240746997011007711,1,1,1,1,2, ,1,66,1,1,28,12,1957,2,2,2,2,2,2,2,2,2,2,2,2,2,2,2,2, , , , , , , , , , , , , , , , , , , , , , , , , , , , , , , , , ,2,5,1,1,1, , ,1,5,2, ,2, ,2, ,2, ,1,5,2, ,2, ,2, ,2, ,2, ,2, ,2, ,5,1, ,2,2,1,2,2,2,1,1,3, , , , , , , , , , , , ,1,1197.06096679547
2024,07,4699701,1,0077,1,1,20240746997011007712,1,2,2,1,2, ,2,56,2,2,1,3,1968,2,2,2,2,2,2,2,2,2,2,2,2,2,2,2,2, , , , , , , , , , , , , , , , , , , , , , , , , , , , , , , , , ,2,5,2,2,6, , ,1,5,2, ,2, ,2, ,2, ,1,5,2, ,2, ,2, ,2, ,2, ,2, ,2, ,6,5, ,2,2,2,2,2,2,10,7,4, , , , , , , , , , , , ,1,1050.80711866879
2024,07,27621,1,0007,1,1,202407276211000711,1,1,1,1,2, ,2,56,1,1,2,10,1967,1, , , , , , , , , , , , , , , ,9111,9700,6, , , ,1,1,0,6,0,0,0,6,0,12, ,12,1, ,1,1,1,2,2,70,40, , , , , , , , , , , , , ,1,5,2, ,2, ,2, ,2, ,1,5,2, ,2, ,2, ,2, ,2, ,2, ,2, ,3,4, ,2,2,2,2,2,2,1,1,1,303,173, , , , , , , ,476,476,476,1,882.754214255755
2024,07,27621,1,0007,1,1,202407276211000713,1,4,3,1,2, ,1,27,4,4,27,3,1997,1, , , , , , , , , , , , , , , ,4321,126,3,5,1, ,3,100,11,11,11,11,11,11,11,77, ,77,2,60,2, ,2,2,4,1400,100, , , , , , , , , , , , , ,1,1,1,1,2, ,2, ,2, ,2, ,2, ,2, ,2, ,1,1,2, ,2, ,2, ,6,5, ,2,2,2,2,2,2,10,7,1,1400,433, , , , , , ,342,1833,1833,2175,1,1126.27945018426
2024,07,27621,1,0007,1,1,202407276211000715,1,5,11,1,2, ,1,30,5,4,21,4,1994,1, , , , , , , , , , , , , , , ,3149,126,3,5,1, ,3,100,0,8,8,8,8,9,0,41, ,41,1, ,2, ,2,2,4,1100,100, , , , , , , , , , , , , ,1,1,1,1,2, ,2, ,2, ,2, ,2, ,2, ,2, ,2, ,1,1,2, ,2, ,10,2, ,2,2,2,2,2,2,10,7,1,1100,433, , , , , , , ,1533,1533,1533,1,1126.27945018426
2024,07,27621,1,0007,2,1,202407276211000721,1,1,1,1,2, ,2,28,1,1,2,10,1995,2,2,2,2,2,2,2,2,2,2,2,2,2,2,2,2, , , , , , , , , , , , , , , , , , , , , , , , , , , , , , , , , ,1,5,1,1,13,8,2,1,5,2, ,2, ,2, ,2, ,1,5,2, ,2, ,2, ,2, ,2, ,2, ,2, ,4, ,6,2,2,2,2,2,2,10,7,2, , , , , , , , , , , , ,1,1120.63895307547
2024,07,27621,1,0008,1,1,202407276211000811,1,1,1,1,2, ,1,55,1,2,29,10,1968,1, , , , , , , , , , , , , , , ,8322,4922,2, ,3,2,1,1,0,7,7,7,7,7,7,42, ,42,1, ,2, ,2,2, , , , , , , , , , , , , , , , ,1,5,2, ,2, ,2, ,2, ,1,5,2, ,2, ,2, ,2, ,2, ,2, ,2, ,6,5, ,2,2,2,2,2,2,10,1,1, , ,1619, , , , , , ,1619,1619,1619,1,1005.61805719251
2024,07,27621,1,0008,1,1,202407276211000812,1,2,2,1,2, ,2,51,2,2,1,7,1972,1, , , , , , , , , , , , , , , ,9111,9700,6, , , ,1,1,0,10,10,10,10,10,8,58, ,58,1, ,2, ,2,2,4,2000,760, , , , , , , , , , , , , ,1,5,2, ,2, ,2, ,2, ,1,5,2, ,2, ,2, ,2, ,2, ,2, ,2, ,9,3, ,2,2,2,2,2,2,1,1,1,2000,1293, , , , , , ,84,3293,3293,3377,1,882.754214255755
2024,07,27621,1,0008,1,1,202407276211000813,1,3,3,1,2, ,1,29,3,3,2,7,1994,1, , , , , , , , , , , , , , , ,4321,4540,3,5,1, ,2,50,0,8,8,8,8,8,8,48, ,48,1, ,2, ,2,2,4,1600, , , , , , , , , , , , , , ,1,1,1,1,2, ,2, ,2, ,2, ,2, ,2, ,2, ,1,1,2, ,2, ,2, ,9,3, ,2,2,2,2,2,2,10,7,1,1600, , , , , , , ,351,1600,1600,1951,1,1126.27945018426
2024,07,27621,1,0008,1,1,202407276211000814,1,4,3,1,2, ,1,23,4,4,5,9,2000,1, , , , , , , , , , , , , , , ,5131,5610,3,5,1, ,1,15,0,0,0,0,8,8,8,24, ,24,1, ,1,1,1,2,2,150,45, , , , , , , , , , , , , ,1,5,2, ,2, ,2, ,2, ,1,5,2, ,2, ,2, ,1,5,2, ,2, ,2, ,8,2, ,2,2,2,2,2,2,10,7,1,650,195, , , , , , , ,845,845,845,1,1021.14501626904
2024,07,27621,1,0009,1,1,202407276211000911,1,1,1,1,2, ,1,55,1,1,3,6,1969,1, , , , , , , , , , , , , , , ,8322,4922,2, ,3,2,1,1,10,10,10,10,10,10,10,70, ,70,1, ,2, ,2,2, , , , , , , , , , , , , , , , ,1,5,2, ,2, ,2, ,2, ,1,5,2, ,2, ,2, ,1,5,2, ,2, ,2, ,8,1, ,2,2,2,2,2,2,10,1,1, , ,1900, , , , , , ,1900,1900,1900,1,1005.61805719251
2024,07,27621,1,0009,1,1,202407276211000912,1,2,2,1,2, ,2,47,2,2,21,6,1977,1, , , , , , , , , , , , , , , ,9111,9700,6, , , ,1,1,0,6,0,0,6,0,0,12, ,12,1, ,1,1,1,2,2,120,30, , , , , , , , , , , , , ,1,5,2, ,2, ,2, ,2, ,1,5,2, ,2, ,2, ,2, ,2, ,2, ,2, ,8,1, ,2,2,2,2,2,2,10,1,1,520,130, , , , , , , ,650,650,650,1,882.754214255755
2024,07,27621,1,0009,1,1,202407276211000913,1,3,3,1,2, ,1,19,3,3,28,3,2005,2,2,2,2,2,2,2,2,2,2,2,2,2,2,2,2, , , , , , , , , , , , , , , , , , , , , , , , , , , , , , , , , ,2,4,1,1,5, , ,1,5,2, ,2, ,2, ,2, ,1,5,2, ,2, ,2, ,2, ,2, ,2, ,2, ,6,5, ,2,2,2,2,2,2,10,1,4, , , , , , , , , , , , ,1,1021.14501626904
2024,07,27621,1,0010,1,1,202407276211001011,1,1,1,1,2, ,1,37,1,1,12,7,1986,1, , , , , , , , , , , , , , , ,4110,6201,3,5,1, ,4,200,0,7,7,7,7,7,0,35, ,35,1, ,1,1,1,2,4,7000, , , , , , , , , , , , , , ,1,3,1,1,1,2,2, ,2, ,2, ,2, ,2, ,2, ,1,1,2, ,2, ,2, ,12,2, ,2,2,2,2,2,2,10,7,1,7000, , , , , , , , ,7000,7000,7000,1,1126.27945018426
2024,07,27621,1,0010,1,1,202407276211001012,1,2,2,1,2, ,2,35,2,2,27,5,1989,1, , , , , , , , , , , , , , , ,4417,8412,3,2, , ,5,9998,0,8,8,8,8,8,0,40, ,40,1, ,2, ,2,2,4,3100, , , , , , , , , , , , , , ,1,3,1,1,2, ,1,4,2, ,2, ,2, ,2, ,2, ,1,1,2, ,2, ,2, ,11,5, ,2,2,2,2,2,2,10,7,1,3100, , , , , , , ,267,3100,3100,3367,1,1120.63895307547
2024,07,27664,1,0065,1,1,202407276641006511,1,1,1,1,2, ,1,56,1,1,27,4,1968,1, , , , , , , , , , , , , , , ,8322,4922,2, ,3,2,1,1,0,8,8,8,8,8,0,40, ,40,1, ,2, ,2,2, , , , , , , , , , , , , , , , ,1,6,2, ,2, ,2, ,2, ,2, ,2, ,2, ,2, ,2, ,2, ,2, ,2, ,11,5, ,2,2,2,2,2,2,10,7,1, , ,3101, , , , , , ,3101,3101,3101,1,1028.07314625794
2024,07,27664,1,0066,1,1,202407276641006612,1,2,3,1,2, ,1,40,2,2,12,9,1983,1, , , , , , , , , , , , , , , ,2611,6910,2, ,2,2,1,1,0,7,7,7,7,7,4,39,8,50,2,50,1,1,1,1, , , , , ,1500, , , , , , , , , , ,1,6,2, ,2, ,2, ,2, ,2, ,2, ,2, ,2, ,1,5,2, ,2, ,2, ,12,2, ,2,2,2,2,2,2,10,7,1, , ,3400, ,1500, , , , ,4900,3400,4900,1,1151.4288647016
2024,07,27664,1,0067,1,1,202407276641006711,1,1,1,1,2, ,1,59,1,1,26,2,1965,2,1, , , , , , , , , , , , , , ,2330,8521,3,5,1, ,5,1000,0,0,0,0,0,0,0,0, ,40,2,40,2, ,2,2,4,10000, , , , , , , , , , , , , , ,1,3,1,1,2, ,1,1,2, ,2, ,2, ,2, ,2, ,1,1,2, ,2, ,2, ,12,2, ,2,2,2,2,2,2,10,7,1,10000, , , , , , , ,2666,10000,10000,12666,1,1028.07314625794
2024,07,27664,1,0067,1,1,202407276641006712,1,2,2,1,2, ,2,59,2,2,26,1,1965,1, , , , , , , , , , , , , , , ,1221,8620,3,5,1, ,5,9998,0,8,8,8,8,8,0,40, ,40,1, ,2, ,2,2,4,10000, , , , , , , , , , , , , , ,1,1,1,1,2, ,2, ,2, ,2, ,2, ,2, ,2, ,1,1,2, ,2, ,2, ,12,2, ,2,2,2,2,2,2,10,7,1,10000, , , , , , , ,2499,10000,10000,12499,1,902.465797955181
2024,07,2072201,1,0023,1,1,20240720722011002311,1,1,1,1,2, ,2,77,1,1,16,8,1946,2,2,2,2,2,2,2,2,2,2,2,2,2,2,2,2, , , , , , , , , , , , , , , , , , , , , , , , , , , , , , , , , ,2,5,2,2,3, , ,1,5,2, ,2, ,2, ,2, ,1,5,2, ,2, ,2, ,2, ,2, ,2, ,2, ,3,2, ,2,2,2,2,2,2,10,7,4, , , , , , , , , , , , ,1,850.636630030168
2024,07,2072201,1,0023,1,1,20240720722011002312,1,2,3,1,2, ,2,59,2,2,7,4,1965,2,2,2,2,2,2,2,2,2,2,2,2,2,2,2,2, , , , , , , , , , , , , , , , , , , , , , , , , , , , , , , , , ,2,7,2,2,3, , ,1,5,2, ,2, ,2, ,2, ,1,5,2, ,2, ,2, ,2, ,2, ,2, ,2, ,3,2, ,2,2,2,2,2,2,10,7,4, , , , , , , , , , , , ,1,850.636630030168
2024,07,2072201,1,0024,1,1,20240720722011002411,1,1,1,1,2, ,1,62,1,1,14,11,1961,2,2,2,2,2,2,2,2,2,2,2,2,2,2,2,2, , , , , , , , , , , , , , , , , , , , , , , , , , , , , , , , , ,2,6,2,2,3, , ,1,4,2, ,2, ,2, ,1,3,2, ,2, ,2, ,2, ,2, ,2, ,2, ,1,3,11,5, ,2,2,2,2,2,2,10,7,4, , , , , , , , , , , , ,1,969.03027077465
2024,07,2072201,1,0024,1,1,20240720722011002412,1,2,2,1,2, ,2,60,2,2,13,12,1963,2,2,2,2,2,2,2,2,2,2,2,2,2,2,2,2, , , , , , , , , , , , , , , , , , , , , , , , , , , , , , , , , ,2,6,2,2,3, , ,1,1,1,3,2, ,2, ,2, ,2, ,2, ,2, ,2, ,2, ,1,3,2, ,2, ,11,5, ,2,2,2,2,2,2,10,7,4, , , , , , , , , , , , ,1,850.636630030168
2024,07,2072201,1,0024,1,1,20240720722011002413,1,3,3,1,2, ,1,15,3,1,27,7,2008,2,2,2,2,2,2,2,2,2,2,2,2,2,2,2,2, , , , , , , , , , , , , , , , , , , , , , , , , , , , , , , , , ,2,4,2,2,5, , ,2,1,1,4,2, ,2, ,2, ,2, ,2, ,2, ,2, ,2, ,2, ,2, ,2, ,5,4, ,2,2,2,2,2,2,10,7,4, , , , , , , , , , , , ,1,983.99230656013
2024,07,2072201,1,0025,1,1,20240720722011002511,1,1,1,1,2, ,1,55,1,1,13,6,1969,1, , , , , , , , , , , , , , , ,8321,4922,2, ,3,2,1,1,0,7,7,7,7,7,7,42, ,42,1, ,1,1,1,1, , , , , , , , , , , , , , , , ,1,5,2, ,2, ,2, ,2, ,1,5,2, ,2, ,2, ,2, ,2, ,2, ,2, ,5,2, ,2,2,2,2,2,2,10,7,1, , ,965, , , , , , ,965,965,965,1,969.03027077465
2024,07,20929,1,0065,1,1,202407209291006511,1,1,1,1,2, ,2,35,1,1,25,7,1988,1, , , , , , , , , , , , , , , ,5312,8521,3,2, , ,5,9998,0,6,6,6,6,6,0,30,2,32,1, ,2, ,2,2,4,3100, , , , , ,80, , , , , , , , ,1,1,1,1,2, ,2, ,2, ,2, ,2, ,2, ,2, ,1,1,2, ,2, ,2, ,6,5, ,2,2,2,2,2,2,10,7,1,3100, , , , ,80, , ,50,3180,3100,3230,1,1165.32394863936
2024,07,25700,1,0097,1,1,202407257001009711,1,1,1,1,2, ,2,55,1,1,99,99,1969,1, , , , , , , , , , , , , , , ,5213,4781,2, ,2,2,1,2,8,8,8,8,8,8,8,56, ,56,1, ,2, ,2,2, , , , , , , , , , , , , , , , ,1,5,2, ,2, ,2, ,2, ,1,5,2, ,2, ,2, ,2, ,2, ,2, ,2, ,6,5, ,2,2,2,2,2,2,10,7,1, , ,1100, , , , , , ,1100,1100,1100,1,779.452958319637
2024,07,25700,1,0097,1,1,202407257001009712,1,2,3,1,2, ,1,33,2,3,99,99,1991,1, , , , , , , , , , , , , , , ,5213,4781,4, ,2,2,1,2,8,8,8,8,8,8,8,56, ,56,1, ,2, ,2, , , , , , , , , , , , , , , , , ,1,5,2, ,2, ,2, ,2, ,1,5,2, ,2, ,2, ,2, ,2, ,2, ,2, ,6,5, ,2,2,2,2,2,2,10,7,1, , , , , , , , , , , , ,1,994.480496568201
2024,07,25700,1,0097,1,1,202407257001009713,1,3,4,1,2, ,2,30,3,3,24,10,1993,1, , , , , , , , , , , , , , , ,9629,9609,2, ,3,2,1,1,0,8,8,8,8,8,0,40, ,40,1, ,2, ,2,2, , , , , , , , , , , , , , , , ,1,5,2, ,2, ,2, ,2, ,1,5,2, ,2, ,2, ,1,5,2, ,2, ,2, ,8,1, ,2,2,2,2,2,2,10,7,1, , ,1025, , , , , , ,1025,1025,1025,1,989.500059106855
2024,07,25700,1,0100,1,1,202407257001010011,1,1,1,1,2, ,1,56,1,1,6,3,1968,1, , , , , , , , , , , , , , , ,2411,4390,3,5,1, ,1,15,0,8,8,8,8,8,0,40, ,40,1, ,2, ,2,2,4,2500, , , , , , , , , , , , , , ,1,1,1,1,2, ,2, ,2, ,2, ,2, ,2, ,2, ,1,1,2, ,2, ,2, ,11,5, ,2,2,2,2,2,2,10,7,1,2500, , , , , , , ,624,2500,2500,3124,1,887.939085376317
2024,07,19169,1,0008,1,1,202407191691000811,1,1,1,1,2, ,2,67,1,1,4,7,1956,2,2,2,2,2,2,2,2,2,2,2,2,2,2,2,2, , , , , , , , , , , , , , , , , , , , , , , , , , , , , , , , , ,2,5,1,1,7, , ,1,2,2, ,1,4,2, ,2, ,2, ,2, ,2, ,2, ,2, ,2, ,2, ,2, ,3,0, ,2,2,2,2,2,2,1,1,3, , , , , , , , , , , , ,1,846.512330648124
2024,07,19169,1,0008,1,1,202407191691000812,1,2,3,1,2, ,1,31,2,2,23,10,1992,1, , , , , , , , , , , , , , , ,7513,1071,3,5,2,2,1,5,0,8,8,8,8,8,8,48, ,48,1, ,2, ,2,2,2,260, , , , , , , , , , , , , , ,1,5,2, ,2, ,2, ,2, ,1,5,2, ,2, ,2, ,2, ,1,5,2, ,2, ,6,5, ,2,2,2,2,2,2,10,7,1,1126, , , , , , , , ,1126,1126,1126,1,1080.03952509066
2024,07,19169,1,0008,2,1,202407191691000821,1,1,1,1,2, ,1,43,1,1,23,10,1980,1, , , , , , , , , , , , , , , ,7513,1071,3,5,2,2,1,6,8,8,8,8,8,8,8,56, ,56,1, ,1,2,2,2,2,300, , , , , , , , , , , , , , ,1,5,2, ,2, ,2, ,2, ,1,5,2, ,2, ,2, ,2, ,2, ,2, ,2, ,4, ,6,2,2,2,2,2,2,10,9,1,1299, , , , , , , , ,1299,1299,1299,1,1080.03952509066
2024,07,19169,1,0008,2,1,202407191691000822,1,2,2,1,2, ,2,33,2,2,2,8,1990,2,2,2,2,2,2,2,2,2,2,2,2,2,2,2,2, , , , , , , , , , , , , , , , , , , , , , , , , , , , , , , , , ,2,5,2,2,6, , ,1,5,2, ,2, ,2, ,2, ,1,5,2, ,2, ,2, ,2, ,2, ,2, ,2, ,4, ,6,2,2,2,2,2,2,10,9,4, , , , , , , , , , , , ,1,1074.63060120622
2024,07,19169,1,0008,2,1,202407191691000825,1,5,11,1,2, ,1,19,5,5,10,3,2005,1, , , , , , , , , , , , , , , ,5211,1071,3,5,1, ,1,4,0,8,8,8,8,8,10,50, ,50,1, ,2, ,2,2,2,300, , , , , , , , , , , , , , ,1,5,2, ,2, ,2, ,2, ,1,5,2, ,2, ,2, ,2, ,2, ,2, ,2, ,6,5, ,2,2,2,2,2,2,10,7,1,1299, , , , , , , , ,1299,1299,1299,1,979.221434111647
2024,07,19169,1,0011,1,1,202407191691001111,1,1,1,1,2, ,1,67,1,1,24,4,1957,1, , , , , , , , , , , , , , , ,8322,4922,2, ,3,2,1,1,0,8,8,8,8,8,8,48, ,48,1, ,2, ,2,2, , , , , , , , , , , , , , , , ,1,5,2, ,2, ,2, ,2, ,1,5,2, ,2, ,2, ,2, ,2, ,2, ,2, ,5,3, ,2,2,2,2,2,2,10,7,1, , ,1150, , , , , , ,1150,1150,1150,1,964.331941539997
2024,07,19169,1,0011,1,1,202407191691001112,1,2,2,1,2, ,2,61,2,2,20,7,1962,2,2,2,2,2,2,2,2,2,2,2,2,2,2,2,2, , , , , , , , , , , , , , , , , , , , , , , , , , , , , , , , , ,2,5,1,2,7, , ,1,5,2, ,2, ,2, ,2, ,1,5,2, ,2, ,2, ,2, ,2, ,2, ,2, ,5,3, ,2,2,2,2,2,2,10,7,4, , , , , , , , , , , , ,1,846.512330648124
2024,07,19169,1,0011,1,1,202407191691001113,1,3,3,1,2, ,2,21,3,2,30,8,2002,2,2,2,2,2,2,2,2,2,2,2,2,2,2,2,2, , , , , , , , , , , , , , , , , , , , , , , , , , , , , , , , , ,2,4,2,2,5, , ,1,5,2, ,2, ,2, ,2, ,1,5,2, ,2, ,2, ,2, ,2, ,2, ,2, ,6,5, ,2,2,2,2,2,2,10,7,4, , , , , , , , , , , , ,1,1049.40314210918
2024,07,19169,1,0012,1,1,202407191691001211,1,1,1,1,2, ,2,49,1,1,11,9,1974,1, , , , , , , , , , , , , , , ,9411,5610,1, ,3,2,1,2,12,12,12,12,12,0,12,72, ,72,1, ,2, ,2,2, , , , , , , , , , , , , , , , ,1,5,2, ,2, ,2, ,2, ,1,5,2, ,2, ,2, ,2, ,1,5,2, ,2, ,6,5, ,2,2,2,2,2,2,10,7,1, , ,1110,90, , , , , ,1200,1200,1200,1,846.512330648124
2024,07,1918801,1,0051,1,1,20240719188011005111,1,1,1,1,2, ,2,41,1,1,8,11,1982,2,2,2,2,2,2,2,2,2,2,2,2,2,2,2,2, , , , , , , , , , , , , , , , , , , , , , , , , , , , , , , , , ,2,5,1,1,13,4,2,1,5,2, ,2, ,2, ,2, ,1,5,2, ,2, ,2, ,1,5,2, ,2, ,2, ,10,2, ,2,2,2,2,2,2,10,7,2, , , , , , , , , , , , ,1,847.160396535611
2024,07,1918801,1,0051,1,1,20240719188011005112,1,2,2,1,2, ,1,36,2,2,18,8,1987,1, , , , , , , , , , , , , , , ,8343,5210,3,5,1, ,4,500,0,8,8,8,8,8,8,48, ,48,1, ,2, ,2,2,4,3000, , , , , , , , , , , , , , ,1,3,1,1,2, ,1,1,2, ,2, ,2, ,2, ,2, ,1,1,2, ,2, ,2, ,6,5, ,2,2,2,2,2,2,10,7,1,3000, , , , , , , ,750,3000,3000,3750,1,851.424397670167
2024,07,1918801,1,0051,1,1,20240719188011005113,1,3,3,1,2, ,2,19,3,3,28,3,2005,2,2,2,2,2,2,2,2,2,2,2,2,2,2,2,2, , , , , , , , , , , , , , , , , , , , , , , , , , , , , , , , , ,2,4,2,2,4, , ,1,5,2, ,2, ,2, ,2, ,1,5,2, ,2, ,2, ,2, ,2, ,2, ,2, ,10,2, ,2,2,2,2,2,2,10,7,4, , , , , , , , , , , , ,1,827.272907543346
2024,07,1918801,1,0052,1,1,20240719188011005211,1,1,1,1,2, ,1,43,1,1,20,3,1981,1, , , , , , , , , , , , , , , ,8321,4922,2, ,3,2,1,1,4,9,9,9,9,9,9,58, ,58,1, ,1,1,1,1, , , , , , , , , , , , , , , , ,1,5,2, ,2, ,2, ,2, ,1,5,2, ,2, ,2, ,2, ,2, ,2, ,2, ,6,5, ,2,2,2,2,2,2,10,1,1, , ,1680, , , , , , ,1680,1680,1680,1,851.424397670167
2024,07,1918801,1,0052,1,1,20240719188011005212,1,2,2,1,2, ,2,39,2,2,6,8,1984,2,2,2,2,2,2,2,2,2,2,2,2,2,2,2,2, , , , , , , , , , , , , , , , , , , , , , , , , , , , , , , , , ,2,5,1,2,6, , ,1,5,2, ,2, ,2, ,2, ,1,5,2, ,2, ,2, ,2, ,2, ,2, ,2, ,8,1, ,2,2,2,2,2,2,10,1,4, , , , , , , , , , , , ,1,847.160396535611
2024,07,1918801,1,0052,1,1,20240719188011005213,1,3,3,1,2, ,2,19,3,2,14,5,2005,1, , , , , , , , , , , , , , , ,5213,4782,3,5,3,2,1,2,0,12,12,12,12,12,12,72, ,72,1, ,2, ,2,2,4,1200, , , , , , , , , , , , , , ,1,5,2, ,2, ,2, ,2, ,1,5,2, ,2, ,2, ,2, ,2, ,2, ,2, ,6,5, ,2,2,2,2,2,2,10,7,1,1200, , , , , , , , ,1200,1200,1200,1,827.272907543346
2024,07,1918801,1,0052,1,1,20240719188011005214,1,4,3,1,2, ,1,14,4,4,22,10,2009,2,2,2,2,2,2,2,2,2,2,2,2,2,2,2,2, , , , , , , , , , , , , , , , , , , , , , , , , , , , , , , , , ,2,4,1,1,3, , ,1,5,2, ,2, ,2, ,2, ,1,5,2, ,2, ,2, ,2, ,2, ,2, ,2, ,5,2, ,2,2,2,2,2,2,10,1,4, , , , , , , , , , , , ,1,771.946767090991
2024,07,1918801,1,0054,1,1,20240719188011005411,1,1,1,1,2, ,1,44,1,1,16,7,1979,1, , , , , , , , , , , , , , , ,5213,4782,2, ,3,2,1,2,6,10,10,10,10,10,10,66, ,66,1, ,2, ,2,2, , , , , , , , , , , , , , , , ,1,5,2, ,2, ,2, ,2, ,1,5,2, ,2, ,2, ,2, ,2, ,2, ,2, ,6,5, ,2,2,2,2,2,2,10,1,1, , ,2200, , , , , , ,2200,2200,2200,1,851.424397670167
2024,07,1918801,1,0054,1,1,20240719188011005412,1,2,2,1,2, ,2,39,2,2,5,5,1985,1, , , , , , , , , , , , , , , ,5213,4782,4, ,3,2,1,2,6,10,10,10,10,10,10,66, ,66,1, ,2, ,2, , , , , , , , , , , , , , , , , ,1,5,2, ,2, ,2, ,2, ,1,5,2, ,2, ,2, ,2, ,2, ,2, ,2, ,4, ,6,2,2,2,2,2,2,10,1,1, , , , , , , , , , , , ,1,847.160396535611
2024,07,1918801,1,0054,1,1,20240719188011005413,1,3,3,1,2, ,2,16,3,3,23,1,2008,2,2,2,2,2,2,2,2,2,2,2,2,2,2,2,2, , , , , , , , , , , , , , , , , , , , , , , , , , , , , , , , , ,2,4,2,2,3, , ,2,5,2, ,2, ,2, ,2, ,1,5,2, ,2, ,2, ,2, ,2, ,2, ,2, ,5,3, ,2,2,2,2,2,2,10,7,4, , , , , , , , , , , , ,1,827.272907543346
2024,07,1918801,1,0054,1,1,20240719188011005414,1,4,3,1,2, ,2,14,4,4,7,4,2010,2,2,2,2,2,2,2,2,2,2,2,2,2,2,2,2, , , , , , , , , , , , , , , , , , , , , , , , , , , , , , , , , ,2,4,2,2,3, , ,2,5,2, ,2, ,2, ,2, ,1,5,2, ,2, ,2, ,2, ,2, ,2, ,2, ,5,2, ,2,2,2,2,2,2,10,7,4, , , , , , , , , , , , ,1,827.272907543346
2024,07,1918801,1,0055,1,1,20240719188011005511,1,1,1,1,2, ,2,47,1,1,13,9,1976,2,2,2,2,2,2,2,2,2,2,2,2,2,2,2,2, , , , , , , , , , , , , , , , , , , , , , , , , , , , , , , , , ,2,5,2,2,6, , ,1,5,2, ,2, ,2, ,2, ,1,5,2, ,2, ,2, ,2, ,2, ,2, ,2, ,6,5, ,2,2,2,2,2,2,10,7,4, , , , , , , , , , , , ,1,667.328587981025
2024,07,1918801,1,0055,1,1,20240719188011005512,1,2,7,1,2, ,2,31,2,2,9,11,1992,2,2,2,2,2,2,2,2,2,2,2,2,2,2,2,2, , , , , , , , , , , , , , , , , , , , , , , , , , , , , , , , , ,2,7,2,2,7, , ,2,5,2, ,2, ,2, ,2, ,1,5,2, ,2, ,2, ,2, ,2, ,2, ,2, ,4, ,6,2,2,2,2,2,1,10,7,4, , , , , , , , , , , , ,1,847.160396535611
2024,07,1918801,1,0055,1,1,20240719188011005513,1,3,6,1,2, ,2,65,3,3,1,9,1958,2,2,2,2,2,2,2,2,2,2,2,2,2,2,2,2, , , , , , , , , , , , , , , , , , , , , , , , , , , , , , , , , ,2,7,2,2,7, , ,1,5,2, ,2, ,2, ,2, ,1,5,2, ,2, ,2, ,2, ,2, ,2, ,2, ,3,2, ,2,2,2,2,2,2,10,7,4, , , , , , , , , , , , ,1,667.328587981025
2024,07,2984503,1,0164,1,1,20240729845031016411,1,1,1,1,2, ,2,73,1,1,22,4,1951,2,2,2,2,2,2,2,2,2,2,2,2,2,2,2,2, , , , , , , , , , , , , , , , , , , , , , , , , , , , , , , , , ,2,6,2,2,3, , ,1,1,1,3,2, ,2, ,2, ,2, ,2, ,2, ,2, ,2, ,2, ,1,3,2, ,6,5, ,2,2,2,2,2,2,10,7,4, , , , , , , , , , , , ,1,1019.94603541341
2024,07,2984503,1,0164,1,1,20240729845031016412,1,2,2,1,2, ,1,82,2,1,18,1,1942,2,2,2,2,2,2,2,2,2,2,2,2,2,2,2,2, , , , , , , , , , , , , , , , , , , , , , , , , , , , , , , , , ,2,6,2,2,3, , ,1,4,2, ,2, ,2, ,1,3,2, ,2, ,2, ,2, ,2, ,2, ,2, ,1,3,6,5, ,2,2,2,2,2,2,10,7,4, , , , , , , , , , , , ,1,1161.90456415819
2024,07,2984503,1,0177,1,1,20240729845031017711,1,1,1,1,2, ,1,71,1,1,24,5,1953,2,2,2,2,2,2,2,2,2,2,2,2,2,2,2,2, , , , , , , , , , , , , , , , , , , , , , , , , , , , , , , , , ,2,6,2,2,3, , ,1,5,2, ,2, ,2, ,2, ,1,5,2, ,2, ,2, ,2, ,2, ,2, ,2, ,6,5, ,2,2,2,2,2,2,12,6,4, , , , , , , , , , , , ,1,1161.90456415819
2024,07,2984503,1,0177,1,1,20240729845031017712,1,2,2,1,2, ,2,77,2,2,2,10,1946,2,2,2,2,2,2,2,2,2,2,2,2,2,2,2,2, , , , , , , , , , , , , , , , , , , , , , , , , , , , , , , , , ,2,5,2,2,3, , ,1,1,1,4,2, ,2, ,2, ,2, ,2, ,2, ,2, ,2, ,2, ,2, ,2, ,9,3, ,2,2,2,2,2,2,10,7,4, , , , , , , , , , , , ,1,1019.94603541341
2024,07,26312,1,0052,1,1,202407263121005211,1,1,1,1,2, ,1,76,1,1,18,12,1947,2,2,2,2,2,2,2,2,2,2,2,2,2,2,2,2, , , , , , , , , , , , , , , , , , , , , , , , , , , , , , , , , ,2,6,1,1,3, , ,1,3,1,3,2, ,1,3,2, ,2, ,2, ,2, ,2, ,1,3,2, ,2, ,2, ,11,5, ,2,2,2,2,2,2,10,7,4, , , , , , , , , , , , ,1,951.093280501373
2024,07,26312,1,0054,1,1,202407263121005411,1,1,1,1,2, ,2,32,1,1,10,6,1992,1, , , , , , , , , , , , , , , ,5111,5110,3,5,1, ,5,1000,8,0,8,8,8,8,8,48, ,48,1, ,1,2,2,2,4,3000, , , , , , , , , , , , , , ,1,3,1,1,2, ,1,1,2, ,2, ,2, ,2, ,2, ,1,1,2, ,2, ,2, ,11,5, ,2,2,2,2,2,2,10,6,1,3000, , , , , , , ,500,3000,3000,3500,1,1059.87772446506
2024,07,2645302,1,0127,1,1,20240726453021012711,1,1,1,1,2, ,1,46,1,1,22,2,1978,1, , , , , , , , , , , , , , , ,4110,7110,3,5,1, ,1,4,0,8,8,8,8,8,0,40, ,40,1, ,2, ,2,2,4,3000, , , , , , , , , , , , , , ,1,3,1,1,2, ,1,1,2, ,2, ,2, ,2, ,2, ,1,1,2, ,2, ,2, ,11,5, ,2,2,2,2,2,2,10,7,1,3000, , , , , , , ,750,3000,3000,3750,1,1561.55989086221
2024,07,2645302,1,0127,1,1,20240726453021012712,1,2,2,1,2, ,2,38,2,2,9,9,1985,1, , , , , , , , , , , , , , , ,4417,6910,3,5,1, ,1,20,0,8,8,8,8,8,0,40, ,40,1, ,2, ,2,2,4,1800, , , , , , , , , , , , , , ,1,1,1,1,2, ,2, ,2, ,2, ,2, ,2, ,2, ,1,1,2, ,2, ,2, ,11,6, ,2,2,2,2,2,2,10,7,1,1800, , , , , , , ,40,1800,1800,1840,1,1740.16847524197
2024,07,2645302,1,0127,1,1,20240726453021012713,1,3,11,1,2, ,1,19,3,3,12,10,2004,2,2,2,2,2,2,2,2,2,2,2,2,2,2,2,2, , , , , , , , , , , , , , , , , , , , , , , , , , , , , , , , , ,2,4,1,2,5, , ,1,1,1,4,2, ,2, ,2, ,2, ,2, ,2, ,2, ,2, ,2, ,2, ,2, ,10,1, ,2,2,2,2,2,2,10,7,4, , , , , , , , , , , , ,1,1585.67071141436
2024,07,22640,1,0086,1,1,202407226401008611,1,1,1,1,2, ,1,27,1,1,14,9,1996,1, , , , , , , , , , , , , , , ,3129,1313,3,5,1, ,2,30,0,9,8,9,8,8,6,48, ,48,1, ,1,1,1,2,3,2000, , , , , , , , , , , , , , ,1,1,1,1,2, ,2, ,2, ,2, ,2, ,2, ,2, ,1,1,2, ,2, ,2, ,11,5, ,2,2,2,2,2,2,10,7,1,4000, , , , , , , ,501,4000,4000,4501,1,1079.88245161325
2024,07,22640,1,0086,1,1,202407226401008612,1,2,7,1,2, ,1,23,2,2,25,5,2001,1, , , , , , , , , , , , , , , ,8154,1313,3,5,1, ,2,30,0,9,9,8,8,8,8,50, ,50,2,48,1,1,1,1,2,300, , , , , , , , , , , , , , ,1,1,1,1,2, ,2, ,2, ,2, ,2, ,2, ,2, ,1,1,2, ,2, ,2, ,6,5, ,2,2,2,2,2,2,10,7,1,1299, , , , , , , ,150,1299,1299,1449,1,979.079022919983
2024,07,22640,1,0086,1,1,202407226401008613,1,3,8,1,2, ,1,23,3,3,4,11,2000,1, , , , , , , , , , , , , , , ,4321,1313,3,5,1, ,2,30,0,8,8,8,8,8,8,48, ,48,1, ,1,1,1,2,2,400, , , , , , , , , , , , , , ,1,1,1,1,2, ,2, ,2, ,2, ,2, ,2, ,2, ,1,1,2, ,2, ,2, ,8,2, ,2,2,2,2,2,2,10,7,1,1732, , , , , , , ,201,1732,1732,1933,1,979.079022919983
2024,07,22640,1,0087,1,1,202407226401008711,1,1,1,1,2, ,1,31,1,1,17,2,1993,1, , , , , , , , , , , , , , , ,3322,4773,3,5,1, ,4,300,0,8,8,8,8,8,6,46, ,46,1, ,1,1,1,2,4,1025, , , , , , , , , , , , , , ,1,1,1,1,2, ,2, ,2, ,2, ,2, ,2, ,2, ,1,1,2, ,2, ,2, ,11,5, ,2,2,2,2,2,2,10,7,1,1025, , , , , , , ,255,1025,1025,1280,1,1079.88245161325
2024,07,22640,1,0087,1,1,202407226401008712,1,2,2,1,2, ,2,33,2,2,8,10,1990,1, , , , , , , , , , , , , , , ,4132,8010,3,4,1, ,5,2000,0,8,8,8,8,8,8,48, ,48,1, ,2, ,2,2,4,1800,27, , , , , , , , , , , , , ,1,1,1,1,2, ,2, ,2, ,2, ,2, ,2, ,2, ,1,1,2, ,2, ,2, ,9,3, ,2,2,2,2,2,2,10,7,1,1800,230, , , , , , ,558,2030,2030,2588,1,1074.47431436529
2024,07,22640,1,0087,1,1,202407226401008713,1,3,11,1,2, ,2,23,3,3,10,12,2000,2,2,2,2,2,2,2,2,2,2,2,2,2,2,2,2, , , , , , , , , , , , , , , , , , , , , , , , , , , , , , , , , ,2,5,1,1,7, , ,1,5,2, ,2, ,2, ,2, ,1,5,2, ,2, ,2, ,2, ,2, ,2, ,2, ,9,3, ,1,2,2,2,2,2,10,7,3, , , , , , , , , , , , ,1,1049.25052417538
2024,07,49720,1,0092,1,1,202407497201009211,1,1,1,1,2, ,2,50,1,1,13,5,1974,1, , , , , , , , , , , , , , , ,9112,7830,3,4,1, ,4,200,0,8,8,8,8,8,6,46, ,46,1, ,2, ,2,2,4,1060, , , , , , , , , , , , , , ,1,1,1,1,2, ,2, ,2, ,2, ,2, ,2, ,2, ,1,1,2, ,2, ,2, ,5,3, ,2,2,2,2,2,2,10,7,1,1060, , , , , , , ,303,1060,1060,1363,1,1641.30751487739
2024,07,49720,1,0092,1,1,202407497201009212,1,2,3,1,2, ,1,16,2,2,3,7,2007,2,2,2,2,2,2,2,2,2,2,2,2,2,2,2,2, , , , , , , , , , , , , , , , , , , , , , , , , , , , , , , , , ,2,4,1,2,5, , ,1,1,1,4,2, ,2, ,2, ,2, ,2, ,2, ,2, ,2, ,2, ,2, ,2, ,5,4, ,2,2,2,2,2,2,10,7,4, , , , , , , , , , , , ,1,1898.61794134283
2024,07,49720,1,0092,1,1,202407497201009214,1,4,6,1,2, ,2,74,4,4,27,6,1949,2,2,2,2,2,2,2,2,2,2,2,2,2,2,2,2, , , , , , , , , , , , , , , , , , , , , , , , , , , , , , , , , ,2,5,1,1,7, , ,1,5,2, ,2, ,2, ,2, ,1,5,2, ,2, ,2, ,2, ,2, ,2, ,2, ,5,4, ,2,2,2,2,2,2,10,7,3, , , , , , , , , , , , ,1,1641.30751487739
2024,07,49720,1,0093,1,1,202407497201009311,1,1,1,1,2, ,1,34,1,1,2,8,1989,1, , , , , , , , , , , , , , , ,9313,4100,3,5,3,2,1,3,0,0,0,0,0,0,6,6, ,60,2,60,1,1,1,1,2,80, , , , , , , , , , , , , , ,1,5,2, ,2, ,2, ,2, ,1,5,2, ,2, ,2, ,2, ,2, ,2, ,2, ,6,5, ,2,2,2,2,2,2,10,5,1,346, , , , , , , , ,346,346,346,1,2094.09470449022
2024,07,49720,1,0093,1,1,202407497201009312,1,2,2,1,2, ,2,30,2,2,28,6,1993,2,2,2,2,2,2,2,2,2,2,2,2,2,2,2,2, , , , , , , , , , , , , , , , , , , , , , , , , , , , , , , , , ,2,5,2,2,6, , ,1,5,2, ,2, ,2, ,2, ,1,5,2, ,2, ,2, ,2, ,2, ,2, ,2, ,6,5, ,2,2,2,2,2,2,10,1,4, , , , , , , , , , , , ,1,2083.60731157518
2024,07,49720,1,0096,1,1,202407497201009611,1,1,1,1,2, ,1,41,1,1,7,9,1982,1, , , , , , , , , , , , , , , ,7111,4100,3,5,3,2,1,7,0,8,8,8,8,8,5,45, ,45,1, ,1,1,1,2,2,720, , , , , , , , , , , , , , ,1,5,2, ,2, ,2, ,2, ,1,5,2, ,2, ,2, ,1,5,2, ,2, ,2, ,4, ,6,2,2,2,2,2,2,10,5,1,3118, , , , , , , , ,3118,3118,3118,1,2094.09470449022
2024,07,49720,1,0096,1,1,202407497201009612,1,2,2,1,2, ,2,35,2,2,22,3,1989,1, , , , , , , , , , , , , , , ,5120,5629,2, ,3,2,1,1,0,2,2,2,0,0,0,6, ,6,1, ,1,2,2,2, , , , , , , , , , , , , , , , ,1,5,2, ,2, ,2, ,2, ,1,5,2, ,2, ,2, ,2, ,2, ,2, ,2, ,3, ,2,2,2,2,2,2,2,10,9,1, , ,335,130, , , , , ,465,465,465,1,2083.60731157518
2024,07,18605,1,0031,1,1,202407186051003111,1,1,1,1,2, ,2,65,1,1,24,2,1959,2,2,2,2,2,2,2,2,2,2,2,2,2,2,2,2, , , , , , , , , , , , , , , , , , , , , , , , , , , , , , , , , ,2,5,2,2,6, , ,1,5,2, ,2, ,2, ,2, ,1,5,2, ,2, ,2, ,2, ,2, ,2, ,2, ,5,3, ,2,2,2,2,2,2,1,1,4, , , , , , , , , , , , ,1,704.691917862782
2024,07,18605,1,0031,1,1,202407186051003112,1,2,2,1,2, ,1,74,2,2,3,8,1949,2,2,2,2,2,2,2,2,2,2,2,2,2,2,2,2, , , , , , , , , , , , , , , , , , , , , , , , , , , , , , , , , ,2,7,2,2,7, , ,1,1,1,3,2, ,2, ,2, ,2, ,2, ,2, ,2, ,2, ,1,3,2, ,2, ,4,5, ,2,2,2,2,2,2,1,1,4, , , , , , , , , , , , ,1,802.772624493094
2024,07,18605,1,0031,1,1,202407186051003113,1,3,3,1,2, ,2,32,3,3,22,6,1992,1, , , , , , , , , , , , , , , ,9535,4799,2, ,3,2,1,1,3,3,2,2,2,2,2,16,14,30,1, ,2, ,2,2, , , , , , , ,30, , , , , , , , ,1,5,2, ,2, ,2, ,2, ,1,5,2, ,2, ,2, ,2, ,2, ,2, ,2, ,6,5, ,2,2,2,2,2,2,10,7,1, , ,250, , ,30, , , ,280,250,280,1,894.592402190102
2024,07,18605,1,0032,1,1,202407186051003211,1,1,1,1,2, ,2,56,1,3,26,11,1967,1, , , , , , , , , , , , , , , ,5120,5610,3,5,1, ,1,5,8,8,8,0,8,8,8,48, ,48,1, ,2, ,2,2,4,950,15, , , , , , , , , , , , , ,1,1,1,3,2, ,2, ,2, ,2, ,2, ,2, ,2, ,1,3,2, ,2, ,2, ,9,3, ,2,2,2,2,2,2,10,7,1,950,450, , , , , , , ,1400,1400,1400,1,704.691917862782
2024,07,18605,1,0032,1,1,202407186051003212,1,2,2,1,2, ,1,75,2,2,24,6,1949,2,2,2,2,2,2,2,2,2,2,2,2,2,2,2,2, , , , , , , , , , , , , , , , , , , , , , , , , , , , , , , , , ,1,5,1,2,13,5,1,1,1,1,4,2, ,2, ,2, ,2, ,2, ,2, ,2, ,2, ,2, ,2, ,2, ,3,2, ,2,2,2,1,2,2,10,7,2, , , , , , , , , , , , ,1,802.772624493094
2024,07,18605,1,0032,1,1,202407186051003213,1,3,3,1,2, ,2,34,3,3,29,12,1989,1, , , , , , , , , , , , , , , ,5414,8010,3,4,1, ,4,200,12,12,12,0,12,12,12,72, ,72,1, ,2, ,2,2,4,2200, , , , , , , , , , , , , , ,1,1,1,1,2, ,2, ,2, ,2, ,2, ,2, ,2, ,2, ,1,1,2, ,2, ,10,1, ,2,2,2,2,2,2,10,7,1,2200, , , , , , , , ,2200,2200,2200,1,894.592402190102
2024,07,18605,1,0036,1,1,202407186051003611,1,1,1,1,2, ,2,33,1,1,13,6,1991,2,2,2,2,2,2,2,2,2,2,2,2,2,2,2,2, , , , , , , , , , , , , , , , , , , , , , , , , , , , , , , , , ,2,5,1,2,6, , ,1,5,2, ,2, ,2, ,2, ,1,5,2, ,2, ,2, ,2, ,2, ,2, ,2, ,6,5, ,2,2,2,2,2,2,10,7,4, , , , , , , , , , , , ,1,894.592402190102
2024,07,18605,1,0040,1,1,202407186051004011,1,1,1,1,2, ,1,74,1,1,18,3,1950,2,2,2,2,2,2,2,2,2,2,2,2,2,2,2,2, , , , , , , , , , , , , , , , , , , , , , , , , , , , , , , , , ,2,6,1,2,6, , ,1,1,1,3,2, ,2, ,2, ,2, ,2, ,2, ,2, ,2, ,2, ,1,3,2, ,6,5, ,2,2,2,2,2,2,10,7,4, , , , , , , , , , , , ,1,802.772624493094
2024,07,18605,1,0040,1,1,202407186051004012,1,2,2,1,2, ,2,70,2,2,26,5,1954,2,2,2,2,2,2,2,2,2,2,2,2,2,2,2,2, , , , , , , , , , , , , , , , , , , , , , , , , , , , , , , , , ,2,7,2,2,7, , ,2,1,1,4,2, ,2, ,2, ,2, ,2, ,2, ,2, ,2, ,2, ,2, ,2, ,6,5, ,2,2,2,2,2,2,10,7,4, , , , , , , , , , , , ,1,704.691917862782
2024,07,18605,1,0040,1,1,202407186051004013,1,3,5,2, ,1,2,17,3,3,16,1,2007,2,2,2,2,2,2,2,2,2,2,2,2,2,2,2,2, , , , , , , , , , , , , , , , , , , , , , , , , , , , , , , , , ,2,5,2,2,11, , ,2,5,2, ,2, ,2, ,2, ,1,5,2, ,2, ,2, ,2, ,2, ,2, ,2, ,5,4, ,2,2,2,2,2,2,10,7,4, , , , , , , , , , , , ,1,873.591424543043
2024,07,26895,1,0027,1,1,202407268951002711,1,1,1,1,2, ,1,74,1,1,23,1,1950,2,2,2,2,2,2,2,2,2,2,2,2,2,2,2,2, , , , , , , , , , , , , , , , , , , , , , , , , , , , , , , , , ,2,6,1,1,3, , ,1,1,1,3,2, ,2, ,2, ,2, ,2, ,2, ,2, ,1,3,2, ,2, ,2, ,11,6, ,2,2,2,2,2,2,10,7,4, , , , , , , , , , , , ,1,869.359856006233
2024,07,26895,1,0027,1,1,202407268951002712,1,2,2,1,2, ,2,60,2,2,7,6,1964,1, , , , , , , , , , , , , , , ,2611,6910,2, ,2,2,1,1,0,8,8,8,8,8,0,40, ,40,1, ,2, ,2,2, , , , , , , , , , , , , , , , ,1,3,1,4,1,2,2, ,2, ,2, ,2, ,2, ,2, ,1,5,2, ,2, ,2, ,12,2, ,2,2,2,2,2,2,10,7,1, , ,5000, , , , , , ,5000,5000,5000,1,763.143691688274
2024,07,26895,1,0029,1,1,202407268951002911,1,1,1,1,2, ,1,79,1,1,10,4,1945,1, , , , , , , , , , , , , , , ,3314,5610,3,5,1, ,1,3,0,8,8,8,8,8,8,48, ,48,1, ,1,2,2,2,4,3500, , , , , , , , , , , , , , ,1,3,1,4,1,2,2, ,2, ,2, ,2, ,2, ,2, ,2, ,2, ,2, ,2, ,10,4, ,2,2,2,2,2,2,10,7,1,3500, , , , , , , , ,3500,3500,3500,1,869.359856006233
2024,07,26895,1,0029,1,1,202407268951002912,1,2,2,1,2, ,2,68,2,2,27,5,1956,2,2,2,2,2,2,2,2,2,2,2,2,2,2,2,2, , , , , , , , , , , , , , , , , , , , , , , , , , , , , , , , , ,2,6,2,2,4, , ,1,3,1,3,1,4,2, ,2, ,2, ,2, ,2, ,2, ,1,3,2, ,2, ,2, ,9,3, ,2,2,2,2,2,2,10,7,4, , , , , , , , , , , , ,1,763.143691688274
2024,07,26895,1,0029,1,1,202407268951002913,1,3,3,1,2, ,2,37,3,3,15,1,1987,1, , , , , , , , , , , , , , , ,2421,6110,3,5,1, ,5,3000,0,9,9,9,9,5,0,41, ,41,1, ,2, ,2,2,4,8000, , , , , , , , , , , , , , ,1,3,1,1,2, ,1,1,2, ,2, ,2, ,2, ,2, ,1,1,2, ,2, ,2, ,11,5, ,2,2,2,2,2,2,10,7,1,8000, , , , , , , ,3001,8000,8000,11001,1,968.795768843445
2024,07,47914,1,0083,1,1,202407479141008311,1,1,1,1,2, ,1,44,1,1,12,1,1980,1, , , , , , , , , , , , , , , ,8321,4922,2, ,3,2,1,1,7,11,11,11,11,11,12,74, ,74,1, ,2, ,2,1, , , , , , , , , , , , , , , , ,1,6,2, ,2, ,2, ,2, ,2, ,2, ,2, ,2, ,2, ,1,5,2, ,2, ,5,4, ,2,2,2,2,2,2,10,6,1, , ,1500, , , , , , ,1500,1500,1500,1,900.587941786755
2024,07,47914,1,0083,1,1,202407479141008312,1,2,2,1,2, ,2,46,2,2,29,9,1977,1, , , , , , , , , , , , , , , ,9111,9700,6, , , ,1,1,0,9,9,9,9,9,6,51, ,51,1, ,1,2,2,2,4,1050,15, , , , , , , , , , , , , ,1,6,2, ,2, ,2, ,2, ,2, ,2, ,2, ,2, ,2, ,2, ,2, ,2, ,6,5, ,2,2,2,2,2,2,10,1,1,1050,450, , , , , , , ,1500,1500,1500,1,705.861942868719
2024,07,47914,1,0083,1,1,202407479141008313,1,3,3,1,2, ,1,18,3,3,6,4,2006,2,2,2,2,2,2,2,2,2,2,2,2,2,2,2,2, , , , , , , , , , , , , , , , , , , , , , , , , , , , , , , , , ,1,8,1,2,13,5,1,2,5,2, ,2, ,2, ,2, ,1,5,2, ,2, ,2, ,2, ,2, ,2, ,2, ,6,5, ,2,2,2,2,2,2,10,7,2, , , , , , , , , , , , ,1,816.521058177066
2024,07,47914,1,0084,1,1,202407479141008411,1,1,1,1,2, ,1,39,1,2,1,6,1985,1, , , , , , , , , , , , , , , ,7352,1410,2, ,2,2,1,1,6,9,9,9,9,9,9,60, ,60,1, ,1,2,2,1, , , , , , , , , , , , , , , , ,1,5,2, ,2, ,2, ,2, ,1,5,2, ,2, ,2, ,2, ,2, ,2, ,2, ,9,3, ,2,2,2,2,2,2,1,1,1, , ,1150, , , , , , ,1150,1150,1150,1,900.587941786755
2024,07,47914,1,0084,1,1,202407479141008412,1,2,2,1,2, ,2,35,2,2,5,2,1989,2,2,2,2,2,2,2,2,2,2,2,2,2,2,2,2, , , , , , , , , , , , , , , , , , , , , , , , , , , , , , , , , ,2,5,1,2,6, , ,1,5,2, ,2, ,2, ,2, ,1,5,2, ,2, ,2, ,2, ,2, ,2, ,2, ,6,5, ,2,2,2,2,2,2,10,1,4, , , , , , , , , , , , ,1,896.077725711136
2024,07,47914,1,0089,1,1,202407479141008911,1,1,1,1,2, ,2,57,1,1,4,12,1966,2,2,2,2,2,2,2,2,2,2,2,2,2,2,2,2, , , , , , , , , , , , , , , , , , , , , , , , , , , , , , , , , ,2,5,1,2,7, , ,1,4,2, ,2, ,2, ,1,4,2, ,2, ,2, ,2, ,2, ,2, ,2, ,2, ,4,5, ,2,2,2,2,2,2,1,1,4, , , , , , , , , , , , ,1,705.861942868719
2024,07,47914,1,0089,1,1,202407479141008912,1,2,3,1,2, ,1,23,2,2,18,4,2001,1, , , , , , , , , , , , , , , ,220,8423,3,1, , ,5,1000,0,8,16,8,16,8,16,72, ,72,1, ,2, ,2,2,4,3100,15, , , , , , , , , , , , , ,1,4,2, ,2, ,2, ,1,1,2, ,2, ,2, ,2, ,2, ,2, ,2, ,1,1,6,5, ,2,2,2,2,2,2,10,7,1,3100,450, , , , , , ,92,3550,3550,3642,1,816.521058177066
2024,07,1794302,1,0051,1,1,20240417943021005111,1,1,1,1,2, ,1,45,1,1,26,10,1978,1, , , , , , , , , , , , , , , ,7127,4322,2, ,3,2,1,1,0,0,0,5,5,5,5,20, ,20,1, ,1,1,1,1, , , , , , , , , , , , , , , , ,1,5,2, ,2, ,2, ,2, ,1,5,2, ,2, ,2, ,2, ,2, ,2, ,2, ,6,5, ,2,2,2,2,2,2,10,7,1, , ,1100, , , , , , ,1100,1100,1100,1,389.184090271886
2024,07,1794302,1,0051,1,1,20240417943021005112,1,2,2,1,2, ,2,44,2,2,22,12,1979,1, , , , , , , , , , , , , , , ,9533,4799,2, ,3,2,1,1,2,2,2,2,2,2,2,14, ,14,1, ,2, ,2,2, , , , , , , , , , , , , , , , ,1,5,2, ,2, ,2, ,2, ,1,5,2, ,2, ,2, ,2, ,2, ,2, ,2, ,6,5, ,2,2,2,2,2,2,10,7,1, , ,100, , , , , , ,100,100,100,1,433.698309568466
2024,07,1794302,1,0052,1,1,20240417943021005211,1,1,1,1,2, ,1,70,1,1,15,10,1953,1, , , , , , , , , , , , , , , ,7128,4330,3,5,3,2,1,3,0,0,6,6,0,0,0,12, ,12,1, ,1,1,1,1,2,80, , , , , , , , , , , , , , ,1,1,1,2,2, ,2, ,2, ,2, ,2, ,2, ,2, ,2, ,2, ,2, ,2, ,6,5, ,2,2,2,2,2,2,10,7,1,346, , , , , , , , ,346,346,346,1,389.184090271886
2024,07,1794302,1,0053,1,1,20240417943021005311,1,1,1,1,2, ,2,38,1,1,15,11,1985,2,2,2,2,2,2,2,2,2,2,2,2,2,2,2,2, , , , , , , , , , , , , , , , , , , , , , , , , , , , , , , , , ,2,5,1,1,6, , ,1,5,2, ,2, ,2, ,2, ,1,5,2, ,2, ,2, ,2, ,2, ,2, ,2, ,5,3, ,2,2,2,2,2,2,10,7,4, , , , , , , , , , , , ,1,433.698309568466
2024,07,1794302,1,0053,1,1,20240417943021005312,1,2,2,1,2, ,1,32,2,2,6,4,1992,2,2,2,2,2,2,2,2,2,2,2,2,2,2,2,2, , , , , , , , , , , , , , , , , , , , , , , , , , , , , , , , , ,1,5,1,1,13,4,1,1,1,1,5,2, ,2, ,2, ,2, ,2, ,2, ,2, ,1,5,2, ,2, ,2, ,10,3, ,2,2,2,2,2,2,10,7,2, , , , , , , , , , , , ,1,435.881237490519
2024,07,1794302,1,0054,1,1,20240417943021005411,1,1,1,1,2, ,1,22,1,1,27,1,2002,1, , , , , , , , , , , , , , , ,5230,5610,3,5,2,1,1,8,8,8,8,8,8,8,8,56, ,56,1, ,2, ,2,2,4,1800,12, , , , , , , , , , , , , ,1,5,2, ,2, ,2, ,2, ,1,5,2, ,2, ,2, ,2, ,2, ,2, ,2, ,10,2, ,2,2,2,2,2,2,10,7,1,1800,360, , , , , , , ,2160,2160,2160,1,395.19317632565
2024,07,18306,1,0081,1,1,202304183061008111,1,1,1,1,2, ,2,37,1,1,27,4,1987,1, , , , , , , , , , , , , , , ,9533,4789,2, ,3,2,1,1,0,3,3,3,3,3,3,18, ,18,1, ,1,1,1,1, , , , , , , , , , , , , , , , ,1,1,1,4,2, ,2, ,2, ,2, ,2, ,2, ,2, ,2, ,1,5,2, ,2, ,10,3, ,2,2,2,2,2,2,10,7,1, , ,411, , , , , , ,411,411,411,1,514.646278138926
2024,07,18306,1,0082,1,1,202304183061008211,1,1,1,1,2, ,1,57,1,1,13,11,1966,1, , , , , , , , , , , , , , , ,7126,2511,3,5,3,2,1,3,0,8,0,8,0,0,0,16, ,16,1, ,1,1,1,1,2,80,24, , , , , , , , , , , , , ,1,1,1,5,2, ,2, ,2, ,2, ,2, ,2, ,2, ,1,5,2, ,2, ,2, ,6,5, ,2,2,2,2,2,2,10,7,1,346,104, , , , , , , ,450,450,450,1,461.823666706477
2024,07,18306,1,0082,1,1,202304183061008212,1,2,2,1,2, ,2,59,2,2,22,9,1964,2,2,2,2,2,2,2,2,2,2,2,2,2,2,2,2, , , , , , , , , , , , , , , , , , , , , , , , , , , , , , , , , ,2,5,2,2,6, , ,1,1,1,4,2, ,2, ,2, ,2, ,2, ,2, ,2, ,2, ,1,5,2, ,2, ,6,5, ,2,2,2,2,2,2,10,7,4, , , , , , , , , , , , ,1,405.399231957254
2024,07,18306,1,0082,1,1,202304183061008213,1,3,3,1,2, ,1,32,3,4,1,1,1992,1, , , , , , , , , , , , , , , ,9333,5224,2, ,3,2,1,1,0,8,8,8,8,8,0,40, ,40,1, ,1,1,1,1, , , , , , , , , , , , , , , , ,1,5,2, ,2, ,2, ,2, ,1,5,2, ,2, ,2, ,2, ,1,5,2, ,2, ,6,5, ,2,2,2,2,2,2,10,7,1, , ,1516, , , , , , ,1516,1516,1516,1,517.236640392466
2024,07,18306,1,0082,1,1,202304183061008214,1,4,3,1,2, ,2,35,4,4,20,2,1989,1, , , , , , , , , , , , , , , ,5230,4220,3,5,1, ,3,60,0,8,8,8,8,8,5,45, ,45,1, ,2, ,2,1,4,2500, , , , , , , , , , , , , , ,1,3,1,1,2, ,1,1,2, ,2, ,2, ,2, ,2, ,1,1,2, ,2, ,2, ,11,5, ,2,2,2,2,2,2,10,7,1,2500, , , , , , , ,624,2500,2500,3124,1,514.646278138926
2024,07,18306,1,0083,1,1,202304183061008311,1,1,1,1,2, ,1,39,1,1,15,1,1985,1, , , , , , , , , , , , , , , ,4415,8423,3,2, , ,5,9998,0,8,8,8,8,8,0,40, ,40,1, ,2, ,2,2,4,3700, , , , , , , , , , , , , , ,1,3,1,1,2, ,1,1,2, ,2, ,2, ,2, ,2, ,1,1,2, ,2, ,2, ,6,5, ,2,2,2,2,2,2,10,5,1,3700, , , , , , , ,974,3700,3700,4674,1,517.236640392466
2024,07,18306,1,0083,1,1,202304183061008312,1,2,2,1,2, ,2,34,2,2,17,3,1990,1, , , , , , , , , , , , , , , ,5244,4661,3,5,1, ,5,2500,8,8,8,8,8,0,8,48, ,48,1, ,2, ,2,2,4,1025, , , , , , , , , , , , , , ,1,3,1,1,2, ,1,1,2, ,2, ,2, ,2, ,2, ,1,1,2, ,2, ,2, ,6,5, ,2,2,2,2,2,2,10,7,1,1025, , , , , , , ,1505,1025,1025,2530,1,514.646278138926
2024,07,18306,1,0083,1,1,202304183061008313,1,3,3,1,2, ,2,17,3,3,6,3,2007,2,2,2,2,2,2,2,2,2,2,2,2,2,2,2,2, , , , , , , , , , , , , , , , , , , , , , , , , , , , , , , , , ,2,8,2,2,11, , ,1,1,1,4,2, ,2, ,2, ,2, ,2, ,2, ,2, ,2, ,2, ,2, ,2, ,6,5, ,2,2,2,2,2,2,10,7,4, , , , , , , , , , , , ,1,502.564714561057
2024,07,18344,1,0044,1,1,202304183441004411,1,1,1,1,2, ,2,64,1,2,3,11,1959,1, , , , , , , , , , , , , , , ,9533,4789,2, ,3,2,1,1,5,5,5,5,5,5,0,30, ,30,1, ,2, ,2,2, , , , , , , , , , , , , , , , ,1,1,1,5,2, ,2, ,2, ,2, ,2, ,2, ,2, ,1,5,2, ,2, ,2, ,11,5, ,2,2,2,2,2,2,10,7,1, , ,350, , , , , , ,350,350,350,1,309.265467444441
2024,07,18344,1,0044,1,1,202304183441004412,1,2,3,1,2, ,1,29,2,2,16,6,1995,1, , , , , , , , , , , , , , , ,2611,9499,3,5,1, ,4,150,0,8,8,8,8,8,4,44, ,44,1, ,1,1,1,2,4,3500, , , , , , , , , , , , , , ,1,1,1,1,2, ,2, ,2, ,2, ,2, ,2, ,2, ,1,1,2, ,2, ,2, ,11,6, ,2,2,2,2,2,2,10,7,1,3500, , , , , , , , ,3500,3500,3500,1,394.582472685184
2024,07,18344,1,0045,1,1,202304183441004512,1,1,1,1,2, ,2,55,1,1,16,10,1968,2,2,2,2,1,2,2,2,2,2,2,2,2,2,2, ,5142,8690,2, ,3,2,1,1,0,0,0,0,0,0,2,2, ,2,1, ,1,2,2,2, , , , , , , , , , , , , , , , ,1,5,2, ,2, ,2, ,2, ,1,5,2, ,2, ,2, ,2, ,2, ,2, ,2, ,6,5, ,2,2,2,2,2,2,10,7,1, , ,80, , , , , , ,80,80,80,1,309.265467444441
2024,07,18344,1,0045,1,1,202304183441004511,1,2,2,1,2, ,1,78,2,2,4,5,1946,2,2,2,2,2,2,2,2,2,2,2,2,2,2,2,2, , , , , , , , , , , , , , , , , , , , , , , , , , , , , , , , , ,2,6,1,2,7, , ,1,1,1,3,2, ,2, ,2, ,2, ,2, ,2, ,2, ,2, ,1,3,2, ,2, ,6,5, ,1,2,2,2,2,2,10,7,4, , , , , , , , , , , , ,1,352.309774913298
2024,07,18344,1,0045,1,1,202304183441004513,1,3,11,1,2, ,1,76,3,3,14,9,1947,1, , , , , , , , , , , , , , , ,9122,4520,2, ,3,2,1,1,8,8,8,8,8,8,8,56,12,68,1, ,1,1,1,1, , , , , , , ,100, , , , , , , , ,1,5,2, ,2, ,2, ,2, ,1,5,2, ,2, ,2, ,2, ,2, ,2, ,2, ,5,2, ,2,2,2,2,2,2,10,7,1, , ,2020, , ,100, , , ,2120,2020,2120,1,352.309774913298
2024,07,18344,1,0047,1,1,202304183441004711,1,1,1,1,2, ,1,69,1,2,21,12,1954,1, , , , , , , , , , , , , , , ,4110,5210,3,5,1, ,2,30,0,8,8,8,8,8,0,40, ,40,1, ,2, ,2,2,4,6000,700, , , , , , , , , , , , , ,1,1,1,1,2, ,2, ,2, ,2, ,2, ,2, ,2, ,1,1,2, ,2, ,2, ,11,5, ,2,2,2,2,2,2,10,7,1,6000,700, , , , , , ,1917,6700,6700,8617,1,352.309774913298
2024,07,18344,1,0047,1,1,202404183441004712,1,2,2,1,2, ,2,66,2,2,15,7,1957,2,2,2,2,2,2,2,2,2,2,2,2,2,2,2,2, , , , , , , , , , , , , , , , , , , , , , , , , , , , , , , , , ,2,5,2,2,6, , ,1,1,1,5,2, ,2, ,2, ,2, ,2, ,2, ,2, ,2, ,2, ,2, ,2, ,9,3, ,2,2,2,2,2,2,10,7,4, , , , , , , , , , , , ,1,309.265467444441
2024,07,18357,1,0081,1,1,202307183571008111,1,1,1,1,2, ,1,65,1,1,1,8,1958,2,2,2,2,2,2,2,2,2,2,2,2,2,2,2,2, , , , , , , , , , , , , , , , , , , , , , , , , , , , , , , , , ,2,6,1,1,3, , ,1,4,2, ,2, ,2, ,1,3,2, ,2, ,2, ,2, ,2, ,2, ,2, ,1,3,6,5, ,2,2,2,2,2,2,10,7,4, , , , , , , , , , , , ,1,371.450696687132
2024,07,18357,1,0081,1,1,202307183571008112,1,2,2,1,2, ,2,65,2,2,31,8,1958,2,2,2,2,2,2,2,2,2,2,2,2,2,2,2,2, , , , , , , , , , , , , , , , , , , , , , , , , , , , , , , , , ,2,5,2,1,6, , ,1,4,2, ,2, ,2, ,1,4,2, ,2, ,2, ,2, ,2, ,2, ,2, ,2, ,6,5, ,2,2,2,2,2,2,10,7,4, , , , , , , , , , , , ,1,326.067800337869
2024,07,18357,1,0081,1,1,202307183571008113,1,3,5,1,2, ,1,20,3,1,27,4,2004,1, , , , , , , , , , , , , , , ,9629,7710,3,5,1, ,2,50,8,8,8,8,8,8,8,56, ,56,2,48,2, ,2,2,4,1800, , , , , , , , , , , , , , ,1,1,1,1,2, ,2, ,2, ,2, ,2, ,2, ,2, ,1,1,2, ,2, ,2, ,6,5, ,2,2,2,2,2,2,10,6,1,1800, , , , , , , , ,1800,1800,1800,1,377.185975330111
2024,07,18357,1,0081,1,1,202307183571008114,1,4,5,1,2, ,2,15,4,4,8,11,2008,2,2,2,2,2,2,2,2,2,2,2,2,2,2,2,2, , , , , , , , , , , , , , , , , , , , , , , , , , , , , , , , , ,2,4,2,2,3, , ,2,5,2, ,2, ,2, ,2, ,1,5,2, ,2, ,2, ,2, ,2, ,2, ,2, ,5,3, ,2,2,2,2,2,2,10,7,4, , , , , , , , , , , , ,1,404.219243862878
2024,07,18357,1,0083,1,1,202307183571008311,1,1,1,1,2, ,1,67,1,1,15,12,1956,1, , , , , , , , , , , , , , , ,5212,4721,2, ,3,2,1,2,6,5,0,0,6,7,7,31, ,41,2,41,2, ,2,2, , , , , , , , , , , , , , , , ,1,1,1,3,2, ,2, ,2, ,2, ,2, ,2, ,2, ,2, ,1,3,2, ,2, ,9,3, ,2,2,2,2,2,2,10,7,1, , ,649,40, , , , , ,689,689,689,1,371.450696687132
2024,07,18357,1,0083,1,1,202307183571008312,1,2,2,1,2, ,2,64,2,2,29,12,1959,2,2,2,2,2,2,2,2,2,2,2,2,2,2,2,2, , , , , , , , , , , , , , , , , , , , , , , , , , , , , , , , , ,2,7,1,2,7, , ,1,1,1,4,2, ,2, ,2, ,2, ,2, ,2, ,2, ,2, ,2, ,2, ,2, ,5,4, ,2,2,2,2,2,2,10,7,4, , , , , , , , , , , , ,1,326.067800337869
2024,07,18357,1,0083,1,1,202307183571008313,1,3,5,1,2, ,2,18,3,3,16,6,2006,2,2,2,2,2,2,2,2,2,2,2,2,2,2,2,2, , , , , , , , , , , , , , , , , , , , , , , , , , , , , , , , , ,2,4,1,2,5, , ,1,5,2, ,2, ,2, ,2, ,1,5,2, ,2, ,2, ,2, ,2, ,2, ,2, ,5,4, ,2,2,2,2,2,2,10,7,4, , , , , , , , , , , , ,1,404.219243862878
2024,07,18357,1,0084,1,1,202307183571008411,1,1,1,1,2, ,1,47,1,1,9,10,1976,1, , , , , , , , , , , , , , , ,7111,4100,3,5,1, ,3,100,0,8,8,8,8,8,8,48, ,48,1, ,2, ,2,2,2,630,120, , , , , , , , , , , , , ,1,1,1,1,2, ,2, ,2, ,2, ,2, ,2, ,2, ,1,1,2, ,2, ,2, ,8,1, ,2,2,2,2,2,2,10,7,1,2728,520, , , , , , , ,3248,3248,3248,1,371.450696687132
2024,07,18357,1,0084,1,1,202307183571008412,1,2,2,1,2, ,2,43,2,2,1,4,1981,2,2,2,2,2,2,2,2,2,2,2,2,2,2,2,2, , , , , , , , , , , , , , , , , , , , , , , , , , , , , , , , , ,1,5,1,1,13,2,3,1,1,1,4,2, ,2, ,2, ,2, ,2, ,2, ,2, ,2, ,2, ,2, ,2, ,6,5, ,2,2,2,2,2,2,10,6,2, , , , , , , , , , , , ,1,413.936600359728
2024,07,18357,1,0084,1,1,202307183571008414,1,3,3,1,2, ,1,25,3,3,23,11,1998,1, , , , , , , , , , , , , , , ,4417,8411,3,2, , ,5,600,0,8,8,8,8,8,0,40,4,44,1, ,1,1,1,2,4,3000, , , , , ,400, , , , , , , , ,1,5,2, ,2, ,2, ,2, ,1,5,2, ,2, ,2, ,1,5,2, ,2, ,2, ,11,5, ,2,2,2,2,2,2,10,7,1,3000, , , , ,400, , , ,3400,3000,3400,1,416.020061934167
2024,07,18357,1,0084,1,1,202307183571008415,1,4,3,1,2, ,1,14,4,4,22,5,2010,2,2,2,2,2,2,2,2,2,2,2,2,2,2,2,2, , , , , , , , , , , , , , , , , , , , , , , , , , , , , , , , , ,2,4,2,2,5, , ,2,5,2, ,2, ,2, ,2, ,1,5,2, ,2, ,2, ,2, ,2, ,2, ,2, ,5,1, ,2,2,2,2,2,2,10,9,4, , , , , , , , , , , , ,1,377.185975330111
2024,07,18357,1,0084,1,1,202307183571008413,1,5,6,1,2, ,2,73,5,1,13,10,1950,2,2,2,2,2,2,2,2,2,2,2,2,2,2,2,2, , , , , , , , , , , , , , , , , , , , , , , , , , , , , , , , , ,2,6,2,2,6, , ,1,1,1,4,2, ,2, ,2, ,2, ,2, ,2, ,2, ,2, ,2, ,2, ,2, ,6,5, ,2,2,2,2,2,2,10,9,4, , , , , , , , , , , , ,1,326.067800337869
2024,07,18357,1,0084,1,1,202307183571008416,1,6,11,1,2, ,1,23,6,6,3,1,2001,1, , , , , , , , , , , , , , , ,7111,4100,3,5,3,2,1,5,0,0,0,0,8,8,8,24, ,48,2,48,2, ,2,1,2,350, , , , , , , , , , , , , , ,1,5,2, ,2, ,2, ,2, ,1,5,2, ,2, ,2, ,1,5,2, ,2, ,2, ,6,5, ,2,2,2,2,2,2,10,7,1,1516, , , , , , , , ,1516,1516,1516,1,377.185975330111
2024,07,47251,1,0006,1,1,202307472511000611,1,1,1,1,2, ,1,43,1,1,3,12,1980,1, , , , , , , , , , , , , , , ,8343,4923,3,5,1, ,1,15,6,8,8,8,8,8,8,54, ,54,1, ,1,1,1,1,2,420, , , , , , , , , , , , , , ,1,1,1,2,2, ,2, ,2, ,2, ,2, ,2, ,2, ,2, ,1,2,2, ,2, ,6,5, ,2,2,2,2,2,2,10,7,1,1819, , , , , , , , ,1819,1819,1819,1,483.518725799456
2024,07,47251,1,0006,1,1,202307472511000612,1,2,2,1,2, ,2,37,2,2,29,12,1986,2,2,2,2,2,2,2,2,2,2,2,2,2,2,2,2, , , , , , , , , , , , , , , , , , , , , , , , , , , , , , , , , ,2,5,2,2,6, , ,1,1,1,4,2, ,2, ,2, ,2, ,2, ,2, ,2, ,2, ,2, ,2, ,2, ,8,1, ,2,2,2,2,2,2,10,7,4, , , , , , , , , , , , ,1,481.097225545259
2024,07,47251,1,0007,1,1,202307472511000711,1,1,1,1,2, ,1,86,1,1,22,6,1938,2,2,2,2,2,2,2,2,2,2,2,2,2,2,2,2, , , , , , , , , , , , , , , , , , , , , , , , , , , , , , , , , ,2,5,2,2,6, , ,1,5,2, ,2, ,2, ,2, ,1,5,2, ,2, ,2, ,2, ,2, ,2, ,2, ,11,5, ,2,2,2,2,2,2,1,1,4, , , , , , , , , , , , ,1,431.718044376195
2024,07,47251,1,0007,1,1,202310472511000712,1,2,2,1,2, ,2,75,2,2,2,3,1949,2,2,2,2,2,2,2,2,2,2,2,2,2,2,2,2, , , , , , , , , , , , , , , , , , , , , , , , , , , , , , , , , ,2,5,1,1,6, , ,1,5,2, ,2, ,2, ,2, ,1,5,2, ,2, ,2, ,2, ,2, ,2, ,2, ,6,5, ,2,2,2,2,2,2,1,7,4, , , , , , , , , , , , ,1,378.971837585435
2024,07,47251,1,0008,1,1,202307472511000811,1,1,1,1,2, ,2,77,1,1,17,7,1946,2,2,2,2,2,2,2,2,2,2,2,2,2,2,2,2, , , , , , , , , , , , , , , , , , , , , , , , , , , , , , , , , ,2,6,1,1,7, , ,1,1,1,3,2, ,2, ,2, ,2, ,2, ,2, ,2, ,2, ,1,3,2, ,2, ,6,5, ,1,2,2,2,2,2,10,7,3, , , , , , , , , , , , ,1,378.971837585435
2024,07,47251,1,0008,1,1,202307472511000812,1,2,2,1,2, ,1,82,2,2,26,11,1941,2,2,2,2,2,2,2,2,2,2,2,2,2,2,2,2, , , , , , , , , , , , , , , , , , , , , , , , , , , , , , , , , ,2,6,2,2,7, , ,1,1,1,3,2, ,2, ,2, ,2, ,2, ,2, ,2, ,2, ,1,3,2, ,2, ,4,5, ,2,2,2,2,2,2,10,7,4, , , , , , , , , , , , ,1,431.718044376195
2024,07,47251,1,0008,1,1,202307472511000813,1,3,3,1,2, ,1,41,3,3,18,12,1982,1, , , , , , , , , , , , , , , ,9334,4921,2, ,3,2,1,1,0,10,10,0,0,0,10,30, ,30,1, ,1,1,1,2, , , , , , , , , , , , , , , , ,1,5,2, ,2, ,2, ,2, ,1,5,2, ,2, ,2, ,2, ,2, ,2, ,2, ,3, ,3,2,2,2,2,1,2,10,9,1, , ,650, , , , , , ,650,650,650,1,483.518725799456
2024,07,17910,1,0092,1,1,202304179101009211,1,1,1,1,2, ,2,70,1,1,26,10,1953,2,2,2,2,2,2,2,2,2,2,2,2,2,2,2,2, , , , , , , , , , , , , , , , , , , , , , , , , , , , , , , , , ,2,6,2,2,3, , ,1,1,1,4,2, ,2, ,2, ,2, ,2, ,2, ,2, ,2, ,2, ,2, ,2, ,6,5, ,2,2,2,2,2,2,10,7,4, , , , , , , , , , , , ,1,501.383458305203
2024,07,17910,1,0092,1,1,202304179101009212,1,2,3,1,2, ,2,51,2,1,7,11,1972,1, , , , , , , , , , , , , , , ,2255,8610,3,2, , ,5,9998,0,8,8,8,8,8,0,40, ,40,1, ,2, ,2,2,4,2500,15, , , , , , , , , , , , , ,1,1,1,1,2, ,2, ,2, ,2, ,2, ,2, ,2, ,1,1,2, ,2, ,2, ,11,5, ,2,2,2,2,2,2,10,7,1,2500,450, , , , , , ,58,2950,2950,3008,1,501.383458305203
2024,07,17910,1,0094,1,1,202304179101009411,1,1,1,1,2, ,1,72,1,1,24,6,1952,1, , , , , , , , , , , , , , , ,2411,6920,2, ,3,2,1,1,0,2,2,2,2,2,0,10, ,10,1, ,2, ,2,2, , , , , , , , , , , , , , , , ,1,1,1,3,2, ,2, ,2, ,2, ,2, ,2, ,2, ,1,3,2, ,2, ,2, ,11,5, ,2,2,2,2,2,2,10,7,1, , ,1500, , , , , , ,1500,1500,1500,1,571.167207255336
2024,07,17910,1,0094,1,1,202304179101009412,1,2,2,1,2, ,2,69,2,2,27,11,1954,2,2,2,2,2,2,2,2,2,2,2,2,2,2,2,2, , , , , , , , , , , , , , , , , , , , , , , , , , , , , , , , , ,2,5,2,2,3, , ,1,1,1,4,2, ,2, ,2, ,2, ,2, ,2, ,2, ,2, ,2, ,2, ,2, ,6,5, ,2,2,2,2,2,2,10,7,4, , , , , , , , , , , , ,1,501.383458305203
2024,07,17910,1,0094,1,1,202304179101009413,1,3,3,1,2, ,2,35,3,3,24,8,1988,1, , , , , , , , , , , , , , , ,4321,4771,3,5,1, ,1,10,0,10,0,10,10,0,0,30,16,46,1, ,1,1,1,2,2,280, , , , , ,500, , , , , , , , ,1,5,2, ,2, ,2, ,2, ,1,5,2, ,2, ,2, ,1,5,2, ,2, ,2, ,9,3, ,2,2,2,2,2,2,10,7,1,1212, , , , ,500, , , ,1712,1212,1712,1,636.496348282189
2024,07,17796,1,0115,1,1,202307177961011511,1,1,1,1,2, ,1,65,1,1,19,9,1958,2,2,2,2,2,2,2,2,2,2,2,2,1,2,2, ,5223,4711,4, ,2,2,1,2,10,10,10,10,10,10,10,70, ,70,1, ,2, ,2, , , , , , , , , , , , , , , , , ,1,5,2, ,2, ,2, ,2, ,1,5,2, ,2, ,2, ,2, ,2, ,2, ,2, ,6,5, ,2,2,2,2,2,2,10,7,1, , , , , , , , , , , , ,1,433.671410605155
2024,07,17796,1,0115,1,1,202307177961011512,1,2,2,1,2, ,2,60,2,2,20,12,1963,1, , , , , , , , , , , , , , , ,5212,4711,2, ,2,2,1,2,0,0,2,11,5,10,5,33, ,70,2,70,1,1,1,2, , , , , , , , , , , , , , , , ,1,5,2, ,2, ,2, ,2, ,1,5,2, ,2, ,2, ,2, ,2, ,2, ,2, ,6,5, ,2,2,2,2,2,2,10,7,1, , ,1502,260, , , , , ,1762,1762,1762,1,380.686546523154
2024,07,17796,1,0117,1,1,202307177961011711,1,1,1,1,2, ,1,83,1,1,21,12,1940,2,2,2,2,2,2,2,2,2,2,2,2,2,2,2,2, , , , , , , , , , , , , , , , , , , , , , , , , , , , , , , , , ,2,5,1,2,7, , ,1,5,2, ,2, ,2, ,2, ,1,5,2, ,2, ,2, ,2, ,2, ,2, ,2, ,5,1, ,2,2,2,2,2,2,1,1,4, , , , , , , , , , , , ,1,433.671410605155
2024,07,17796,1,0117,1,1,202307177961011712,1,2,3,1,2, ,2,49,2,2,17,9,1974,1, , , , , , , , , , , , , , , ,4416,1410,3,5,1, ,5,1000,0,10,10,10,10,10,7,57, ,57,1, ,1,1,1,2,4,1350,54, , , , , , , , , , , , , ,1,1,1,1,2, ,2, ,2, ,2, ,2, ,2, ,2, ,1,1,2, ,2, ,2, ,6,5, ,2,2,2,2,2,2,10,7,1,1350,67, , , , , , ,384,1417,1417,1801,1,380.686546523154
2024,07,17796,1,0118,1,1,202307177961011811,1,1,1,1,2, ,2,55,1,1,27,6,1969,1, , , , , , , , , , , , , , , ,9535,4799,2, ,3,2,1,1,2,2,2,2,2,2,2,14, ,14,1, ,1,2,2,2, , , , , , , , , , , , , , , , ,1,1,1,3,2, ,2, ,2, ,2, ,2, ,2, ,2, ,2, ,1,3,2, ,2, ,9,3, ,2,2,2,2,2,2,10,7,1, , ,200,38, , , , , ,238,238,238,1,380.686546523154
