ANIO,MES,CONGLOMERADO,MUESTRA,SELVIV,HOGAR,REGION,LLAVE_PANEL,ESTRATO,C201,C203,C204,C205,C206,C207,C208,C300n,NROINF,C301_DIA,C301_MES,C301_ANIO,C303,C304,C305,C306_1,C306_2,C306_3,C306_4,C306_5,C306_6,C306_7,C306_8,C306_9,C306_10,C306_10A,C306_11,C306A,C308_COD,C309_COD,C310,C311,C312,C313,C317,C317A,C318_1,C318_2,C318_3,C318_4,C318_5,C318_6,C318_7,C318_T,C328_T,whoraT,C330,C331,C333,C334,P209H,C335,C338,C339_1,C341_T,C342,C344,C345_1,C347_T,C348,C350,C352,C353,C354,C355,C356,C357_I,C358,C359,SEGURO1,C361_1,C362_1,C361_2,C362_2,C361_3,C362_3,C361_4,C362_4,C361_5,C362_5,C361_6,C362_6,C361_7,C362_7,C361_8,C362_8,C364_1,C365_1,C364_2,C365_2,C364_3,C365_3,C364_4,C365_4,C366,C366_1,C366_2,C375_1,C375_2,C375_3,C375_4,C375_5,C375_6,C376,C377,OCUP300,I339_1,D341_T,I342,D344,I345_1,I348,D347_T,D350,D351_T,INGTOT,INGTOTP,ingtrabw,RESIDENT,fa_son24
2024,09,1811901,1,0026,1,1,20240918119011002611,1,1,1,1,2, ,2,33,1,1,18,2,1991,1, , , , , , , , , , , , , , , ,120,8423,3,1, , ,5,1000,6,12,7,0,17,7,0,49, ,49,1, ,2, ,2,2,4,4000,15, , , , , , , , , , , , , ,2,4,2, ,2, ,2, ,1,1,2, ,2, ,2, ,2, ,2, ,2, ,2, ,1,1,11,5, ,2,2,2,2,2,2,10,7,1,4000,450, , , , , , ,50,4450,4450,4500,1,387.141760755753
2024,09,1811901,1,0026,1,1,20240918119011002612,1,2,6,1,2, ,2,67,2,2,13,6,1957,2,2,2,2,2,2,2,2,2,2,2,2,2,2,2,2, , , , , , , , , , , , , , , , , , , , , , , , , , , , , , , , , ,2,5,2,1,6, , ,2,4,2, ,2, ,2, ,1,4,2, ,2, ,2, ,2, ,2, ,2, ,2, ,2, ,6,5, ,2,2,2,2,2,2,10,7,4, , , , , , , , , , , , ,1,316.216277096332
2024,09,1811901,1,0028,1,1,20240918119011002811,1,1,1,1,2, ,1,19,1,1,21,2,2005,2,2,2,2,2,2,2,2,2,2,2,2,2,2,2,2, , , , , , , , , , , , , , , , , , , , , , , , , , , , , , , , , ,2,4,2,2,5, , ,2,5,2, ,2, ,2, ,2, ,1,5,2, ,2, ,2, ,2, ,2, ,2, ,2, ,10,1, ,2,2,2,2,2,2,10,1,4, , , , , , , , , , , , ,1,360.021040466391
2024,09,1811901,1,0030,1,1,20240918119011003011,1,1,1,1,1, ,1,42, , , , , , , , , , , , , , , , , , , , , , , , , , , , , , , , , , , , , , , , , , , , , , , , , , , , , , , , , , , , , , , , , , , , , , , , , , , , , , , , , , , , , , , , , , , , , , , , , , , , , , , , , , , , , , , ,0, 
2024,09,1811901,1,0030,1,1,20240918119011003012,1,2,2,1,2, ,2,38,2,2,14,8,1986,1, , , , , , , , , , , , , , , ,5243,4791,2, ,2,2,1,1,0,0,4,4,2,6,4,20, ,20,1, ,2, ,2,2, , , , , , , , , , , , , , , , ,2,5,2, ,2, ,2, ,2, ,1,5,2, ,2, ,2, ,2, ,2, ,2, ,2, ,9,3, ,2,2,2,2,2,2,10,7,1, , ,380, , , , , , ,380,380,380,1,387.141760755753
2024,09,1811901,1,0030,1,1,20240918119011003013,1,3,3,1,2, ,2,13, , , , , , , , , , , , , , , , , , , , , , , , , , , , , , , , , , , , , , , , , , , , , , , , , , , , , , , , , , , , , , , , , , , , , , , , , , , , , , , , , , , , , , , , , , , , , , , , , , , , , , , , , , , , , , , ,1, 
2024,09,1811901,1,0030,1,1,20240918119011003014,1,4,3,1,2, ,1,9, , , , , , , , , , , , , , , , , , , , , , , , , , , , , , , , , , , , , , , , , , , , , , , , , , , , , , , , , , , , , , , , , , , , , , , , , , , , , , , , , , , , , , , , , , , , , , , , , , , , , , , , , , , , , , , ,1, 
2024,09,1812201,1,0031,1,1,20240918122011003111,1,1,1,1,2, ,1,60,1,1,24,7,1964,1, , , , , , , , , , , , , , , ,2131,7120,3,5,1, ,4,400,0,8,8,8,8,8,4,44, ,44,1, ,2, ,2,2,4,6000, , , , , , , , , , , , , , ,1,1,1,1,2, ,2, ,2, ,2, ,2, ,2, ,2, ,1,1,2, ,2, ,2, ,11,5, ,2,2,2,2,2,2,10,7,1,6000, , , , , , , ,1001,6000,6000,7001,1,307.026960321533
2024,09,1812201,1,0031,1,1,20240918122011003112,1,2,2,1,1, ,2,60, , , , , , , , , , , , , , , , , , , , , , , , , , , , , , , , , , , , , , , , , , , , , , , , , , , , , , , , , , , , , , , , , , , , , , , , , , , , , , , , , , , , , , , , , , , , , , , , , , , , , , , , , , , , , , , ,0, 
2024,09,1812201,1,0032,1,1,20240918122011003211,1,1,1,1,2, ,2,65,1,1,16,9,1958,1, , , , , , , , , , , , , , , ,4417,2100,3,5,1, ,5,600,0,8,8,8,0,8,0,32, ,32,1, ,2, ,2,2,4,2500, , , , , , , , , , , , , , ,2,1,1,1,2, ,2, ,2, ,2, ,2, ,2, ,2, ,1,1,2, ,2, ,2, ,9,3, ,2,2,2,2,2,2,10,7,1,2500, , , , , , , ,334,2500,2500,2834,1,282.323930841191
2024,09,1812201,1,0032,1,1,20240918122011003212,1,3,3,1,1, ,2,45, , , , , , , , , , , , , , , , , , , , , , , , , , , , , , , , , , , , , , , , , , , , , , , , , , , , , , , , , , , , , , , , , , , , , , , , , , , , , , , , , , , , , , , , , , , , , , , , , , , , , , , , , , , , , , , ,0, 
2024,09,1812201,1,0032,1,1,20240918122011003213,1,2,3,1,2, ,2,44,2,2,30,12,1979,1, , , , , , , , , , , , , , , ,4120,4663,3,5,1, ,1,10,0,7,7,7,7,7,7,42, ,42,1, ,2, ,2,2,4,1200, , , , , , , , , , , , , , ,1,1,1,2,2, ,2, ,2, ,2, ,2, ,2, ,2, ,1,2,2, ,2, ,2, ,10,3, ,2,2,2,2,2,2,10,7,1,1200, , , , , , , , ,1200,1200,1200,1,345.647557086528
2024,09,18134,1,0071,1,1,202409181341007111,1,1,1,1,2, ,1,86,1,1,24,12,1937,2,2,2,2,2,2,2,2,2,2,2,2,2,2,2,2, , , , , , , , , , , , , , , , , , , , , , , , , , , , , , , , , ,2,6,2,2,3, , ,1,1,1,3,2, ,2, ,2, ,2, ,2, ,2, ,2, ,2, ,1,3,2, ,2, ,5,3, ,2,2,2,2,2,2,1,1,4, , , , , , , , , , , , ,1,354.423324384035
2024,09,18134,1,0071,1,1,202409181341007112,1,2,2,1,2, ,2,86,2,2,7,6,1938,2,2,2,2,2,2,2,2,2,2,2,2,2,2,2,2, , , , , , , , , , , , , , , , , , , , , , , , , , , , , , , , , ,2,5,2,2,3, , ,1,1,1,4,2, ,2, ,2, ,2, ,2, ,2, ,2, ,2, ,2, ,2, ,2, ,3,1, ,2,2,2,2,2,2,1,1,4, , , , , , , , , , , , ,1,325.906838986105
2024,09,18134,1,0071,1,1,202409181341007113,1,3,3,1,2, ,1,52,3,3,20,9,1971,1, , , , , , , , , , , , , , , ,3115,4520,2, ,2,2,1,1,0,8,8,8,8,8,6,46, ,46,1, ,2, ,2,2, , , , , , , , , , , , , , , , ,1,5,2, ,2, ,2, ,2, ,1,5,2, ,2, ,2, ,1,5,2, ,2, ,2, ,9,3, ,2,2,2,2,2,2,10,7,1, , ,1600, , , , , , ,1600,1600,1600,1,354.423324384035
2024,09,18134,1,0072,1,1,202409181341007211,1,1,1,1,2, ,2,75,1,1,7,2,1949,2,2,2,2,2,2,2,2,2,2,2,2,2,2,2,2, , , , , , , , , , , , , , , , , , , , , , , , , , , , , , , , , ,2,6,2,2,3, , ,1,1,1,3,2, ,2, ,2, ,2, ,2, ,2, ,2, ,1,3,2, ,2, ,2, ,11,5, ,2,2,2,2,2,2,10,7,4, , , , , , , , , , , , ,1,325.906838986105
2024,09,18134,1,0073,1,1,202409181341007311,1,1,1,1,2, ,1,43,1,1,16,12,1980,1, , , , , , , , , , , , , , , ,2330,8521,3,5,1, ,4,300,0,8,8,8,8,8,0,40, ,40,1, ,2, ,2,2,4,2500, , , , , , , , , , , , , , ,1,3,1,1,1,4,2, ,2, ,2, ,2, ,2, ,2, ,1,1,2, ,2, ,2, ,11,5, ,2,2,2,2,2,2,10,7,1,2500, , , , , , , ,250,2500,2500,2750,1,434.303187000769
2024,09,18134,1,0073,1,1,202409181341007312,1,2,2,1,2, ,2,41,2,2,1,3,1983,1, , , , , , , , , , , , , , , ,2359,8549,3,5,1, ,5,600,0,3,3,3,3,3,3,18,30,48,1, ,1,2,2,2,4,1500, , , ,3100, , , , , , , , , , ,2,1,1,1,2, ,2, ,2, ,2, ,2, ,2, ,2, ,1,1,2, ,2, ,2, ,11,5, ,2,2,2,2,2,2,10,7,1,1500, , , ,3100, , , ,250,4600,1500,4850,1,399.00585967934
2024,09,18134,1,0073,1,1,202409181341007313,1,3,3,1,2, ,2,12, , , , , , , , , , , , , , , , , , , , , , , , , , , , , , , , , , , , , , , , , , , , , , , , , , , , , , , , , , , , , , , , , , , , , , , , , , , , , , , , , , , , , , , , , , , , , , , , , , , , , , , , , , , , , , , ,1, 
2024,09,18134,1,0073,1,1,202409181341007314,1,4,3,1,2, ,1,7, , , , , , , , , , , , , , , , , , , , , , , , , , , , , , , , , , , , , , , , , , , , , , , , , , , , , , , , , , , , , , , , , , , , , , , , , , , , , , , , , , , , , , , , , , , , , , , , , , , , , , , , , , , , , , , ,1, 
2024,09,18134,1,0168,1,1,202409181341016811,1,1,1,1,2, ,1,48,1,1,99,99,1976,1, , , , , , , , , , , , , , , ,4417,1079,3,5,1, ,4,300,0,8,8,8,8,8,0,40, ,40,1, ,2, ,2,2,4,2000, , , , , , , , , , , , , , ,1,1,1,1,2, ,2, ,2, ,2, ,2, ,2, ,2, ,1,1,2, ,2, ,2, ,11,5, ,2,2,2,2,2,2,10,7,1,2000, , , , , , , ,208,2000,2000,2208,1,354.423324384035
2024,09,18134,1,0168,1,1,202409181341016812,1,2,2,1,2, ,2,47,2,2,18,4,1977,1, , , , , , , , , , , , , , , ,9111,9700,6, , , ,1,3,0,8,8,8,8,8,8,48, ,48,1, ,2, ,2,2,4,1300,20, , , , , , , , , , , , , ,1,1,1,4,2, ,2, ,2, ,2, ,2, ,2, ,2, ,2, ,2, ,2, ,2, ,6,5, ,2,2,2,2,2,2,10,7,1,1300,600, , , , , , ,84,1900,1900,1984,1,325.906838986105
2024,09,18134,1,0168,1,1,202409181341016813,1,4,3,1,2, ,1,19,4,4,15,2,2005,2,2,2,2,2,2,2,2,2,2,2,2,2,2,2,2, , , , , , , , , , , , , , , , , , , , , , , , , , , , , , , , , ,2,4,2,2,5, , ,2,5,2, ,2, ,2, ,2, ,1,5,2, ,2, ,2, ,2, ,2, ,2, ,2, ,10,1, ,2,2,2,2,2,2,10,7,4, , , , , , , , , , , , ,1,371.054015132642
2024,09,18134,1,0168,1,1,202409181341016814,1,3,3,1,2, ,2,25,3,3,21,4,1999,1, , , , , , , , , , , , , , , ,4222,8220,3,5,1, ,4,200,0,8,8,8,8,8,0,40, ,40,1, ,2, ,2,2,4,2000, , , , , , , , , , , , , , ,1,1,1,1,2, ,2, ,2, ,2, ,2, ,2, ,2, ,1,1,2, ,2, ,2, ,11,5, ,2,2,2,2,2,2,10,7,1,2000, , , , , , , ,166,2000,2000,2166,1,399.00585967934
2024,09,18180,1,0056,1,1,202409181801005611,1,1,1,1,2, ,2,52,1,1,13,5,1972,1, , , , , , , , , , , , , , , ,9412,5610,3,5,3,2,1,2,0,0,0,0,0,0,4,4, ,4,1, ,2, ,2,2,2,20,10, , , , , , , , , , , , , ,1,5,2, ,2, ,2, ,2, ,1,5,2, ,2, ,2, ,2, ,2, ,2, ,2, ,3,4, ,2,2,2,2,2,2,10,7,1,87,43, , , , , , , ,130,130,130,1,577.821484442155
2024,09,18180,1,0057,1,1,202409181801005711,1,1,1,1,2, ,2,59,1,1,3,2,1965,1, , , , , , , , , , , , , , , ,5120,5629,2, ,3,2,1,2,10,0,0,0,0,0,2,12,30,42,1, ,2, ,2,2, , , , , ,150,40, , , , , , , , , ,1,1,1,4,2, ,2, ,2, ,2, ,2, ,2, ,2, ,2, ,2, ,2, ,2, ,2,1, ,2,2,2,2,2,2,10,7,1, , ,701,173,150, ,173, , ,1197,874,1197,1,577.821484442155
2024,09,18180,1,0058,1,1,202409181801005811,1,1,1,1,2, ,1,38,1,1,10,2,1986,1, , , , , , , , , , , , , , , ,4321,8121,3,4,1, ,5,9998,8,0,8,8,8,8,8,48, ,48,1, ,1,1,1,1,4,1365, , , , , , , , , , , , , , ,1,1,1,1,2, ,2, ,2, ,2, ,2, ,2, ,2, ,1,1,2, ,2, ,2, ,6,5, ,2,2,2,2,2,2,10,7,1,1365, , , , , , , ,339,1365,1365,1704,1,770.004437438156
2024,09,18180,1,0058,1,1,202409181801005812,1,2,2,1,2, ,2,35,2,1,27,3,1989,1, , , , , , , , , , , , , , , ,9535,4782,2, ,3,2,1,1,0,4,4,4,4,4,4,24, ,24,1, ,1,1,1,2, , , , , , , , , , , , , , , , ,1,1,1,4,2, ,2, ,2, ,2, ,2, ,2, ,2, ,2, ,2, ,2, ,2, ,6,5, ,2,2,2,2,2,2,10,7,1, , ,600, , , , , , ,600,600,600,1,707.423504392505
2024,09,18180,1,0058,1,1,202409181801005813,1,3,3,1,2, ,1,17,3,3,13,11,2006,2,2,2,2,2,2,2,2,2,2,2,2,2,2,2,2, , , , , , , , , , , , , , , , , , , , , , , , , , , , , , , , , ,2,4,2,2,5, , ,2,1,1,4,2, ,2, ,2, ,2, ,2, ,2, ,2, ,2, ,2, ,2, ,2, ,6,5, ,2,2,2,2,2,2,10,7,4, , , , , , , , , , , , ,1,657.865856694421
2024,09,18180,1,0058,1,1,202409181801005814,1,4,3,1,2, ,2,10, , , , , , , , , , , , , , , , , , , , , , , , , , , , , , , , , , , , , , , , , , , , , , , , , , , , , , , , , , , , , , , , , , , , , , , , , , , , , , , , , , , , , , , , , , , , , , , , , , , , , , , , , , , , , , , ,1, 
2024,09,17614,1,0070,1,1,202409176141007011,1,1,1,1,2, ,1,65,1,1,17,4,1959,1, , , , , , , , , , , , , , , ,8331,4921,2, ,3,2,1,1,16,16,16,16,16,16,16,112, ,112,1, ,2, ,2,2, , , , , , , , , , , , , , , , ,1,5,2, ,2, ,2, ,2, ,1,5,2, ,2, ,2, ,1,5,2, ,2, ,2, ,5,3, ,2,2,2,2,2,2,1,1,1, , ,1052, , , , , , ,1052,1052,1052,1,322.961995060387
2024,09,17614,1,0070,1,1,202409176141007012,1,2,2,1,2, ,2,48,2,2,26,4,1976,1, , , , , , , , , , , , , , , ,9334,4921,3,5,3,2,1,2,16,16,16,16,0,16,16,96, ,96,1, ,2, ,2,2,1,120,22, , , , , , , , , , , , , ,1,5,2, ,2, ,2, ,2, ,1,5,2, ,2, ,2, ,1,5,2, ,2, ,2, ,6,5, ,2,2,2,2,2,2,10,1,1,3600,660, , , , , , , ,4260,4260,4260,1,296.976851356225
2024,09,17614,1,0070,1,1,202409176141007013,1,3,3,1,2, ,1,24,3,3,17,12,1999,1, , , , , , , , , , , , , , , ,8331,4921,2, ,3,2,1,1,12,12,12,12,0,12,12,72, ,72,1, ,2, ,2,2, , , , , , , , , , , , , , , , ,1,5,2, ,2, ,2, ,2, ,1,5,2, ,2, ,2, ,2, ,2, ,2, ,2, ,8,2, ,2,2,2,2,2,2,10,7,1, , ,1750, , , , , , ,1750,1750,1750,1,338.116418299142
2024,09,17614,1,0072,1,1,202409176141007211,1,1,1,1,2, ,2,32,1,1,8,7,1992,1, , , , , , , , , , , , , , , ,9533,4799,2, ,3,2,1,1,1,1,1,1,1,1,1,7, ,7,1, ,1,2,2,1, , , , , , , , , , , , , , , , ,1,5,2, ,2, ,2, ,2, ,1,5,2, ,2, ,2, ,2, ,1,5,2, ,2, ,6,5, ,2,2,2,2,2,2,10,7,1, , ,200, , , , , , ,200,200,200,1,363.587042999445
2024,09,17614,1,0072,1,1,202409176141007212,1,2,3,1,2, ,2,13, , , , , , , , , , , , , , , , , , , , , , , , , , , , , , , , , , , , , , , , , , , , , , , , , , , , , , , , , , , , , , , , , , , , , , , , , , , , , , , , , , , , , , , , , , , , , , , , , , , , , , , , , , , , , , , ,1, 
2024,09,17614,1,0072,1,1,202409176141007213,1,3,3,1,2, ,1,8, , , , , , , , , , , , , , , , , , , , , , , , , , , , , , , , , , , , , , , , , , , , , , , , , , , , , , , , , , , , , , , , , , , , , , , , , , , , , , , , , , , , , , , , , , , , , , , , , , , , , , , , , , , , , , , ,1, 
2024,09,17614,1,0072,1,1,202409176141007214,1,4,3,1,2, ,1,1, , , , , , , , , , , , , , , , , , , , , , , , , , , , , , , , , , , , , , , , , , , , , , , , , , , , , , , , , , , , , , , , , , , , , , , , , , , , , , , , , , , , , , , , , , , , , , , , , , , , , , , , , , , , , , , ,1, 
2024,09,17614,1,0072,1,1,202409176141007215,1,5,3,1,2, ,1,1, , , , , , , , , , , , , , , , , , , , , , , , , , , , , , , , , , , , , , , , , , , , , , , , , , , , , , , , , , , , , , , , , , , , , , , , , , , , , , , , , , , , , , , , , , , , , , , , , , , , , , , , , , , , , , , ,1, 
2024,09,17614,1,0072,2,1,202409176141007221,1,1,1,1,2, ,1,62,1,1,11,8,1962,1, , , , , , , , , , , , , , , ,8322,4922,2, ,3,2,1,1,6,6,6,0,6,6,6,36, ,36,1, ,2, ,2,2, , , , , , , , , , , , , , , , ,1,5,2, ,2, ,2, ,2, ,1,5,2, ,2, ,2, ,2, ,2, ,2, ,2, ,4,5, ,2,2,2,2,2,2,10,7,1, , ,1200, , , , , , ,1200,1200,1200,1,322.961995060387
2024,09,17614,1,0072,2,1,202409176141007222,1,2,2,1,2, ,2,55,2,1,11,7,1969,2,2,2,2,2,2,1,2,2,2,2,2,2,2,2, ,9533,4799,2, ,3,2,1,1,2,2,2,2,0,0,0,8, ,14,2,14,2, ,2,2, , , , , , , , , , , , , , , , ,1,5,2, ,2, ,2, ,2, ,1,5,2, ,2, ,2, ,2, ,2, ,2, ,2, ,3,4, ,2,2,2,2,2,2,10,7,1, , ,480, , , , , , ,480,480,480,1,296.976851356225
2024,09,17614,1,0072,2,1,202409176141007223,1,3,5,1,2, ,1,14,3,1,10,11,2009,2,2,2,2,2,2,2,2,2,2,2,2,2,2,2,2, , , , , , , , , , , , , , , , , , , , , , , , , , , , , , , , , ,2,4,2,2,3, , ,2,5,2, ,2, ,2, ,2, ,1,5,2, ,2, ,2, ,2, ,2, ,2, ,2, ,5,3, ,2,2,2,2,2,2,10,7,4, , , , , , , , , , , , ,1,338.116418299142
2024,09,17614,1,0076,1,1,202409176141007611,1,1,1,1,2, ,2,58,1,1,12,12,1965,1, , , , , , , , , , , , , , , ,9537,4789,2, ,3,2,1,1,5,0,0,0,0,0,0,5, ,5,1, ,1,1,1,2, , , , , , , , , , , , , , , , ,1,5,2, ,2, ,2, ,2, ,1,5,2, ,2, ,2, ,2, ,2, ,2, ,2, ,5,4, ,2,2,2,2,2,2,10,7,1, , ,173, , , , , , ,173,173,173,1,296.976851356225
2024,09,17614,1,0076,1,1,202409176141007612,1,2,3,1,2, ,1,30,2,2,13,6,1994,1, , , , , , , , , , , , , , , ,9333,4923,3,5,1, ,5,1100,0,8,8,8,8,8,8,48, ,48,1, ,2, ,2,1,3,500, , , , , , , , , , , , , , ,1,5,2, ,2, ,2, ,2, ,1,5,2, ,2, ,2, ,2, ,2, ,2, ,2, ,6,5, ,2,2,2,2,2,2,10,7,1,1000, , , , , , , , ,1000,1000,1000,1,395.7511091535
2024,09,24789,1,0058,1,1,202409247891005811,1,1,1,1,2, ,1,60,1,1,25,9,1963,1, , , , , , , , , , , , , , , ,3314,5610,1, ,2,2,1,2,0,8,8,8,8,8,0,40, ,40,1, ,2, ,2,2, , , , , , , , , , , , , , , , ,1,1,1,2,2, ,2, ,2, ,2, ,2, ,2, ,2, ,1,5,2, ,2, ,2, ,10,3, ,2,2,2,2,2,2,10,7,1, , ,3000, , , , , , ,3000,3000,3000,1,811.265283804523
2024,09,24789,1,0058,1,1,202409247891005812,1,2,2,1,2, ,2,56,2,2,9,5,1968,1, , , , , , , , , , , , , , , ,4416,8521,3,5,1, ,5,1500,0,8,8,8,8,8,0,40, ,40,1, ,2, ,2,2,4,5000, , , , , , , , , , , , , , ,1,3,1,1,2, ,1,1,2, ,2, ,2, ,2, ,2, ,1,1,2, ,2, ,2, ,11,5, ,2,2,2,2,2,2,10,7,1,5000, , , , , , , ,1275,5000,5000,6275,1,745.991829638758
2024,09,24789,1,0058,1,1,202409247891005813,1,5,3,1,2, ,2,15,5,5,28,11,2008,2,2,2,2,2,2,2,2,2,2,2,2,2,2,2,2, , , , , , , , , , , , , , , , , , , , , , , , , , , , , , , , , ,2,4,2,2,3, , ,2,2,2, ,1,4,2, ,2, ,2, ,2, ,2, ,2, ,2, ,2, ,2, ,2, ,5,3, ,2,2,2,2,2,2,10,7,4, , , , , , , , , , , , ,1,917.018506478464
2024,09,24789,1,0058,1,1,202409247891005814,1,4,3,1,2, ,1,19,4,4,17,9,2004,2,2,2,2,2,2,2,2,2,2,2,2,2,2,2,2, , , , , , , , , , , , , , , , , , , , , , , , , , , , , , , , , ,2,4,1,2,5, , ,1,2,2, ,1,4,2, ,2, ,2, ,2, ,2, ,2, ,2, ,2, ,2, ,2, ,6,5, ,2,2,2,2,2,2,10,7,4, , , , , , , , , , , , ,1,849.332479504697
2024,09,24789,1,0058,1,1,202409247891005815,1,3,3,1,2, ,2,29,3,3,9,5,1995,1, , , , , , , , , , , , , , , ,2161,4100,3,5,1, ,2,50,0,9,9,9,9,9,3,48, ,48,1, ,2, ,2,1,4,1600, , , , , , , , , , , , , , ,1,3,1,1,2, ,1,1,2, ,2, ,2, ,2, ,2, ,1,1,2, ,2, ,2, ,11,5, ,2,2,2,2,2,2,10,7,1,1600, , , , , , , , ,1600,1600,1600,1,913.313486224408
2024,09,24789,1,0060,1,1,202409247891006011,1,1,1,1,2, ,1,68,1,1,24,9,1955,2,2,2,2,1,2,2,2,2,2,2,2,2,2,2, ,8322,4922,2, ,3,2,1,1,0,0,0,0,1,2,0,3, ,3,1, ,2, ,2,2, , , , , , , , , , , , , , , , ,1,1,1,3,2, ,2, ,2, ,2, ,2, ,2, ,2, ,1,3,2, ,2, ,2, ,11,5, ,2,2,2,2,2,2,10,7,1, , ,400, , , , , , ,400,400,400,1,811.265283804523
2024,09,24789,1,0060,1,1,202409247891006012,1,2,2,1,2, ,2,69,2,2,9,4,1955,2,2,2,2,2,2,2,2,2,2,2,2,2,2,2,2, , , , , , , , , , , , , , , , , , , , , , , , , , , , , , , , , ,2,6,2,2,3, , ,1,1,1,5,2, ,2, ,2, ,2, ,2, ,2, ,2, ,1,5,2, ,2, ,2, ,6,5, ,2,2,2,2,2,2,10,6,4, , , , , , , , , , , , ,1,745.991829638758
2024,09,24789,1,0060,1,1,202409247891006013,1,3,3,1,2, ,1,34,3,3,15,1,1990,1, , , , , , , , , , , , , , , ,3439,9000,2, ,2,2,1,1,4,8,0,6,3,6,4,31, ,31,1, ,2, ,2,2, , , , , , , , , , , , , , , , ,1,2,2, ,1,2,2, ,2, ,2, ,2, ,2, ,2, ,2, ,2, ,2, ,2, ,11,5, ,2,2,2,2,2,2,10,7,1, , ,5000, , , , , , ,5000,5000,5000,1,994.108101863001
2024,09,24789,1,0060,1,1,202409247891006014,1,4,4,1,2, ,2,32,4,4,23,11,1991,1, , , , , , , , , , , , , , , ,2161,7110,3,5,2,2,1,12,8,11,11,11,11,0,8,60,4,64,1, ,2, ,2,2,4,3000,24, , , , ,2000, , , , , , , , ,1,6,2, ,2, ,2, ,2, ,2, ,2, ,2, ,2, ,2, ,1,2,2, ,2, ,11,5, ,2,2,2,2,2,2,10,7,1,3000,104, , , ,2000, , ,500,5104,3104,5604,1,913.313486224408
2024,09,24789,1,0061,1,1,202409247891006111,1,1,1,1,2, ,2,57,1,1,6,11,1966,1, , , , , , , , , , , , , , , ,5120,5629,3,5,3,2,1,2,0,7,0,7,0,0,0,14,28,42,1, ,2, ,2,2,2,120,12, , , , ,120,260, , , , , , , ,1,1,1,5,2, ,2, ,2, ,2, ,2, ,2, ,2, ,1,5,2, ,2, ,2, ,6,5, ,2,2,2,2,2,2,10,7,1,520,360, , , ,120, ,260, ,1260,880,1260,1,745.991829638758
2024,09,24789,1,0061,1,1,202409247891006112,1,2,3,1,2, ,2,23,2,2,3,2,2001,2,2,2,2,2,2,2,2,2,2,2,2,2,2,2,2, , , , , , , , , , , , , , , , , , , , , , , , , , , , , , , , , ,2,4,1,1,4, , ,1,2,2, ,1,4,2, ,2, ,2, ,2, ,2, ,2, ,2, ,2, ,2, ,2, ,11,5, ,2,2,2,2,2,2,10,7,3, , , , , , , , , , , , ,1,917.018506478464
2024,09,24789,1,0061,1,1,202409247891006113,1,3,7,1,2, ,2,60,3,3,10,12,1963,2,2,2,2,1,2,2,2,2,2,2,2,2,2,2, ,7391,3212,2, ,3,2,1,1,3,3,3,3,3,3,3,21, ,21,1, ,2, ,2,1, , , , , , , , , , , , , , , , ,1,5,2, ,2, ,2, ,2, ,1,5,2, ,2, ,2, ,2, ,2, ,2, ,2, ,9,3, ,2,2,2,2,2,2,10,7,1, , ,120, , , , , , ,120,120,120,1,745.991829638758
2024,09,24789,1,0061,1,1,202409247891006114,1,5,7,1,2, ,1,55,5,5,22,12,1968,2,2,2,2,2,2,2,2,2,2,2,2,2,2,2,2, , , , , , , , , , , , , , , , , , , , , , , , , , , , , , , , , ,2,7,2,2,1, , ,1,1,1,2,2, ,2, ,2, ,2, ,2, ,2, ,2, ,1,4,2, ,2, ,2, ,10,4, ,2,2,2,2,2,2,10,7,4, , , , , , , , , , , , ,1,811.265283804523
2024,09,24789,1,0061,1,1,202409247891006115,1,4,8,1,1, ,2,25, , , , , , , , , , , , , , , , , , , , , , , , , , , , , , , , , , , , , , , , , , , , , , , , , , , , , , , , , , , , , , , , , , , , , , , , , , , , , , , , , , , , , , , , , , , , , , , , , , , , , , , , , , , , , , , ,0, 
2024,09,23720,1,0037,1,1,202409237201003711,1,1,1,1,2, ,2,41,1,1,29,5,1983,1, , , , , , , , , , , , , , , ,7399,3290,3,5,3,2,1,5,0,6,6,6,6,0,0,24, ,30,2,30,1,1,1,2,2,300, , , , , , , , , , , , , , ,1,5,2, ,2, ,2, ,2, ,1,5,2, ,2, ,2, ,2, ,2, ,2, ,2, ,6,5, ,2,2,2,2,2,2,10,7,1,1299, , , , , , , , ,1299,1299,1299,1,941.289067383651
2024,09,23720,1,0037,1,1,202409237201003712,1,2,3,1,2, ,2,20,2,2,22,9,2003,2,2,2,2,2,2,2,2,2,2,2,2,2,2,2,2, , , , , , , , , , , , , , , , , , , , , , , , , , , , , , , , , ,2,4,1,2,5, , ,1,5,2, ,2, ,2, ,2, ,1,5,2, ,2, ,2, ,2, ,2, ,2, ,2, ,8,1, ,2,2,2,2,2,2,10,7,4, , , , , , , , , , , , ,1,945.107575609118
2024,09,23720,1,0037,1,1,202409237201003713,1,3,3,1,2, ,1,15,3,3,18,9,2008,2,2,2,2,2,2,2,2,2,2,2,2,2,2,2,2, , , , , , , , , , , , , , , , , , , , , , , , , , , , , , , , , ,2,4,1,2,5, , ,2,5,2, ,2, ,2, ,2, ,1,5,2, ,2, ,2, ,2, ,2, ,2, ,2, ,5,3, ,2,2,2,2,2,2,10,7,4, , , , , , , , , , , , ,1,875.348267150394
2024,09,23720,1,0037,1,1,202409237201003714,1,4,3,1,2, ,2,13, , , , , , , , , , , , , , , , , , , , , , , , , , , , , , , , , , , , , , , , , , , , , , , , , , , , , , , , , , , , , , , , , , , , , , , , , , , , , , , , , , , , , , , , , , , , , , , , , , , , , , , , , , , , , , , ,1, 
2024,09,23720,1,0038,1,1,202409237201003811,1,1,1,1,2, ,2,46,1,1,13,11,1977,1, , , , , , , , , , , , , , , ,9111,9700,6, , , ,1,1,0,6,6,6,6,6,6,36, ,36,1, ,1,2,2,2,5, ,170, , , , , , , , , , , , , ,1,5,2, ,2, ,2, ,2, ,1,5,2, ,2, ,2, ,2, ,2, ,2, ,2, ,3, ,3,2,2,2,2,2,2,10,7,1, ,736, , , , , , , ,736,736,736,1,768.842203895756
2024,09,23720,1,0038,1,1,202409237201003812,1,2,3,1,2, ,1,12, , , , , , , , , , , , , , , , , , , , , , , , , , , , , , , , , , , , , , , , , , , , , , , , , , , , , , , , , , , , , , , , , , , , , , , , , , , , , , , , , , , , , , , , , , , , , , , , , , , , , , , , , , , , , , , ,1, 
2024,09,23720,1,0038,1,1,202409237201003813,1,3,3,1,2, ,1,9, , , , , , , , , , , , , , , , , , , , , , , , , , , , , , , , , , , , , , , , , , , , , , , , , , , , , , , , , , , , , , , , , , , , , , , , , , , , , , , , , , , , , , , , , , , , , , , , , , , , , , , , , , , , , , , ,1, 
2024,09,23720,1,0044,1,1,202409237201004411,1,1,1,1,2, ,1,84,1,1,19,1,1940,2,2,2,2,2,2,2,2,2,2,2,2,2,2,2,2, , , , , , , , , , , , , , , , , , , , , , , , , , , , , , , , , ,2,6,2,2,3, , ,1,1,1,3,2, ,2, ,2, ,2, ,2, ,2, ,2, ,2, ,1,3,2, ,2, ,4,5, ,2,2,2,2,2,2,10,7,4, , , , , , , , , , , , ,1,836.115040356977
2024,09,23720,1,0045,1,1,202409237201004511,1,1,1,1,2, ,1,57,1,1,26,6,1967,2,1, , , , , , , , , , , , , , ,8332,4923,3,5,1, ,1,11,0,0,0,0,0,0,0,0, ,66,2,66,2, ,2,2,4,2000, , , , , , , , , , , , , , ,1,1,1,1,2, ,2, ,2, ,2, ,2, ,2, ,2, ,2, ,1,1,2, ,2, ,6,5, ,2,2,2,2,2,2,10,1,1,2000, , , , , , , ,501,2000,2000,2501,1,836.115040356977
2024,09,23720,1,0045,1,1,202409237201004512,1,2,2,1,2, ,2,48,2,2,6,6,1976,2,1, , , , , , , , , , , , , , ,4416,4923,3,5,1, ,1,11,0,0,0,0,0,0,0,0, ,30,2,30,2, ,2,2,4,1500, , , , , , , , , , , , , , ,2,1,1,1,2, ,2, ,2, ,2, ,2, ,2, ,2, ,2, ,1,1,2, ,2, ,6,5, ,2,2,2,2,2,2,10,7,1,1500, , , , , , , ,375,1500,1500,1875,1,768.842203895756
2024,09,23720,1,0045,1,1,202409237201004513,1,3,3,1,2, ,2,29,3,3,2,12,1994,1, , , , , , , , , , , , , , , ,2142,4100,3,5,1, ,4,500,0,8,8,8,8,8,0,40, ,40,1, ,2, ,2,2,4,4500, , , , , , , , , , , , , , ,1,3,1,1,2, ,1,1,2, ,2, ,2, ,2, ,2, ,1,1,2, ,2, ,2, ,11,5, ,2,2,2,2,2,2,10,7,1,4500, , , , , , , ,1125,4500,4500,5625,1,941.289067383651
2024,09,23720,1,0045,1,1,202409237201004514,1,4,3,1,2, ,2,28,4,4,14,4,1996,1, , , , , , , , , , , , , , , ,2421,4923,3,5,1, ,1,15,0,7,7,7,7,0,0,28, ,28,1, ,2, ,2,2,4,1225, , , , , , , , , , , , , , ,1,1,1,1,2, ,2, ,2, ,2, ,2, ,2, ,2, ,1,1,2, ,2, ,2, ,11,5, ,2,2,2,2,2,2,10,7,1,1225, , , , , , , ,276,1225,1225,1501,1,941.289067383651
2024,09,23720,1,0045,1,1,202409237201004515,1,5,3,1,2, ,2,27,5,5,12,8,1997,2,2,2,2,2,2,2,2,2,2,2,2,2,2,2,2, , , , , , , , , , , , , , , , , , , , , , , , , , , , , , , , , ,2,4,2,2,5, , ,1,5,2, ,2, ,2, ,2, ,1,5,2, ,2, ,2, ,1,5,2, ,2, ,2, ,10,4, ,2,2,2,2,2,2,10,7,4, , , , , , , , , , , , ,1,941.289067383651
2024,09,23720,1,0045,1,1,202409237201004516,1,6,3,1,2, ,2,10, , , , , , , , , , , , , , , , , , , , , , , , , , , , , , , , , , , , , , , , , , , , , , , , , , , , , , , , , , , , , , , , , , , , , , , , , , , , , , , , , , , , , , , , , , , , , , , , , , , , , , , , , , , , , , , ,1, 
2024,09,27392,1,0037,1,1,202409273921003711,1,1,1,1,2, ,1,68,1,1,2,7,1956,1, , , , , , , , , , , , , , , ,7128,4330,2, ,3,2,1,1,0,8,8,8,8,8,0,40, ,40,1, ,2, ,2,1, , , , , , , , , , , , , , , , ,1,1,1,5,2, ,2, ,2, ,2, ,2, ,2, ,2, ,2, ,2, ,2, ,2, ,6,5, ,2,2,2,2,2,2,10,9,1, , ,700, , , , , , ,700,700,700,1,785.17266574675
2024,09,27392,1,0038,1,1,202409273921003811,1,1,1,1,2, ,2,76,1,1,19,4,1948,2,2,2,2,2,2,2,2,2,2,2,2,2,2,2,2, , , , , , , , , , , , , , , , , , , , , , , , , , , , , , , , , ,2,5,1,2,6, , ,1,1,1,5,2, ,2, ,2, ,2, ,2, ,2, ,2, ,2, ,2, ,2, ,2, ,9,3, ,2,2,2,2,2,2,10,5,4, , , , , , , , , , , , ,1,721.998593056884
2024,09,27392,1,0038,1,1,202409273921003812,1,2,3,1,2, ,1,39,2,2,4,11,1984,1, , , , , , , , , , , , , , , ,9629,8542,2, ,2,2,1,1,0,6,6,6,6,6,0,30, ,30,1, ,1,1,1,2, , , , , , , , , , , , , , , , ,1,5,2, ,2, ,2, ,2, ,1,5,2, ,2, ,2, ,2, ,2, ,2, ,2, ,8,2, ,2,2,2,2,2,2,10,7,1, , ,1950, , , , , , ,1950,1950,1950,1,962.134734423431
2024,09,27392,1,0038,1,1,202409273921003813,1,3,3,2, ,2,2,37, , , , , , , , , , , , , , , , , , , , , , , , , , , , , , , , , , , , , , , , , , , , , , , , , , , , , , , , , , , , , , , , , , , , , , , , , , , , , , , , , , , , , , , , , , , , , , , , , , , , , , , , , , , , , , , ,0, 
2024,09,27392,1,0038,1,1,202409273921003814,1,4,4,2, ,2,1,46, , , , , , , , , , , , , , , , , , , , , , , , , , , , , , , , , , , , , , , , , , , , , , , , , , , , , , , , , , , , , , , , , , , , , , , , , , , , , , , , , , , , , , , , , , , , , , , , , , , , , , , , , , , , , , , ,0, 
2024,09,27392,1,0038,1,1,202409273921003815,1,5,5,2, ,2,2,1, , , , , , , , , , , , , , , , , , , , , , , , , , , , , , , , , , , , , , , , , , , , , , , , , , , , , , , , , , , , , , , , , , , , , , , , , , , , , , , , , , , , , , , , , , , , , , , , , , , , , , , , , , , , , , , ,0, 
2024,09,27392,1,0039,1,1,202409273921003911,1,1,1,1,2, ,1,77,1,1,6,5,1947,2,2,2,2,2,2,2,2,2,2,2,2,2,2,2,2, , , , , , , , , , , , , , , , , , , , , , , , , , , , , , , , , ,2,6,2,2,3, , ,1,1,1,3,2, ,2, ,2, ,2, ,2, ,2, ,2, ,2, ,1,3,2, ,2, ,6,5, ,2,2,2,2,2,2,10,7,4, , , , , , , , , , , , ,1,785.17266574675
2024,09,27392,1,0039,1,1,202409273921003912,1,2,2,1,2, ,2,71,2,2,22,12,1952,2,2,2,2,2,2,2,2,2,2,2,2,2,2,2,2, , , , , , , , , , , , , , , , , , , , , , , , , , , , , , , , , ,2,5,2,1,3, , ,1,1,1,4,2, ,2, ,2, ,2, ,2, ,2, ,2, ,2, ,2, ,2, ,2, ,6,5, ,2,2,2,2,2,2,10,7,4, , , , , , , , , , , , ,1,721.998593056884
2024,09,27392,1,0039,1,1,202409273921003913,1,3,3,1,1, ,2,34, , , , , , , , , , , , , , , , , , , , , , , , , , , , , , , , , , , , , , , , , , , , , , , , , , , , , , , , , , , , , , , , , , , , , , , , , , , , , , , , , , , , , , , , , , , , , , , , , , , , , , , , , , , , , , , ,0, 
2024,09,27392,1,0039,1,1,202409273921003914,1,4,3,2, ,2,1,47, , , , , , , , , , , , , , , , , , , , , , , , , , , , , , , , , , , , , , , , , , , , , , , , , , , , , , , , , , , , , , , , , , , , , , , , , , , , , , , , , , , , , , , , , , , , , , , , , , , , , , , , , , , , , , , ,0, 
2024,09,18808,1,0043,1,1,202409188081004313,1,1,1,1,2, ,2,31,1,1,24,10,1992,2,2,2,2,2,2,2,2,2,2,2,2,2,2,2,2, , , , , , , , , , , , , , , , , , , , , , , , , , , , , , , , , ,2,8,2,2,6, , ,1,5,2, ,2, ,2, ,2, ,1,5,2, ,2, ,2, ,1,5,2, ,2, ,2, ,5,1, ,2,2,2,2,2,2,10,9,4, , , , , , , , , , , , ,1,939.987406583661
2024,09,18808,1,0043,1,1,202409188081004314,1,2,2,1,2, ,1,37,2,2,4,8,1987,1, , , , , , , , , , , , , , , ,9629,9603,3,5,1, ,5,550,0,8,8,8,8,8,8,48, ,48,1, ,2, ,2,2,4,1500, , , , , , , , , , , , , , ,1,1,1,1,2, ,2, ,2, ,2, ,2, ,2, ,2, ,1,1,2, ,2, ,2, ,6,5, ,2,2,2,2,2,2,10,1,1,1500, , , , , , , ,375,1500,1500,1875,1,1023.14168204936
2024,09,18808,1,0044,1,1,202409188081004411,1,1,1,1,2, ,2,41,1,1,3,11,1982,1, , , , , , , , , , , , , , , ,5212,4711,3,5,3,2,1,2,0,8,8,8,8,8,8,48, ,48,1, ,2, ,2,2,2,120, , , , , , , , , , , , , , ,1,5,2, ,2, ,2, ,2, ,1,5,2, ,2, ,2, ,1,5,2, ,2, ,2, ,6,5, ,2,2,2,2,2,2,10,7,1,520, , , , , , , , ,520,520,520,1,939.987406583661
2024,09,18808,1,0044,1,1,202409188081004412,1,2,2,1,2, ,1,38,2,2,30,8,1986,1, , , , , , , , , , , , , , , ,9313,4100,3,5,3,2,1,3,0,0,0,0,8,8,8,24, ,48,2,48,2, ,2,2,2,160, , , , , , , , , , , , , , ,1,1,1,5,2, ,2, ,2, ,2, ,2, ,2, ,2, ,1,5,2, ,2, ,2, ,6,5, ,2,2,2,2,2,2,10,7,1,693, , , , , , , , ,693,693,693,1,1023.14168204936
2024,09,18808,1,0044,1,1,202409188081004414,1,3,3,1,2, ,2,10, , , , , , , , , , , , , , , , , , , , , , , , , , , , , , , , , , , , , , , , , , , , , , , , , , , , , , , , , , , , , , , , , , , , , , , , , , , , , , , , , , , , , , , , , , , , , , , , , , , , , , , , , , , , , , , ,1, 
2024,09,18808,1,0044,1,1,202409188081004415,1,4,3,1,2, ,1,2, , , , , , , , , , , , , , , , , , , , , , , , , , , , , , , , , , , , , , , , , , , , , , , , , , , , , , , , , , , , , , , , , , , , , , , , , , , , , , , , , , , , , , , , , , , , , , , , , , , , , , , , , , , , , , , ,1, 
2024,09,18808,1,0046,1,1,202409188081004611,1,1,1,1,2, ,1,50,1,1,1,12,1973,1, , , , , , , , , , , , , , , ,9333,2392,3,5,1, ,1,20,0,10,10,0,10,10,10,50,15,65,1, ,2, ,2,2,2,300, , , , , ,480, , , , , , , , ,1,5,2, ,2, ,2, ,2, ,1,5,2, ,2, ,2, ,2, ,2, ,2, ,2, ,3, ,5,2,2,2,2,2,2,10,7,1,1299, , , , ,480, , ,21,1779,1299,1800,1,834.958819372344
2024,09,18808,1,0046,1,1,202409188081004612,1,2,2,1,2, ,2,49,2,2,11,8,1975,2,2,2,2,2,2,2,2,2,2,2,2,2,2,2,2, , , , , , , , , , , , , , , , , , , , , , , , , , , , , , , , , ,2,7,2,2,7, , ,1,5,2, ,2, ,2, ,2, ,1,5,2, ,2, ,2, ,2, ,2, ,2, ,2, ,9,3, ,2,2,2,2,2,2,10,7,4, , , , , , , , , , , , ,1,767.779011096789
2024,09,18808,1,0046,1,1,202409188081004613,1,3,3,1,2, ,2,20,3,3,31,8,2004,1, , , , , , , , , , , , , , , ,7513,1071,2, ,3,2,1,1,0,8,6,6,5,6,6,37, ,37,1, ,2, ,2,2, , , , , , , , , , , , , , , , ,1,5,2, ,2, ,2, ,2, ,1,5,2, ,2, ,2, ,2, ,2, ,2, ,2, ,6,5, ,2,2,2,2,2,2,10,7,1, , ,1099,43, , , , , ,1142,1142,1142,1,943.80063438822
2024,09,18808,1,0046,1,1,202409188081004614,1,4,3,1,2, ,2,15,4,4,14,3,2009,2,2,2,2,2,2,2,2,2,2,2,2,2,2,2,2, , , , , , , , , , , , , , , , , , , , , , , , , , , , , , , , , ,2,4,2,2,5, , ,2,5,2, ,2, ,2, ,2, ,1,5,2, ,2, ,2, ,2, ,2, ,2, ,2, ,5,3, ,2,2,2,2,2,2,10,7,4, , , , , , , , , , , , ,1,943.80063438822
2024,09,18808,1,0046,1,1,202409188081004615,1,5,3,1,2, ,2,7, , , , , , , , , , , , , , , , , , , , , , , , , , , , , , , , , , , , , , , , , , , , , , , , , , , , , , , , , , , , , , , , , , , , , , , , , , , , , , , , , , , , , , , , , , , , , , , , , , , , , , , , , , , , , , , ,1, 
2024,09,18808,1,0141,1,1,202409188081014111,1,1,1,1,2, ,1,46,1,1,27,3,1978,1, , , , , , , , , , , , , , , ,7111,4100,3,5,3,2,1,2,0,8,8,8,8,0,5,37, ,45,2,45,2, ,2,2,2,750, , , , , , , , , , , , , , ,1,5,2, ,2, ,2, ,2, ,1,5,2, ,2, ,2, ,2, ,2, ,2, ,2, ,3, ,3,2,2,2,2,2,2,1,1,1,3248, , , , , , , , ,3248,3248,3248,1,834.958819372344
2024,09,18808,1,0141,1,1,202409188081014112,1,2,2,1,2, ,2,44,2,2,1,12,1979,2,2,2,2,2,2,2,2,2,2,2,2,2,2,2,2, , , , , , , , , , , , , , , , , , , , , , , , , , , , , , , , , ,2,5,2,2,6, , ,1,5,2, ,2, ,2, ,2, ,1,5,2, ,2, ,2, ,2, ,2, ,2, ,2, ,6,5, ,2,2,2,2,2,2,10,7,4, , , , , , , , , , , , ,1,939.987406583661
2024,09,18808,1,0141,1,1,202409188081014113,1,3,3,1,2, ,2,17,3,3,6,8,2007,2,2,2,2,2,2,2,2,2,2,2,2,2,2,2,2, , , , , , , , , , , , , , , , , , , , , , , , , , , , , , , , , ,2,5,2,2,6, , ,1,5,2, ,2, ,2, ,2, ,1,5,2, ,2, ,2, ,2, ,2, ,2, ,2, ,5,4, ,2,2,2,2,2,2,10,7,4, , , , , , , , , , , , ,1,943.80063438822
2024,09,18808,1,0141,1,1,202409188081014114,1,4,3,1,2, ,2,13, , , , , , , , , , , , , , , , , , , , , , , , , , , , , , , , , , , , , , , , , , , , , , , , , , , , , , , , , , , , , , , , , , , , , , , , , , , , , , , , , , , , , , , , , , , , , , , , , , , , , , , , , , , , , , , ,1, 
2024,09,18808,1,0141,1,1,202409188081014115,1,5,3,1,2, ,2,4, , , , , , , , , , , , , , , , , , , , , , , , , , , , , , , , , , , , , , , , , , , , , , , , , , , , , , , , , , , , , , , , , , , , , , , , , , , , , , , , , , , , , , , , , , , , , , , , , , , , , , , , , , , , , , , ,1, 
2024,09,2113001,1,0001,1,1,20240921130011000111,1,1,1,1,2, ,1,44,1,1,3,11,1979,1, , , , , , , , , , , , , , , ,7128,4330,3,5,3,2,1,2,0,0,8,8,8,0,0,24, ,24,1, ,1,1,1,1,2,240,108, , , , , , , , , , , , , ,1,6,2, ,2, ,2, ,2, ,2, ,2, ,2, ,2, ,1,5,2, ,2, ,2, ,6,5, ,2,2,2,2,2,2,10,7,1,1039,468, , , , , , , ,1507,1507,1507,1,883.622361065357
2024,09,2113001,1,0001,1,1,20240921130011000112,1,2,3,1,2, ,2,21,2,1,9,12,2002,1, , , , , , , , , , , , , , , ,5142,9602,3,5,2,2,1,6,9,9,0,9,9,9,0,45, ,45,1, ,1,1,1,2,3,513, , , , , , , , , , , , , , ,1,5,2, ,2, ,2, ,2, ,1,5,2, ,2, ,2, ,2, ,2, ,2, ,2, ,10,1, ,2,2,2,2,2,2,10,7,1,1026, , , , , , , , ,1026,1026,1026,1,815.100547230824
2024,09,2113001,1,0001,1,1,20240921130011000113,1,3,3,1,2, ,2,17,3,1,1,1,2007,2,2,2,2,2,2,2,2,2,2,2,2,2,2,2,2, , , , , , , , , , , , , , , , , , , , , , , , , , , , , , , , , ,2,4,2,2,5, , ,2,5,2, ,2, ,2, ,2, ,1,5,2, ,2, ,2, ,2, ,2, ,2, ,2, ,6,5, ,2,2,2,2,2,2,10,7,4, , , , , , , , , , , , ,1,815.100547230824
2024,09,2113001,1,0002,1,1,20240921130011000211,1,1,1,1,2, ,1,69,1,1,11,8,1955,2,2,2,2,2,2,2,2,2,2,2,2,2,2,2,2, , , , , , , , , , , , , , , , , , , , , , , , , , , , , , , , , ,2,5,1,1,7, , ,1,1,1,3,2, ,2, ,2, ,2, ,2, ,2, ,2, ,1,3,2, ,2, ,2, ,11,5, ,2,2,2,2,2,2,1,1,3, , , , , , , , , , , , ,1,721.10079797388
2024,09,2113001,1,0002,1,1,20240921130011000212,1,2,2,1,2, ,2,67,2,2,20,7,1957,2,2,2,2,2,2,2,2,2,2,2,2,2,2,2,2, , , , , , , , , , , , , , , , , , , , , , , , , , , , , , , , , ,2,7,2,2,7, , ,1,1,1,4,2, ,2, ,2, ,2, ,2, ,2, ,2, ,2, ,2, ,2, ,2, ,3,3, ,2,2,2,2,2,2,1,1,4, , , , , , , , , , , , ,1,663.081872691252
2024,09,2113001,1,0005,1,1,20240921130011000511,1,1,1,1,2, ,1,43,1,1,29,6,1981,1, , , , , , , , , , , , , , , ,7411,4321,3,5,2,1,1,4,0,0,8,8,8,8,0,32, ,32,1, ,1,1,1,2,2,600,110, , , , , , , , , , , , , ,1,5,2, ,2, ,2, ,2, ,1,5,2, ,2, ,2, ,2, ,1,5,2, ,2, ,6,5, ,2,2,2,2,2,2,10,7,1,2598,477, , , , , , , ,3075,3075,3075,1,883.622361065357
2024,09,2113001,1,0006,1,1,20240921130011000611,1,1,1,1,2, ,1,52,1,1,11,10,1971,1, , , , , , , , , , , , , , , ,9511,4781,2, ,3,2,1,1,8,0,0,0,0,0,0,8, ,22,2,22,2, ,2,2, , , , , , , , , , , , , , , , ,1,5,2, ,2, ,2, ,2, ,1,5,2, ,2, ,2, ,2, ,2, ,2, ,2, ,5,1, ,2,2,2,2,2,2,10,7,1, , ,330, , , , , , ,330,330,330,1,721.10079797388
2024,09,2113001,1,0006,1,1,20240921130011000612,1,2,3,1,2, ,2,34,2,2,12,7,1990,2,1, , , , , , , , , , , , , , ,9629,5914,3,5,1, ,3,60,0,0,0,0,0,0,0,0, ,48,2,48,2, ,2,2,3,500, , , , , , , , , , , , , , ,1,1,1,1,2, ,2, ,2, ,2, ,2, ,2, ,2, ,1,1,2, ,2, ,2, ,9,3, ,2,2,2,2,2,2,10,7,1,1000, , , , , , , ,192,1000,1000,1192,1,811.807305038602
2024,09,2113001,1,0006,1,1,20240921130011000613,1,3,3,1,2, ,2,32,3,3,31,7,1992,1, , , , , , , , , , , , , , , ,8153,1410,3,5,1, ,4,110,0,9,9,9,9,0,13,49, ,54,2,54,2, ,2,2,4,1500, , , , , , , , , , , , , , ,1,1,1,1,2, ,2, ,2, ,2, ,2, ,2, ,2, ,1,1,2, ,2, ,2, ,6,5, ,2,2,2,2,2,2,10,7,1,1500, , , , , , , ,200,1500,1500,1700,1,811.807305038602
2024,09,2113001,1,0006,1,1,20240921130011000614,1,4,5,1,2, ,2,11, , , , , , , , , , , , , , , , , , , , , , , , , , , , , , , , , , , , , , , , , , , , , , , , , , , , , , , , , , , , , , , , , , , , , , , , , , , , , , , , , , , , , , , , , , , , , , , , , , , , , , , , , , , , , , , ,1, 
2024,09,2113001,1,0006,1,1,20240921130011000615,1,5,5,1,2, ,2,6, , , , , , , , , , , , , , , , , , , , , , , , , , , , , , , , , , , , , , , , , , , , , , , , , , , , , , , , , , , , , , , , , , , , , , , , , , , , , , , , , , , , , , , , , , , , , , , , , , , , , , , , , , , , , , , ,1, 
2024,09,24443,1,0087,1,1,202409244431008711,1,1,1,1,2, ,2,65,1,1,21,8,1959,2,2,2,2,2,2,2,2,2,2,2,2,2,2,2,2, , , , , , , , , , , , , , , , , , , , , , , , , , , , , , , , , ,2,5,1,1,7, , ,1,4,2, ,2, ,2, ,1,4,2, ,2, ,2, ,2, ,2, ,1,5,2, ,2, ,6,5, ,2,2,2,2,2,2,10,1,3, , , , , , , , , , , , ,1,825.9007266388
2024,09,24443,1,0087,1,1,202409244431008712,1,2,2,1,2, ,1,65,2,2,21,4,1959,1, , , , , , , , , , , , , , , ,8322,4922,2, ,3,2,1,2,0,6,6,12,5,8,5,42, ,42,1, ,1,1,1,2, , , , , , , , , , , , , , , , ,1,4,2, ,2, ,2, ,1,3,2, ,2, ,2, ,2, ,2, ,2, ,2, ,1,3,6,5, ,2,2,2,2,2,2,10,7,1, , ,2425, , , , , , ,2425,2425,2425,1,898.166120285048
2024,09,24443,1,0088,1,1,202409244431008811,1,1,1,1,2, ,2,36,1,1,7,1,1988,1, , , , , , , , , , , , , , , ,7354,1410,3,5,1, ,5,1500,0,11,11,11,11,11,8,63, ,63,1, ,2, ,2,2,2,380,30, , , , , , , , , , , , , ,1,1,1,1,2, ,2, ,2, ,2, ,2, ,2, ,2, ,1,1,2, ,2, ,2, ,9,3, ,2,2,2,2,2,2,10,7,1,1645,130, , , , , , , ,1775,1775,1775,1,1011.14548705851
2024,09,24443,1,0088,1,1,202409244431008812,1,2,2,1,2, ,1,40,2,2,24,3,1984,1, , , , , , , , , , , , , , , ,8332,4923,3,5,3,2,1,3,0,0,8,8,8,8,0,32, ,32,1, ,1,1,1,2,3,700, , , , , , , , , , , , , , ,1,5,2, ,2, ,2, ,2, ,1,5,2, ,2, ,2, ,1,5,2, ,2, ,2, ,5,4, ,2,2,2,2,2,2,10,7,1,1400, , , , , , , ,58,1400,1400,1458,1,1100.59463262989
2024,09,24443,1,0088,1,1,202409244431008813,1,3,3,1,2, ,1,14,3,3,2,4,2010,2,2,2,2,2,2,2,2,2,2,2,2,2,2,2,2, , , , , , , , , , , , , , , , , , , , , , , , , , , , , , , , , ,2,4,1,2,5, , ,1,5,2, ,2, ,2, ,2, ,1,5,2, ,2, ,2, ,2, ,2, ,2, ,2, ,5,1, ,2,2,2,2,2,2,10,7,4, , , , , , , , , , , , ,1,940.310984800655
2024,09,24443,1,0088,1,1,202409244431008814,1,4,3,1,2, ,2,10, , , , , , , , , , , , , , , , , , , , , , , , , , , , , , , , , , , , , , , , , , , , , , , , , , , , , , , , , , , , , , , , , , , , , , , , , , , , , , , , , , , , , , , , , , , , , , , , , , , , , , , , , , , , , , , ,1, 
2024,09,24443,1,0088,1,1,202409244431008815,1,5,3,1,2, ,2,2, , , , , , , , , , , , , , , , , , , , , , , , , , , , , , , , , , , , , , , , , , , , , , , , , , , , , , , , , , , , , , , , , , , , , , , , , , , , , , , , , , , , , , , , , , , , , , , , , , , , , , , , , , , , , , , ,1, 
2024,09,24443,1,0089,1,1,202409244431008911,1,1,1,1,2, ,1,52,1,1,4,8,1972,1, , , , , , , , , , , , , , , ,7111,4100,2, ,3,2,1,1,0,8,8,8,8,8,0,40,7,47,1, ,2, ,2,2, , , , , , , , , , , , , , , , ,1,5,2, ,2, ,2, ,2, ,1,5,2, ,2, ,2, ,2, ,2, ,2, ,2, ,6,5, ,2,2,2,2,2,2,10,7,1, , ,2794, , , , , , ,2794,2794,2794,1,898.166120285048
2024,09,24443,1,0089,1,1,202409244431008912,1,2,2,1,2, ,2,54,2,2,17,4,1970,2,2,2,1,2,2,2,2,2,2,2,2,2,2,2, ,9622,5221,2, ,2,2,1,2,9,9,9,9,9,9,9,63, ,63,1, ,2, ,2,2, , , , , , , , , , , , , , , , ,1,5,2, ,2, ,2, ,2, ,1,5,2, ,2, ,2, ,2, ,2, ,2, ,2, ,6,5, ,2,2,2,2,2,2,10,7,1, , ,4796, , , , , , ,4796,4796,4796,1,825.9007266388
2024,09,24443,1,0090,1,1,202409244431009011,1,1,1,1,2, ,1,89,1,1,20,5,1935,2,2,2,2,2,2,2,2,2,2,2,2,2,2,2,2, , , , , , , , , , , , , , , , , , , , , , , , , , , , , , , , , ,2,6,2,2,3, , ,1,1,1,3,2, ,2, ,2, ,2, ,2, ,2, ,2, ,2, ,1,3,2, ,2, ,4,5, ,2,2,2,2,2,2,10,9,4, , , , , , , , , , , , ,1,898.166120285048
2024,09,24443,1,0090,1,1,202409244431009012,1,2,2,1,2, ,2,85,2,2,28,10,1938,2,2,2,2,2,2,2,2,2,2,2,2,2,2,2,2, , , , , , , , , , , , , , , , , , , , , , , , , , , , , , , , , ,2,6,2,2,3, , ,1,1,1,3,2, ,2, ,2, ,2, ,2, ,2, ,2, ,2, ,1,3,2, ,2, ,6,5, ,1,1,2,2,2,2,10,9,4, , , , , , , , , , , , ,1,825.9007266388
2024,09,47703,1,0136,1,1,202409477031013611,1,1,1,1,2, ,2,49,1,1,16,4,1975,2,2,2,2,2,2,2,2,2,2,2,2,2,2,2,2, , , , , , , , , , , , , , , , , , , , , , , , , , , , , , , , , ,2,5,2,1,7, , ,1,1,1,4,2, ,2, ,2, ,2, ,2, ,2, ,2, ,2, ,2, ,2, ,2, ,6,5, ,2,2,2,2,2,2,1,1,4, , , , , , , , , , , , ,1,1103.31226750694
2024,09,47703,1,0136,1,1,202409477031013612,1,2,2,1,2, ,1,52,2,2,30,8,1972,1, , , , , , , , , , , , , , , ,5414,8010,3,4,1, ,4,400,12,12,12,12,12,12,12,84, ,84,1, ,2, ,2,2,4,2600,217, , , , , , , , , , , , , ,1,1,1,1,2, ,2, ,2, ,2, ,2, ,2, ,2, ,1,1,2, ,2, ,2, ,1, , ,2,2,2,2,2,2,1,1,1,2600,710, , , , , , ,868,3310,3310,4178,1,1199.85086198258
2024,09,47703,1,0136,1,1,202409477031013613,1,3,3,1,2, ,1,14,3,3,10,8,2010,2,2,2,2,2,2,2,2,2,2,2,2,2,2,2,2, , , , , , , , , , , , , , , , , , , , , , , , , , , , , , , , , ,2,4,1,2,5, , ,2,1,1,4,2, ,2, ,2, ,2, ,2, ,2, ,2, ,2, ,2, ,2, ,2, ,5,1, ,2,2,2,2,2,2,10,5,4, , , , , , , , , , , , ,1,1256.15175206864
2024,09,47703,1,0136,1,1,202409477031013614,1,4,3,1,2, ,2,11, , , , , , , , , , , , , , , , , , , , , , , , , , , , , , , , , , , , , , , , , , , , , , , , , , , , , , , , , , , , , , , , , , , , , , , , , , , , , , , , , , , , , , , , , , , , , , , , , , , , , , , , , , , , , , , ,1, 
2024,09,47703,1,0137,1,1,202409477031013711,1,1,1,1,2, ,1,48,1,1,25,8,1976,2,1, , , , , , , , , , , , , , ,7127,4322,3,5,1, ,5,1500,0,0,0,0,0,0,0,0, ,54,2,54,2, ,2,2,4,2000, , , , , , , , , , , , , , ,1,1,1,1,2, ,2, ,2, ,2, ,2, ,2, ,2, ,1,1,2, ,2, ,2, ,5,3, ,2,2,2,2,2,2,10,7,1,2000, , , , , , , ,516,2000,2000,2516,1,1199.85086198258
2024,09,47703,1,0137,1,1,202409477031013712,1,2,2,1,2, ,2,52,2,2,12,1,1972,1, , , , , , , , , , , , , , , ,5212,4711,2, ,3,2,1,1,0,10,10,10,10,10,10,60, ,60,1, ,2, ,2,2, , , , , , , , , , , , , , , , ,1,1,1,4,2, ,2, ,2, ,2, ,2, ,2, ,2, ,2, ,2, ,2, ,2, ,6,5, ,2,2,2,2,2,2,10,7,1, , ,2431,520, , , , , ,2951,2951,2951,1,1103.31226750694
2024,09,47703,1,0137,1,1,202409477031013713,1,3,3,1,2, ,1,18,3,3,10,8,2006,2,2,2,2,2,2,2,2,2,2,2,2,2,2,2,2, , , , , , , , , , , , , , , , , , , , , , , , , , , , , , , , , ,1,3,1,1,13,5,3,1,6,2, ,2, ,2, ,2, ,2, ,2, ,2, ,2, ,2, ,2, ,2, ,2, ,6,5, ,2,2,2,2,2,2,10,7,2, , , , , , , , , , , , ,1,1256.15175206864
2024,09,47703,1,0138,1,1,202409477031013811,1,1,1,1,2, ,1,44,1,1,12,9,1979,1, , , , , , , , , , , , , , , ,7129,2393,3,5,1, ,4,200,0,8,8,8,8,8,8,48, ,48,1, ,2, ,2,2,4,2500,84, , , , , , , , , , , , , ,1,1,1,1,2, ,2, ,2, ,2, ,2, ,2, ,2, ,1,1,2, ,2, ,2, ,6,5, ,2,2,2,2,2,2,10,6,1,2500,364, , , , , , ,626,2864,2864,3490,1,1470.27302503381
2024,09,47703,1,0138,1,1,202409477031013812,1,2,2,1,2, ,2,46,2,2,24,7,1978,1, , , , , , , , , , , , , , , ,9111,9700,6, , , ,1,1,0,9,9,9,9,9,0,45, ,45,1, ,1,1,1,2,3,510,100, , , , , , , , , , , , , ,1,1,1,4,2, ,2, ,2, ,2, ,2, ,2, ,2, ,1,5,2, ,2, ,2, ,8,2, ,2,2,2,2,2,2,10,6,1,1020,433, , , , , , , ,1453,1453,1453,1,1103.31226750694
2024,09,47703,1,0138,1,1,202409477031013813,1,3,3,1,2, ,2,22,3,3,11,6,2002,2,2,2,2,2,2,2,2,2,2,2,2,2,2,2,2, , , , , , , , , , , , , , , , , , , , , , , , , , , , , , , , , ,1,4,1,2,13,3,1,1,5,2, ,2, ,2, ,2, ,1,5,2, ,2, ,2, ,2, ,2, ,2, ,2, ,10,3, ,2,2,2,2,2,2,10,1,2, , , , , , , , , , , , ,1,1356.25851052352
2024,09,47703,1,0138,1,1,202409477031013814,1,4,3,1,2, ,2,16,4,4,21,8,2008,2,2,2,2,2,2,2,2,2,2,2,2,2,2,2,2, , , , , , , , , , , , , , , , , , , , , , , , , , , , , , , , , ,2,4,2,2,5, , ,2,1,1,4,2, ,2, ,2, ,2, ,2, ,2, ,2, ,2, ,2, ,2, ,2, ,5,3, ,2,2,2,2,2,2,10,9,4, , , , , , , , , , , , ,1,1356.25851052352
2024,09,47703,1,0139,1,1,202409477031013911,1,1,1,1,2, ,2,39,1,1,20,6,1985,1, , , , , , , , , , , , , , , ,3323,6810,3,5,1, ,2,30,0,8,8,9,9,8,6,48, ,48,1, ,2, ,2,2,4,3500, , , , , , , , , , , , , , ,1,1,1,1,2, ,2, ,2, ,2, ,2, ,2, ,2, ,1,1,2, ,2, ,2, ,11,5, ,2,2,2,2,2,2,10,7,1,3500, , , , , , , ,876,3500,3500,4376,1,1350.77883348786
2024,09,47703,1,0139,1,1,202409477031013912,1,2,3,1,2, ,2,9, , , , , , , , , , , , , , , , , , , , , , , , , , , , , , , , , , , , , , , , , , , , , , , , , , , , , , , , , , , , , , , , , , , , , , , , , , , , , , , , , , , , , , , , , , , , , , , , , , , , , , , , , , , , , , , ,1, 
2024,09,21336,1,0072,1,1,202409213361007211,1,1,1,1,2, ,2,48,1,1,17,8,1976,1, , , , , , , , , , , , , , , ,5120,5629,3,5,1, ,1,20,0,9,9,9,9,9,9,54, ,54,1, ,1,2,2,2,4,1200,15, , , , , , , , , , , , , ,1,1,1,1,2, ,2, ,2, ,2, ,2, ,2, ,2, ,2, ,1,1,2, ,2, ,8,1, ,2,2,2,2,2,2,10,7,1,1200,450, , , , , , ,308,1650,1650,1958,1,767.704293655069
2024,09,21336,1,0072,1,1,202409213361007212,1,2,3,1,2, ,2,27,2,2,13,12,1996,1, , , , , , , , , , , , , , , ,4419,5629,3,5,1, ,1,20,0,3,3,0,0,0,0,6, ,6,1, ,1,2,2,2,4,400, , , , , , , , , , , , , , ,1,5,2, ,2, ,2, ,2, ,1,5,2, ,2, ,2, ,2, ,2, ,2, ,2, ,10,4, ,2,2,2,2,2,2,10,7,1,400, , , , , , , , ,400,400,400,1,939.895930451527
2024,09,21336,1,0072,1,1,202409213361007213,1,3,3,1,2, ,1,13, , , , , , , , , , , , , , , , , , , , , , , , , , , , , , , , , , , , , , , , , , , , , , , , , , , , , , , , , , , , , , , , , , , , , , , , , , , , , , , , , , , , , , , , , , , , , , , , , , , , , , , , , , , , , , , ,1, 
2024,09,21336,1,0073,1,1,202409213361007311,1,1,1,1,2, ,2,72,1,1,18,12,1951,2,2,2,2,2,2,2,2,2,2,2,2,2,2,2,2, , , , , , , , , , , , , , , , , , , , , , , , , , , , , , , , , ,2,5,1,1,6, , ,1,1,1,4,2, ,2, ,2, ,2, ,2, ,2, ,2, ,2, ,2, ,2, ,2, ,5,1, ,2,2,2,2,2,2,1,1,4, , , , , , , , , , , , ,1,767.704293655069
2024,09,21336,1,0073,1,1,202409213361007312,1,2,2,1,2, ,1,80,2,5,6,4,1944,2,2,2,2,2,2,2,2,2,2,2,2,2,2,2,2, , , , , , , , , , , , , , , , , , , , , , , , , , , , , , , , , ,2,7,2,2,7, , ,1,1,1,3,2, ,2, ,2, ,2, ,2, ,2, ,2, ,2, ,1,3,2, ,2, ,5,3, ,1,2,1,1,1,1,10,7,4, , , , , , , , , , , , ,1,834.877564237698
2024,09,21336,1,0073,1,1,202409213361007313,1,3,3,1,2, ,1,44,3,3,19,3,1980,1, , , , , , , , , , , , , , , ,9333,5224,3,5,3,2,1,4,0,0,0,0,0,0,5,5, ,8,2,8,1,1,1,1,2,120,12, , , , , , , , , , , , , ,1,5,2, ,2, ,2, ,2, ,1,5,2, ,2, ,2, ,2, ,1,5,2, ,2, ,6,5, ,2,2,2,2,2,2,10,7,1,520,52, , , , , , , ,572,572,572,1,1023.04211364765
2024,09,21336,1,0073,1,1,202409213361007314,1,4,3,1,2, ,1,38,4,4,16,11,1985,1, , , , , , , , , , , , , , , ,7513,1073,3,5,1, ,5,600,0,10,10,10,10,10,10,60, ,60,1, ,1,1,1,2,4,2000,15, , , , , , , , , , , , , ,1,1,1,1,2, ,2, ,2, ,2, ,2, ,2, ,2, ,1,1,2, ,2, ,2, ,6,5, ,2,2,2,2,2,2,10,7,1,2000,450, , , , , , ,584,2450,2450,3034,1,1023.04211364765
2024,09,21336,1,0073,1,1,202409213361007315,1,5,3,1,2, ,1,34,5,5,12,12,1989,1, , , , , , , , , , , , , , , ,8156,1520,3,5,2,2,1,4,0,6,6,6,6,6,6,36, ,36,1, ,1,2,2,2,2,300, , , , , , , , , , , , , , ,1,5,2, ,2, ,2, ,2, ,1,5,2, ,2, ,2, ,2, ,2, ,2, ,2, ,6,5, ,2,2,2,2,2,2,10,7,1,1299, , , , , , , , ,1299,1299,1299,1,1023.04211364765
2024,09,21336,1,0074,1,1,202409213361007411,1,1,1,1,2, ,2,41,1,1,7,3,1983,1, , , , , , , , , , , , , , , ,2421,6419,3,5,1, ,5,1000,0,12,12,12,12,12,12,72, ,72,1, ,2, ,2,2,4,3000, , , , , , , , , , , , , , ,1,1,1,1,2, ,2, ,2, ,2, ,2, ,2, ,2, ,1,1,2, ,2, ,2, ,11,5, ,2,2,2,2,2,2,10,7,1,3000, , , , , , , ,1125,3000,3000,4125,1,939.895930451527
2024,09,29441,1,0071,1,1,202409294411007111,1,1,1,1,2, ,1,39,1,1,11,7,1985,1, , , , , , , , , , , , , , , ,4417,8411,3,2, , ,5,9998,0,8,8,8,8,8,0,40, ,40,1, ,2, ,2,2,4,3000, , , , , , , , , , , , , , ,2,5,2, ,2, ,2, ,2, ,1,5,2, ,2, ,2, ,1,5,2, ,2, ,2, ,9,3, ,2,2,2,2,2,2,10,7,1,3000, , , , , , , , ,3000,3000,3000,1,1087.00640620059
2024,09,29441,1,0071,1,1,202409294411007112,1,2,2,1,2, ,2,33,2,2,10,3,1991,1, , , , , , , , , , , , , , , ,4416,8412,3,2, , ,5,9998,0,8,8,8,8,8,0,40, ,40,1, ,2, ,2,2,4,3500, , , , , , , , , , , , , , ,1,1,1,1,2, ,2, ,2, ,2, ,2, ,2, ,2, ,1,1,2, ,2, ,2, ,11,6, ,2,2,2,2,2,2,10,7,1,3500, , , , , , , ,50,3500,3500,3550,1,998.661622951083
2024,09,29441,1,0071,1,1,202409294411007113,1,3,3,1,2, ,1,2, , , , , , , , , , , , , , , , , , , , , , , , , , , , , , , , , , , , , , , , , , , , , , , , , , , , , , , , , , , , , , , , , , , , , , , , , , , , , , , , , , , , , , , , , , , , , , , , , , , , , , , , , , , , , , , ,1, 
2024,09,29441,1,0072,1,1,202409294411007211,1,1,1,1,2, ,1,39,1,1,17,2,1985,1, , , , , , , , , , , , , , , ,3119,5223,3,5,1, ,4,500,0,11,11,11,11,11,11,66, ,66,1, ,2, ,2,2,4,8000, , , , , , , , , , , , , , ,1,1,1,1,2, ,2, ,2, ,2, ,2, ,2, ,2, ,1,1,2, ,2, ,2, ,11,5, ,2,2,2,2,2,2,10,6,1,8000, , , , , , , ,2001,8000,8000,10001,1,1087.00640620059
2024,09,29441,1,0072,1,1,202409294411007212,1,2,2,1,2, ,2,31,2,2,30,10,1992,1, , , , , , , , , , , , , , , ,3314,4719,3,5,1, ,5,5000,0,11,11,11,11,11,11,66, ,66,1, ,2, ,2,2,4,3000, , , , , , , , , , , , , , ,1,1,1,1,2, ,2, ,2, ,2, ,2, ,2, ,2, ,1,1,2, ,2, ,2, ,9,3, ,2,2,2,2,2,2,10,6,1,3000, , , , , , , ,750,3000,3000,3750,1,998.661622951083
2024,09,29441,1,0072,1,1,202409294411007213,1,3,3,1,2, ,1,2, , , , , , , , , , , , , , , , , , , , , , , , , , , , , , , , , , , , , , , , , , , , , , , , , , , , , , , , , , , , , , , , , , , , , , , , , , , , , , , , , , , , , , , , , , , , , , , , , , , , , , , , , , , , , , , ,1, 
2024,09,29441,1,0073,1,1,202409294411007311,1,1,1,1,2, ,1,78,1,1,4,9,1945,2,2,2,2,2,2,2,2,2,2,2,2,2,2,2,2, , , , , , , , , , , , , , , , , , , , , , , , , , , , , , , , , ,2,6,2,2,3, , ,1,4,2, ,2, ,2, ,1,3,2, ,2, ,2, ,2, ,2, ,2, ,2, ,1,3,6,5, ,2,2,2,2,2,2,10,7,4, , , , , , , , , , , , ,1,887.077128705651
2024,09,29441,1,0073,1,1,202409294411007312,1,2,2,1,2, ,2,75,2,2,16,5,1949,2,2,2,2,2,2,2,2,2,2,2,2,2,2,2,2, , , , , , , , , , , , , , , , , , , , , , , , , , , , , , , , , ,2,6,2,2,7, , ,1,1,1,3,2, ,2, ,2, ,2, ,2, ,2, ,2, ,2, ,1,3,2, ,2, ,6,5, ,2,2,2,2,2,2,10,7,4, , , , , , , , , , , , ,1,815.703942328779
2024,09,29441,1,0074,1,1,202409294411007411,1,1,1,1,2, ,2,33,1,1,25,9,1990,2,2,2,2,1,2,2,2,2,2,2,2,2,2,2, ,9629,9609,2, ,3,2,1,1,0,0,2,2,2,0,0,6, ,6,1, ,2, ,2,2, , , , , , , , , , , , , , , , ,1,6,2, ,2, ,2, ,2, ,2, ,2, ,2, ,2, ,2, ,2, ,2, ,2, ,11,5, ,2,2,2,2,2,2,10,7,1, , ,1516, , , , , , ,1516,1516,1516,1,998.661622951083
2024,09,29441,1,0074,1,1,202409294411007412,1,2,3,1,2, ,2,2, , , , , , , , , , , , , , , , , , , , , , , , , , , , , , , , , , , , , , , , , , , , , , , , , , , , , , , , , , , , , , , , , , , , , , , , , , , , , , , , , , , , , , , , , , , , , , , , , , , , , , , , , , , , , , , ,1, 
2024,09,20382,1,0011,1,1,202409203821001111,1,1,1,1,2, ,2,51,1,1,4,11,1972,2,2,2,2,2,2,2,2,2,2,2,2,2,2,2,2, , , , , , , , , , , , , , , , , , , , , , , , , , , , , , , , , ,2,5,2,2,7, , ,1,2,2, ,1,2,2, ,2, ,2, ,2, ,2, ,2, ,2, ,1,5,2, ,2, ,8,2, ,2,2,2,2,2,2,10,7,4, , , , , , , , , , , , ,1,880.576399327503
2024,09,20382,1,0011,1,1,202409203821001112,1,2,3,1,2, ,2,21,2,2,19,5,2003,1, , , , , , , , , , , , , , , ,5230,4630,3,5,1, ,2,50,4,4,0,4,4,4,4,24, ,24,1, ,1,2,2,2,4,513, , , , , , , , , , , , , , ,2,1,1,1,2, ,2, ,2, ,2, ,2, ,2, ,2, ,1,1,2, ,2, ,2, ,10,3, ,2,2,2,2,2,2,10,7,1,513, , , , , , , ,86,513,513,599,1,1082.4580410519
2024,09,20382,1,0129,1,1,202409203821012911,1,1,1,1,2, ,2,40,1,1,20,5,1984,1, , , , , , , , , , , , , , , ,3322,4390,3,5,2,1,1,10,0,6,6,6,6,0,0,24, ,30,2,30,2, ,2,2,4,1200, , , , , , , , , , , , , , ,1,5,2, ,2, ,2, ,2, ,1,5,2, ,2, ,2, ,2, ,2, ,2, ,2, ,10,2, ,2,2,2,2,2,2,10,7,1,1200, , , , , , , ,200,1200,1200,1400,1,1078.08459718143
2024,09,20382,1,0129,1,1,202409203821012912,1,2,2,1,2, ,1,58,2,1,1,5,1966,1, , , , , , , , , , , , , , , ,3314,5811,1, ,1, ,1,11,0,8,8,8,8,0,5,37, ,45,2,45,2, ,2,2, , , ,5000, , , , , , , , , , , , ,1,5,2, ,2, ,2, ,2, ,1,5,2, ,2, ,2, ,1,5,2, ,2, ,2, ,6,5, ,2,2,2,2,2,2,10,7,1, , ,5000, , , , , , ,5000,5000,5000,1,957.625853433175
2024,09,20382,1,0129,1,1,202409203821012913,1,3,3,1,2, ,1,19,3,3,7,10,2004,2,2,2,2,2,2,2,2,2,2,2,2,2,2,2,2, , , , , , , , , , , , , , , , , , , , , , , , , , , , , , , , , ,2,4,1,2,5, , ,2,5,2, ,2, ,2, ,2, ,1,5,2, ,2, ,2, ,2, ,2, ,2, ,2, ,3, ,2,2,2,2,2,2,2,10,7,4, , , , , , , , , , , , ,1,1002.56076128382
2024,09,20382,1,0129,1,1,202409203821012914,1,4,3,1,2, ,1,5, , , , , , , , , , , , , , , , , , , , , , , , , , , , , , , , , , , , , , , , , , , , , , , , , , , , , , , , , , , , , , , , , , , , , , , , , , , , , , , , , , , , , , , , , , , , , , , , , , , , , , , , , , , , , , , ,1, 
2024,09,20382,1,0130,1,1,202409203821013011,1,1,1,1,2, ,2,83,1,1,16,3,1941,2,2,2,2,2,2,2,2,2,2,2,2,2,2,2,2, , , , , , , , , , , , , , , , , , , , , , , , , , , , , , , , , ,2,6,2,1,6, , ,1,1,1,3,2, ,2, ,2, ,2, ,2, ,2, ,2, ,2, ,1,3,2, ,2, ,4,5, ,2,2,2,2,2,2,10,5,4, , , , , , , , , , , , ,1,880.576399327503
2024,09,20382,1,0130,1,1,202409203821013012,1,2,3,1,2, ,2,43,2,1,15,4,1981,2,2,2,2,2,2,2,2,2,2,2,2,2,2,2,2, , , , , , , , , , , , , , , , , , , , , , , , , , , , , , , , , ,2,7,1,2,7, , ,1,5,2, ,2, ,2, ,2, ,1,5,2, ,2, ,2, ,2, ,2, ,2, ,2, ,6,5, ,2,2,2,2,2,2,10,7,4, , , , , , , , , , , , ,1,1078.08459718143
2024,09,20382,1,0130,1,1,202409203821013013,1,3,5,1,2, ,1,3, , , , , , , , , , , , , , , , , , , , , , , , , , , , , , , , , , , , , , , , , , , , , , , , , , , , , , , , , , , , , , , , , , , , , , , , , , , , , , , , , , , , , , , , , , , , , , , , , , , , , , , , , , , , , , , ,1, 
2024,09,2659001,1,0053,1,1,20240926590011005311,1,1,1,1,2, ,2,69,1,1,8,11,1954,2,2,2,2,2,2,2,2,2,2,2,2,2,2,2,2, , , , , , , , , , , , , , , , , , , , , , , , , , , , , , , , , ,2,5,2,2,6, , ,1,1,1,3,2, ,2, ,2, ,2, ,2, ,2, ,2, ,2, ,1,3,2, ,2, ,11,6, ,2,2,2,2,2,2,10,7,4, , , , , , , , , , , , ,1,779.176835270371
2024,09,2659001,1,0053,1,1,20240926590011005312,1,2,3,1,2, ,1,33,2,2,22,9,1990,1, , , , , , , , , , , , , , , ,5212,4741,3,5,1, ,1,20,12,6,12,0,12,6,12,60,7,67,1, ,1,1,1,2,4,2400, , , , , ,500, , , , , , , , ,1,1,1,1,2, ,2, ,2, ,2, ,2, ,2, ,2, ,1,1,2, ,2, ,2, ,11,5, ,2,2,2,2,2,2,10,7,1,2400, , , , ,500, , ,42,2900,2400,2942,1,1038.33041321825
2024,09,2659001,1,0054,1,1,20240926590011005411,1,1,1,1,2, ,1,57,1,1,17,7,1967,1, , , , , , , , , , , , , , , ,2511,7911,3,5,1, ,1,8,0,8,8,8,8,8,0,40, ,40,1, ,2, ,2,2,4,5600, , , , , , , , , , , , , , ,1,3,1,1,2, ,1,1,2, ,2, ,2, ,2, ,2, ,1,1,2, ,2, ,2, ,11,5, ,2,2,2,2,2,2,10,7,1,5600, , , , , , , ,1401,5600,5600,7001,1,847.353940465577
2024,09,2659001,1,0054,1,1,20240926590011005412,1,2,2,1,2, ,2,45,2,2,10,7,1979,1, , , , , , , , , , , , , , , ,1491,7911,3,5,1, ,1,20,0,9,9,9,9,9,0,45, ,45,1, ,1,1,1,2,4,2500, , , , , , , , , , , , , , ,1,3,1,1,2, ,1,1,2, ,2, ,2, ,2, ,2, ,1,1,2, ,2, ,2, ,11,5, ,2,2,2,2,2,2,12,6,1,2500, , , , , , , ,1124,2500,2500,3624,1,779.176835270371
2024,09,2659001,1,0054,1,1,20240926590011005413,1,3,3,1,2, ,2,9, , , , , , , , , , , , , , , , , , , , , , , , , , , , , , , , , , , , , , , , , , , , , , , , , , , , , , , , , , , , , , , , , , , , , , , , , , , , , , , , , , , , , , , , , , , , , , , , , , , , , , , , , , , , , , , ,1, 
2024,09,2659001,1,0055,1,1,20240926590011005511,1,1,1,1,2, ,1,51,1,1,23,6,1973,1, , , , , , , , , , , , , , , ,5221,4649,3,5,1, ,2,50,0,8,8,8,8,8,8,48, ,48,1, ,2, ,2,1,4,3000, , , , , , , , , , , , , , ,1,1,1,1,2, ,2, ,2, ,2, ,2, ,2, ,2, ,1,1,2, ,2, ,2, ,11,5, ,2,2,2,2,2,2,10,7,1,3000, , , , , , , ,14,3000,3000,3014,1,847.353940465577
2024,09,2659001,1,0055,1,1,20240926590011005512,1,2,2,1,2, ,2,49,2,2,22,3,1975,1, , , , , , , , , , , , , , , ,2221,8610,3,2, , ,5,9998,0,12,0,12,0,12,0,36, ,36,1, ,2, ,2,2,4,5000, , , , , , , , , , , , , , ,1,1,1,1,2, ,2, ,2, ,2, ,2, ,2, ,2, ,1,1,2, ,2, ,2, ,11,5, ,2,2,2,2,2,2,10,7,1,5000, , , , , , , ,50,5000,5000,5050,1,779.176835270371
2024,09,2659001,1,0055,1,1,20240926590011005513,1,3,3,1,2, ,1,13, , , , , , , , , , , , , , , , , , , , , , , , , , , , , , , , , , , , , , , , , , , , , , , , , , , , , , , , , , , , , , , , , , , , , , , , , , , , , , , , , , , , , , , , , , , , , , , , , , , , , , , , , , , , , , , ,1, 
2024,09,2659001,1,0056,1,1,20240926590011005611,1,1,1,1,2, ,1,75,1,1,10,3,1949,1, , , , , , , , , , , , , , , ,3334,6810,2, ,3,2,1,1,0,2,2,2,2,2,2,12, ,12,1, ,1,1,1,2, , , , , , , , , , , , , , , , ,1,1,1,3,2, ,2, ,2, ,2, ,2, ,2, ,2, ,1,3,2, ,2, ,2, ,11,5, ,1,2,2,2,2,2,10,1,1, , ,850, , , , , , ,850,850,850,1,847.353940465577
2024,09,2659001,1,0056,1,1,20240926590011005612,1,2,2,1,2, ,2,74,2,1,26,2,1950,2,2,2,2,2,2,2,2,2,2,2,2,2,2,2,2, , , , , , , , , , , , , , , , , , , , , , , , , , , , , , , , , ,2,6,2,2,7, , ,1,1,1,3,2, ,2, ,2, ,2, ,2, ,2, ,2, ,2, ,1,3,2, ,2, ,6,5, ,2,2,2,2,2,2,10,7,4, , , , , , , , , , , , ,1,779.176835270371
2024,09,2633401,1,0038,1,1,20240926334011003811,1,1,1,1,2, ,1,47,1,1,9,3,1977,1, , , , , , , , , , , , , , , ,4110,2100,3,5,1, ,4,300,0,8,8,8,8,8,0,40,27,67,1, ,1,1,1,2,4,10000, , , ,2000, , , , , , , , , , ,1,1,1,1,2, ,2, ,2, ,2, ,2, ,2, ,2, ,1,1,2, ,2, ,2, ,12,2, ,2,2,2,2,2,2,10,7,1,10000, , , ,2000, , , ,3332,12000,10000,15332,1,829.476408893348
2024,09,2633401,1,0038,1,1,20240926334011003812,1,2,2,1,2, ,2,50,2,2,7,6,1974,2,2,2,2,2,2,2,2,2,2,2,2,2,2,2,2, , , , , , , , , , , , , , , , , , , , , , , , , , , , , , , , , ,1,5,1,1,13,7,2,1,3,1,4,1,4,2, ,2, ,2, ,2, ,2, ,2, ,2, ,2, ,2, ,2, ,11,5, ,2,2,2,2,2,2,10,7,2, , , , , , , , , , , , ,1,762.737708941127
2024,09,2633401,1,0038,1,1,20240926334011003813,1,3,3,1,2, ,2,17,3,2,15,3,2007,2,2,2,2,2,2,2,2,2,2,2,2,2,2,2,2, , , , , , , , , , , , , , , , , , , , , , , , , , , , , , , , , ,2,4,2,2,5, , ,1,3,1,4,1,4,2, ,2, ,2, ,2, ,2, ,2, ,2, ,2, ,2, ,2, ,5,4, ,2,2,2,2,2,2,10,7,4, , , , , , , , , , , , ,1,937.603559313377
2024,09,2633401,1,0038,1,1,20240926334011003814,1,4,3,1,2, ,2,11, , , , , , , , , , , , , , , , , , , , , , , , , , , , , , , , , , , , , , , , , , , , , , , , , , , , , , , , , , , , , , , , , , , , , , , , , , , , , , , , , , , , , , , , , , , , , , , , , , , , , , , , , , , , , , , ,1, 
2024,09,26461,1,0027,1,1,202409264611002711,1,1,1,1,2, ,2,33,1,1,99,99,1991,1, , , , , , , , , , , , , , , ,2142,4100,3,5,1, ,5,9998,0,8,8,8,8,8,8,48, ,48,1, ,2, ,2,2,4,8500, , , , , , , , , , , , , , ,2,3,1,1,2, ,1,1,2, ,2, ,2, ,2, ,2, ,1,1,2, ,2, ,2, ,11,5, ,2,2,2,2,2,2,12,8,1,8500, , , , , , , ,2124,8500,8500,10624,1,947.353266243334
2024,09,26461,1,0027,1,1,202409264611002712,1,2,2,1,2, ,1,33,2,2,16,6,1991,1, , , , , , , , , , , , , , , ,2142,4100,3,5,1, ,5,998,0,8,8,8,8,8,8,48, ,48,1, ,2, ,2,2,4,8500, , , , , , , , , , , , , , ,2,3,1,1,2, ,1,1,2, ,2, ,2, ,2, ,2, ,1,1,2, ,2, ,2, ,11,5, ,2,2,2,2,2,2,12,8,1,8500, , , , , , , ,2124,8500,8500,10624,1,1031.15914908047
2024,09,2230701,1,0031,1,1,20240922307011003111,1,1,1,1,2, ,1,20,1,1,22,5,2004,1, , , , , , , , , , , , , , , ,7411,4321,3,5,2,2,1,7,0,0,8,0,0,0,0,8, ,8,1, ,1,1,1,1,2,50,15, , , , , , , , , , , , , ,1,5,2, ,2, ,2, ,2, ,1,5,1,4,2, ,2, ,2, ,2, ,2, ,2, ,10,2, ,2,2,2,2,2,2,1,1,1,217,65, , , , , , , ,282,282,282,1,829.483374966658
2024,09,2230701,1,0031,1,1,20240922307011003112,1,2,7,1,2, ,2,17,2,2,5,9,2006,2,2,2,2,2,2,2,2,2,2,2,2,2,2,2,2, , , , , , , , , , , , , , , , , , , , , , , , , , , , , , , , , ,2,8,2,2,5, , ,2,6,2, ,2, ,2, ,2, ,2, ,2, ,2, ,2, ,2, ,2, ,2, ,2, ,6,5, ,2,2,2,2,2,2,10,1,4, , , , , , , , , , , , ,1,895.587563193424
2024,09,2230701,1,0032,1,1,20240922307011003211,1,1,1,1,2, ,1,32,1,1,1,1,1992,1, , , , , , , , , , , , , , , ,7352,1410,2, ,3,2,1,1,0,10,10,10,10,6,0,46, ,60,2,60,1,1,1,2, , , , , , , , , , , , , , , , ,1,5,2, ,2, ,2, ,2, ,1,5,2, ,2, ,2, ,2, ,2, ,2, ,2, ,6,5, ,2,2,2,2,2,2,1,1,1, , ,1950, , , , , , ,1950,1950,1950,1,970.875556173123
2024,09,2230701,1,0032,1,1,20240922307011003212,1,2,2,1,2, ,2,29,2,2,20,6,1995,1, , , , , , , , , , , , , , , ,5141,9602,3,5,2,1,1,5,10,10,10,10,10,10,10,70, ,70,2,60,2, ,2,2,2,350, , , , , , , , , , , , , , ,1,5,2, ,2, ,2, ,2, ,1,5,2, ,2, ,2, ,2, ,2, ,2, ,2, ,6,5, ,2,2,2,2,2,2,10,7,1,1516, , , , , , , , ,1516,1516,1516,1,891.969130154755
2024,09,2230701,1,0033,1,1,20240922307011003311,1,1,1,1,2, ,1,73,1,1,15,7,1951,1, , , , , , , , , , , , , , , ,9511,4781,2, ,3,2,1,1,0,12,12,12,12,12,12,72, ,72,1, ,2, ,2,2, , , , , , , , , , , , , , , , ,1,5,2, ,2, ,2, ,2, ,1,5,2, ,2, ,2, ,2, ,2, ,2, ,2, ,6,5, ,2,2,2,2,2,2,10,7,1, , ,850,20, , , , , ,870,870,870,1,792.305818795356
2024,09,2230701,1,0033,1,1,20240922307011003312,1,2,2,1,2, ,2,70,2,2,15,4,1954,1, , , , , , , , , , , , , , , ,9411,5610,2, ,3,2,1,1,7,7,7,7,7,7,7,49, ,49,1, ,2, ,2,2, , , , , , , , , , , , , , , , ,1,5,2, ,2, ,2, ,2, ,1,5,2, ,2, ,2, ,2, ,1,5,2, ,2, ,6,5, ,2,2,2,2,2,2,1,7,1, , ,260, , , , , , ,260,260,260,1,728.557820969199
2024,09,2230701,1,0033,1,1,20240922307011003313,1,3,3,1,2, ,1,33,3,3,3,7,1991,1, , , , , , , , , , , , , , , ,5212,4771,2, ,2,2,1,1,7,11,11,11,11,11,7,69, ,69,1, ,1,1,1,1, , , , , , , , , , , , , , , , ,1,5,2, ,2, ,2, ,2, ,1,5,2, ,2, ,2, ,2, ,1,5,2, ,2, ,10,3, ,2,2,2,2,2,2,10,1,1, , ,868,80, , , , , ,948,948,948,1,970.875556173123
2024,09,4744203,1,0028,1,1,20240947442031002811,1,1,1,1,2, ,1,54,1,1,30,11,1969,2,2,2,2,2,2,2,2,2,2,2,2,2,2,2,2, , , , , , , , , , , , , , , , , , , , , , , , , , , , , , , , , ,1,5,1,1,13,5,2,1,6,2, ,2, ,2, ,2, ,2, ,2, ,2, ,2, ,1,5,2, ,2, ,2, ,6,5, ,2,2,2,2,2,2,1,7,2, , , , , , , , , , , , ,1,470.389126216674
2024,09,4744203,1,0028,1,1,20240947442031002812,1,2,2,1,2, ,2,43,2,2,14,5,1981,2,2,2,2,2,2,1,2,2,2,2,2,2,2,2, ,9533,4799,2, ,3,2,1,1,1,1,1,1,1,1,1,7, ,7,1, ,1,1,1,2, , , , , , , , , , , , , , , , ,1,5,2, ,2, ,2, ,2, ,1,5,2, ,2, ,2, ,2, ,2, ,2, ,2, ,6,5, ,2,2,2,2,2,2,10,7,1, , ,350,30, , , , , ,380,380,380,1,529.558877131146
2024,09,4744203,1,0028,1,1,20240947442031002813,1,3,3,1,2, ,1,12, , , , , , , , , , , , , , , , , , , , , , , , , , , , , , , , , , , , , , , , , , , , , , , , , , , , , , , , , , , , , , , , , , , , , , , , , , , , , , , , , , , , , , , , , , , , , , , , , , , , , , , , , , , , , , , ,1, 
2024,09,4744203,1,0028,1,1,20240947442031002814,1,4,3,1,2, ,2,7, , , , , , , , , , , , , , , , , , , , , , , , , , , , , , , , , , , , , , , , , , , , , , , , , , , , , , , , , , , , , , , , , , , , , , , , , , , , , , , , , , , , , , , , , , , , , , , , , , , , , , , , , , , , , , , ,1, 
2024,09,4744203,1,0029,1,1,20240947442031002911,1,1,1,1,2, ,1,25,1,1,28,3,1999,1, , , , , , , , , , , , , , , ,7352,1410,1, ,3,2,1,4,0,10,10,10,10,10,8,58, ,58,1, ,2, ,2,2, , , , , , , , , , , , , , , , ,1,5,2, ,2, ,2, ,2, ,1,5,2, ,2, ,2, ,2, ,2, ,2, ,2, ,6,5, ,2,2,2,2,2,2,10,3,1, , ,3417, , , , , , ,3417,3417,3417,1,576.405339579313
2024,09,4744203,1,0029,1,1,20240947442031002912,1,2,2,1,2, ,2,29,2,2,21,12,1994,1, , , , , , , , , , , , , , , ,8153,1410,3,5,3,2,1,4,0,10,10,10,10,10,7,57, ,57,1, ,2, ,2,2,2,250, , , , , , , , , , , , , , ,1,5,2, ,2, ,2, ,2, ,1,5,2, ,2, ,2, ,2, ,2, ,2, ,2, ,6,5, ,2,2,2,2,2,2,1,1,1,1083, , , , , , , ,22,1083,1083,1105,1,529.558877131146
2024,09,4744203,1,0029,1,1,20240947442031002913,1,3,3,1,2, ,1,4, , , , , , , , , , , , , , , , , , , , , , , , , , , , , , , , , , , , , , , , , , , , , , , , , , , , , , , , , , , , , , , , , , , , , , , , , , , , , , , , , , , , , , , , , , , , , , , , , , , , , , , , , , , , , , , ,1, 
2024,09,4744203,1,0029,1,1,20240947442031002914,1,4,6,1,2, ,1,64,4,4,21,8,1960,1, , , , , , , , , , , , , , , ,8153,1410,3,5,3,2,1,4,0,7,6,6,6,6,4,35, ,35,1, ,2, ,2,2,2,220, , , , , , , , , , , , , , ,1,5,2, ,2, ,2, ,2, ,1,5,2, ,2, ,2, ,2, ,2, ,2, ,2, ,3,3, ,2,2,2,2,2,2,1,1,1,953, , , , , , , , ,953,953,953,1,470.389126216674
2024,09,4744203,1,0030,1,1,20240947442031003011,1,1,1,1,2, ,2,36,1,1,6,3,1988,1, , , , , , , , , , , , , , , ,8153,1410,3,5,3,2,1,4,0,0,0,6,0,0,0,6,3,9,1, ,1,2,2,2,2,40, , , ,60, , , , , , , , , , ,1,5,2, ,2, ,2, ,2, ,1,5,2, ,2, ,2, ,2, ,2, ,2, ,2, ,6,5, ,2,2,2,2,2,2,1,7,1,173, , , ,60, , , , ,233,173,233,1,529.558877131146
2024,09,4744203,1,0030,1,1,20240947442031003012,1,4,11,1,2, ,2,16,4,4,16,7,2008,2,2,2,2,2,2,2,2,2,2,2,2,2,2,2,2, , , , , , , , , , , , , , , , , , , , , , , , , , , , , , , , , ,2,4,2,2,5, , ,2,5,2, ,2, ,2, ,2, ,1,5,2, ,2, ,2, ,2, ,2, ,2, ,2, ,5,3, ,2,2,2,2,2,2,10,7,4, , , , , , , , , , , , ,1,531.70712786332
2024,09,4744203,1,0030,1,1,20240947442031003013,1,2,3,1,2, ,1,12, , , , , , , , , , , , , , , , , , , , , , , , , , , , , , , , , , , , , , , , , , , , , , , , , , , , , , , , , , , , , , , , , , , , , , , , , , , , , , , , , , , , , , , , , , , , , , , , , , , , , , , , , , , , , , , ,1, 
2024,09,4744203,1,0030,1,1,20240947442031003014,1,3,3,1,2, ,2,4, , , , , , , , , , , , , , , , , , , , , , , , , , , , , , , , , , , , , , , , , , , , , , , , , , , , , , , , , , , , , , , , , , , , , , , , , , , , , , , , , , , , , , , , , , , , , , , , , , , , , , , , , , , , , , , ,1, 
2024,09,1952802,1,0107,1,1,20240919528021010711,1,1,1,1,2, ,2,28,1,1,2,2,1996,1, , , , , , , , , , , , , , , ,5141,9602,2, ,3,2,1,1,0,0,0,0,0,0,6,6, ,6,1, ,1,1,1,1, , , , , , , , , , , , , , , , ,1,6,2, ,2, ,2, ,2, ,2, ,2, ,2, ,2, ,2, ,2, ,2, ,2, ,6,5, ,2,2,2,2,2,2,10,6,1, , ,150, , , , , , ,150,150,150,1,1422.45551011636
2024,09,1952802,1,0111,1,1,20240919528021011111,1,1,1,1,2, ,2,53,1,1,99,99,1971,2,2,2,2,2,2,2,2,2,2,2,2,2,2,2,2, , , , , , , , , , , , , , , , , , , , , , , , , , , , , , , , , ,2,5,2,2,7, , ,1,4,2, ,2, ,2, ,1,4,2, ,2, ,2, ,2, ,2, ,2, ,2, ,2, ,9,3, ,2,2,2,2,2,2,10,7,4, , , , , , , , , , , , ,1,1161.85757089621
2024,09,1969502,1,0049,1,1,20240919695021004911,1,1,1,1,2, ,1,79,1,1,5,5,1945,2,2,2,2,2,2,2,2,2,2,2,2,2,2,2,2, , , , , , , , , , , , , , , , , , , , , , , , , , , , , , , , , ,2,6,2,2,3, , ,1,1,1,3,2, ,2, ,2, ,2, ,2, ,2, ,2, ,2, ,2, ,1,3,2, ,10,2, ,2,2,2,2,2,2,1,9,4, , , , , , , , , , , , ,1,1020.119993888
2024,09,1969502,1,0050,1,1,20240919695021005011,1,1,1,1,2, ,2,37,1,1,12,8,1987,1, , , , , , , , , , , , , , , ,2221,8610,3,2, , ,5,9998,11,11,0,0,0,11,11,44,12,56,1, ,2, ,2,2,4,2200, , , ,1500, , , , , , , , , , ,1,1,1,1,2, ,2, ,2, ,2, ,2, ,2, ,2, ,1,1,2, ,2, ,2, ,11,5, ,2,2,2,2,2,2,10,7,1,2200, , , ,1500, , , ,50,3700,2200,3750,1,1148.43980949832
2024,09,1969502,1,0050,1,1,20240919695021005012,1,2,8,2, ,2,1,21, , , , , , , , , , , , , , , , , , , , , , , , , , , , , , , , , , , , , , , , , , , , , , , , , , , , , , , , , , , , , , , , , , , , , , , , , , , , , , , , , , , , , , , , , , , , , , , , , , , , , , , , , , , , , , , ,0, 
