ANIO,MES,CONGLOMERADO,MUESTRA,SELVIV,HOGAR,REGION,LLAVE_PANEL,ESTRATO,C201,C203,C204,C205,C206,C207,C208,C300n,NROINF,C301_DIA,C301_MES,C301_ANIO,C303,C304,C305,C306_1,C306_2,C306_3,C306_4,C306_5,C306_6,C306_7,C306_8,C306_9,C306_10,C306_10A,C306_11,C306A,C308_COD,C309_COD,C310,C311,C312,C313,C317,C317A,C318_1,C318_2,C318_3,C318_4,C318_5,C318_6,C318_7,C318_T,C328_T,whoraT,C330,C331,C333,C334,P209H,C335,C338,C339_1,C341_T,C342,C344,C345_1,C347_T,C348,C350,C352,C353,C354,C355,C356,C357_I,C358,C359,SEGURO1,C361_1,C362_1,C361_2,C362_2,C361_3,C362_3,C361_4,C362_4,C361_5,C362_5,C361_6,C362_6,C361_7,C362_7,C361_8,C362_8,C364_1,C365_1,C364_2,C365_2,C364_3,C365_3,C364_4,C365_4,C366,C366_1,C366_2,C375_1,C375_2,C375_3,C375_4,C375_5,C375_6,C376,C377,OCUP300,I339_1,D341_T,I342,D344,I345_1,I348,D347_T,D350,D351_T,INGTOT,INGTOTP,ingtrabw,RESIDENT,fa_amj24
2024,04,1797501,1,0049,1,1,20240417975011004911,1,1,1,1,2, ,2,51,1,1,20,9,1972,1, , , , , , , , , , , , , , , ,9412,5610,3,5,2,1,1,5,0,8,8,8,0,0,8,32, ,48,2,48,2, ,2,2,2,300,20, , , , , , , , , , , , , ,1,5,2, ,2, ,2, ,2, ,1,5,2, ,2, ,2, ,2, ,1,5,2, ,2, ,9,3, ,2,2,2,2,2,2,10,7,1,1299,600, , , , , , , ,1899,1899,1899,1,448.739003125204
2024,04,1797501,1,0049,1,1,20240417975011004912,1,2,2,1,2, ,1,48,2,2,4,6,1975,1, , , , , , , , , , , , , , , ,8322,4922,2, ,3,2,1,1,10,10,0,10,10,10,10,60, ,60,1, ,2, ,2,2, , , , , , , , , , , , , , , , ,1,5,2, ,2, ,2, ,2, ,1,5,2, ,2, ,2, ,2, ,1,5,2, ,2, ,6,5, ,2,2,2,2,2,2,10,7,1, , ,1445, , , , , , ,1445,1445,1445,1,528.082666723265
2024,04,1797501,1,0049,1,1,20240417975011004913,1,3,8,1,2, ,1,18,3,3,8,4,2005,1, , , , , , , , , , , , , , , ,5230,5610,3,5,2,1,1,9,0,7,7,7,7,7,7,42, ,42,1, ,2, ,2,2,2,105,27, , , , , , , , , , , , , ,1,6,2, ,2, ,2, ,2, ,2, ,2, ,2, ,2, ,2, ,2, ,2, ,2, ,10,1, ,2,2,2,2,2,2,10,6,1,455,810, , , , , , , ,1265,1265,1265,1,497.79629253589
2024,04,1797501,1,0050,1,1,20240417975011005011,1,1,1,1,2, ,1,49,1,1,18,7,1974,1, , , , , , , , , , , , , , , ,7421,9522,2, ,3,2,1,1,0,5,5,5,0,0,3,18, ,34,2,34,2, ,2,2, , , , , , , , , , , , , , , , ,1,5,2, ,2, ,2, ,2, ,1,5,2, ,2, ,2, ,1,5,2, ,2, ,2, ,6,5, ,2,2,2,2,2,2,10,6,1, , ,739, , , , , , ,739,739,739,1,528.082666723265
2024,04,1797501,1,0050,1,1,20240417975011005012,1,2,2,1,2, ,2,47,2,2,99,99,1977,1, , , , , , , , , , , , , , , ,9111,9700,6, , , ,1,1,0,12,0,12,0,12,12,48,14,62,1, ,2, ,2,2,2,280,32, , , , ,450, , , , , , , , ,1,5,2, ,2, ,2, ,2, ,1,5,2, ,2, ,2, ,2, ,2, ,2, ,2, ,5,3, ,2,2,2,2,2,2,10,7,1,1212,960, , , ,450, , , ,2622,2172,2622,1,448.739003125204
2024,04,1797501,1,0050,1,1,20240417975011005013,1,3,3,1,2, ,1,27,3,3,9,2,1997,1, , , , , , , , , , , , , , , ,2655,9000,3,5,1, ,1,15,3,0,0,0,3,3,3,12,11,27,2,27,1,1,1,2,4,1200, , , ,1000, , , , , , , , , , ,1,5,2, ,2, ,2, ,2, ,1,5,2, ,2, ,2, ,2, ,2, ,2, ,2, ,10,4, ,2,2,2,2,2,2,10,7,1,1200, , , ,1000, , , , ,2200,1200,2200,1,564.314408775868
2024,04,1797501,1,0050,1,1,20240417975011005014,1,4,3,1,2, ,1,13, , , , , , , , , , , , , , , , , , , , , , , , , , , , , , , , , , , , , , , , , , , , , , , , , , , , , , , , , , , , , , , , , , , , , , , , , , , , , , , , , , , , , , , , , , , , , , , , , , , , , , , , , , , , , , , ,1, 
2024,04,1797501,1,0051,1,1,20240417975011005111,1,1,1,1,2, ,1,70,1,1,4,11,1953,1, , , , , , , , , , , , , , , ,9533,4789,2, ,3,2,1,1,5,7,2,7,7,7,6,41, ,41,1, ,2, ,2,2, , , , , , , , , , , , , , , , ,1,5,2, ,2, ,2, ,2, ,1,5,2, ,2, ,2, ,2, ,2, ,2, ,2, ,4,5, ,2,2,2,1,2,2,10,7,1, , ,634, , , , , , ,634,634,634,1,528.082666723265
2024,04,18495,1,0086,1,1,202404184951008611,1,1,1,1,2, ,1,34,1,1,19,6,1989,1, , , , , , , , , , , , , , , ,8331,4921,2, ,3,2,1,1,10,14,14,9,9,9,9,74, ,74,1, ,2, ,2,2, , , , , , , , , , , , , , , , ,1,5,2, ,2, ,2, ,2, ,1,5,2, ,2, ,2, ,2, ,2, ,2, ,2, ,6,5, ,2,2,2,2,2,2,10,7,1, , ,2730, , , , , , ,2730,2730,2730,1,480.027021178262
2024,04,18495,1,0086,1,1,202404184951008612,1,2,2,1,2, ,2,37,2,2,20,3,1987,2,2,2,2,2,2,2,2,2,2,2,2,2,2,2,2, , , , , , , , , , , , , , , , , , , , , , , , , , , , , , , , , ,2,5,2,2,6, , ,1,5,2, ,2, ,2, ,2, ,1,5,2, ,2, ,2, ,1,5,2, ,2, ,2, ,9,3, ,2,2,2,2,2,2,10,7,4, , , , , , , , , , , , ,1,506.22815908713
2024,04,18495,1,0086,1,1,202404184951008613,1,3,3,1,2, ,2,3, , , , , , , , , , , , , , , , , , , , , , , , , , , , , , , , , , , , , , , , , , , , , , , , , , , , , , , , , , , , , , , , , , , , , , , , , , , , , , , , , , , , , , , , , , , , , , , , , , , , , , , , , , , , , , , ,1, 
2024,04,18495,1,0086,1,1,202404184951008614,1,4,3,1,2, ,2, , , , , , , , , , , , , , , , , , , , , , , , , , , , , , , , , , , , , , , , , , , , , , , , , , , , , , , , , , , , , , , , , , , , , , , , , , , , , , , , , , , , , , , , , , , , , , , , , , , , , , , , , , , , , , , , ,1, 
2024,04,18495,1,0086,1,1,202404184951008615,1,5,6,1,1, ,1,62, , , , , , , , , , , , , , , , , , , , , , , , , , , , , , , , , , , , , , , , , , , , , , , , , , , , , , , , , , , , , , , , , , , , , , , , , , , , , , , , , , , , , , , , , , , , , , , , , , , , , , , , , , , , , , , ,0, 
2024,04,18495,1,0086,1,1,202404184951008616,1,6,11,1,2, ,1,41,6,6,2,5,1982,1, , , , , , , , , , , , , , , ,5132,5610,3,5,1, ,3,70,8,0,8,8,8,8,8,48, ,48,1, ,2, ,2,2,4,2000,60, , , , , , , , , , , , , ,1,1,1,1,2, ,2, ,2, ,2, ,2, ,2, ,2, ,1,1,2, ,2, ,2, ,9,3, ,2,2,2,2,2,2,10,7,1,2000,260, , , , , , ,501,2260,2260,2761,1,480.027021178262
2024,04,18495,1,0197,1,1,202404184951019711,1,1,1,1,2, ,1,48,1,1,5,2,1976,1, , , , , , , , , , , , , , , ,9412,5610,4, ,3,2,1,4,0,10,10,10,0,0,10,40, ,60,2,60,2, ,2, , , , , , , , , , , , , , , , , ,1,5,2, ,2, ,2, ,2, ,1,5,2, ,2, ,2, ,2, ,2, ,2, ,2, ,8,2, ,2,2,2,2,2,2,1,7,1, , , , , , , , , , , , ,1,449.206941203097
2024,04,18495,1,0197,1,1,202404184951019712,1,2,2,1,2, ,2,49,2,2,1,4,1975,1, , , , , , , , , , , , , , , ,9411,5610,1, ,3,2,1,4,0,10,10,10,0,0,10,40, ,60,2,60,2, ,2,2, , , , , , , , , , , , , , , , ,1,5,2, ,2, ,2, ,2, ,1,5,2, ,2, ,2, ,2, ,2, ,2, ,2, ,5,2, ,2,2,2,2,2,2,1,1,1, , ,2764,650, , , , , ,3414,3414,3414,1,381.714242285543
2024,04,18495,1,0197,1,1,202404184951019713,1,3,3,1,2, ,1,20,3,3,7,1,2004,1, , , , , , , , , , , , , , , ,9412,5610,4, ,3,2,1,4,0,10,10,10,0,0,10,40, ,60,2,60,2, ,2, , , , , , , , , , , , , , , , , ,1,5,2, ,2, ,2, ,2, ,1,5,2, ,2, ,2, ,2, ,2, ,2, ,2, ,10,2, ,2,2,2,2,2,2,10,7,1, , , , , , , , , , , , ,1,423.444214330691
2024,04,18495,1,0197,1,1,202404184951019714,1,4,3,1,2, ,1,13, , , , , , , , , , , , , , , , , , , , , , , , , , , , , , , , , , , , , , , , , , , , , , , , , , , , , , , , , , , , , , , , , , , , , , , , , , , , , , , , , , , , , , , , , , , , , , , , , , , , , , , , , , , , , , , ,1, 
2024,04,18495,1,0197,1,1,202404184951019715,1,5,8,1,2, ,1,20,5,5,4,9,2003,1, , , , , , , , , , , , , , , ,9412,5610,3,5,3,2,1,4,0,10,10,10,0,0,10,40, ,60,2,60,2, ,2,2,2,150,20, , , , , , , , , , , , , ,2,5,2, ,2, ,2, ,2, ,1,5,2, ,2, ,2, ,2, ,2, ,2, ,2, ,8,1, ,2,2,2,2,2,2,10,7,1,650,600, , , , , , , ,1250,1250,1250,1,423.444214330691
2024,04,18495,1,0200,1,1,202404184951020011,1,1,1,1,2, ,2,64,1,1,16,2,1960,1, , , , , , , , , , , , , , , ,4417,8430,3,2, , ,5,9998,0,8,8,8,8,8,0,40, ,40,1, ,2, ,2,2,4,2000, , , , , , , , , , , , , , ,1,1,1,1,2, ,2, ,2, ,2, ,2, ,2, ,2, ,1,1,2, ,2, ,2, ,9,3, ,2,2,2,2,2,2,10,7,1,2000, , , , , , , ,50,2000,2000,2050,1,381.714242285543
2024,04,18495,1,0200,1,1,202404184951020012,1,2,3,1,2, ,2,40,2,2,21,6,1983,2,2,2,2,2,2,2,2,2,2,2,2,2,2,2,2, , , , , , , , , , , , , , , , , , , , , , , , , , , , , , , , , ,1,5,1,1,13,7,4,1,1,1,2,2, ,2, ,2, ,2, ,2, ,2, ,2, ,1,2,2, ,2, ,2, ,11,6, ,2,2,2,2,2,2,10,7,2, , , , , , , , , , , , ,1,506.22815908713
2024,04,18495,1,0200,1,1,202404184951020013,1,3,5,1,2, ,2,5, , , , , , , , , , , , , , , , , , , , , , , , , , , , , , , , , , , , , , , , , , , , , , , , , , , , , , , , , , , , , , , , , , , , , , , , , , , , , , , , , , , , , , , , , , , , , , , , , , , , , , , , , , , , , , , ,1, 
2024,04,18574,1,0058,1,1,202404185741005811,1,1,1,1,2, ,2,61,1,1,19,6,1962,1, , , , , , , , , , , , , , , ,4224,8610,3,2, , ,5,9998,0,6,6,6,0,0,0,18, ,36,2,36,2, ,2,2,4,2800, , , , , , , , , , , , , , ,2,1,1,1,2, ,2, ,2, ,2, ,2, ,2, ,2, ,1,1,2, ,2, ,2, ,6,5, ,2,2,2,2,2,2,10,7,1,2800, , , , , , , ,83,2800,2800,2883,1,412.742796348657
2024,04,18574,1,0058,1,1,202404185741005812,1,2,2,1,2, ,1,63,2,2,4,7,1960,1, , , , , , , , , , , , , , , ,3512,9511,2, ,2,2,1,1,0,6,3,0,6,3,0,18, ,18,1, ,1,1,1,1, , , , , , , , , , , , , , , , ,1,1,1,4,2, ,2, ,2, ,2, ,2, ,2, ,2, ,1,5,2, ,2, ,2, ,9,3, ,2,2,2,2,2,2,10,7,1, , ,1700, , , , , , ,1700,1700,1700,1,485.721800531347
2024,04,18574,1,0058,1,1,202404185741005813,1,3,3,1,2, ,1,29,3,3,5,11,1994,1, , , , , , , , , , , , , , , ,5120,5610,3,5,1, ,1,14,0,8,8,8,8,8,6,46, ,46,1, ,2, ,2,2,4,2000,120, , , , , , , , , , , , , ,1,1,1,1,2, ,2, ,2, ,2, ,2, ,2, ,2, ,1,1,2, ,2, ,2, ,9,3, ,2,2,2,2,2,2,10,7,1,2000,520, , , , , , ,501,2520,2520,3021,1,519.047164333526
2024,04,18574,1,0060,1,1,202404185741006011,1,1,1,1,2, ,2,78,1,1,23,6,1945,2,2,2,2,2,2,2,2,2,2,2,2,2,2,2,2, , , , , , , , , , , , , , , , , , , , , , , , , , , , , , , , , ,2,6,2,2,3, , ,1,1,1,4,2, ,2, ,2, ,2, ,2, ,2, ,2, ,2, ,2, ,2, ,2, ,6,5, ,2,2,2,2,2,2,10,7,4, , , , , , , , , , , , ,1,412.742796348657
2024,04,18574,1,0061,1,1,202404185741006111,1,1,1,1,2, ,1,48,1,1,18,3,1976,1, , , , , , , , , , , , , , , ,8322,4922,2, ,3,2,1,1,0,9,9,9,9,9,0,45, ,45,1, ,2, ,2,2, , , , , , , , , , , , , , , , ,1,2,2, ,2, ,1,2,2, ,2, ,2, ,2, ,2, ,1,5,2, ,2, ,2, ,9,3, ,2,2,2,2,2,2,10,7,1, , ,2918, , , , , , ,2918,2918,2918,1,485.721800531347
2024,04,18574,1,0061,1,1,202404185741006112,1,2,2,1,2, ,2,48,2,2,14,1,1976,1, , , , , , , , , , , , , , , ,4110,6511,3,2, , ,5,9998,0,8,8,8,8,8,0,40, ,40,1, ,2, ,2,2,4,5000,75, , , , , , , , , , , , , ,1,3,1,1,1,2,2, ,2, ,2, ,2, ,2, ,2, ,1,1,2, ,2, ,2, ,11,5, ,2,2,2,2,2,2,10,7,1,5000,325, , , , , , ,50,5325,5325,5375,1,412.742796348657
2024,04,18574,1,0061,1,1,202404185741006113,1,3,3,1,2, ,1,19,3,3,1,4,2005,2,2,2,2,2,2,2,2,2,2,2,2,2,2,2,2, , , , , , , , , , , , , , , , , , , , , , , , , , , , , , , , , ,2,4,1,2,5, , ,2,3,1,4,1,4,2, ,2, ,2, ,2, ,2, ,2, ,2, ,2, ,2, ,2, ,10,2, ,2,2,2,2,2,2,10,7,4, , , , , , , , , , , , ,1,457.864888860419
2024,04,18574,1,0061,1,1,202404185741006114,1,4,3,1,2, ,2,17,4,4,5,10,2006,2,2,2,2,2,2,2,2,2,2,2,2,2,2,2,2, , , , , , , , , , , , , , , , , , , , , , , , , , , , , , , , , ,2,4,2,2,5, , ,2,3,1,4,1,4,2, ,2, ,2, ,2, ,2, ,2, ,2, ,2, ,2, ,2, ,6,5, ,2,2,2,2,2,2,10,7,4, , , , , , , , , , , , ,1,484.643449709979
2024,04,18574,1,0173,1,1,202404185741017311,1,1,1,1,2, ,1,66,1,1,18,12,1957,2,2,2,2,2,2,2,2,2,2,2,2,2,2,2,2, , , , , , , , , , , , , , , , , , , , , , , , , , , , , , , , , ,1,5,1,1,13,5,3,1,1,1,4,2, ,2, ,2, ,2, ,2, ,2, ,2, ,2, ,1,5,2, ,2, ,6,5, ,2,2,2,2,2,2,10,9,2, , , , , , , , , , , , ,1,485.721800531347
2024,04,17262,1,0035,1,1,202404172621003511,1,1,1,1,2, ,1,37,1,1,20,2,1987,1, , , , , , , , , , , , , , , ,7322,3100,3,5,2,2,1,3,0,0,8,0,0,8,0,16, ,40,2,40,1,1,1,1,2,160, , , , , , , , , , , , , , ,1,5,2, ,2, ,2, ,2, ,1,5,2, ,2, ,2, ,2, ,2, ,2, ,2, ,5,2, ,2,2,2,2,2,2,1,1,1,693, , , , , , , , ,693,693,693,1,405.725419165275
2024,04,17262,1,0035,1,1,202404172621003512,1,2,2,1,2, ,2,45,2,2,20,3,1979,1, , , , , , , , , , , , , , , ,9111,9700,6, , , ,1,1,0,0,7,7,7,0,0,21, ,21,1, ,1,1,1,2,4,1000,15, , , , , , , , , , , , , ,2,5,2, ,2, ,2, ,2, ,1,5,2, ,2, ,2, ,2, ,2, ,2, ,2, ,6,5, ,2,2,2,2,2,2,1,1,1,1000,450, , , , , , , ,1450,1450,1450,1,322.630110639428
2024,04,17262,1,0035,1,1,202404172621003513,1,3,3,1,2, ,2,16,3,3,15,12,2007,2,2,2,2,2,2,2,2,2,2,2,2,2,2,2,2, , , , , , , , , , , , , , , , , , , , , , , , , , , , , , , , , ,2,4,2,2,5, , ,2,5,2, ,2, ,2, ,2, ,1,5,2, ,2, ,2, ,2, ,2, ,2, ,2, ,5,4, ,2,2,2,2,2,2,10,7,4, , , , , , , , , , , , ,1,378.832946774247
2024,04,17262,1,0035,1,1,202404172621003514,1,4,3,1,2, ,2,14,4,4,10,8,2009,2,2,2,2,2,2,2,2,2,2,2,2,2,2,2,2, , , , , , , , , , , , , , , , , , , , , , , , , , , , , , , , , ,2,4,2,2,5, , ,2,5,2, ,2, ,2, ,2, ,1,5,2, ,2, ,2, ,2, ,2, ,2, ,2, ,5,2, ,2,2,2,2,2,2,10,7,4, , , , , , , , , , , , ,1,378.832946774247
2024,04,17262,1,0035,1,1,202404172621003515,1,5,3,1,2, ,1,10, , , , , , , , , , , , , , , , , , , , , , , , , , , , , , , , , , , , , , , , , , , , , , , , , , , , , , , , , , , , , , , , , , , , , , , , , , , , , , , , , , , , , , , , , , , , , , , , , , , , , , , , , , , , , , , ,1, 
2024,04,17262,1,0038,1,1,202404172621003811,1,1,1,1,2, ,1,71,1,1,29,10,1952,2,2,2,2,2,2,2,2,2,2,2,2,2,2,2,2, , , , , , , , , , , , , , , , , , , , , , , , , , , , , , , , , ,1,3,1,1,13,5,2,1,5,2, ,2, ,2, ,2, ,1,5,2, ,2, ,2, ,2, ,2, ,2, ,2, ,6,5, ,2,2,2,2,2,2,10,7,2, , , , , , , , , , , , ,1,379.675865046555
2024,04,17262,1,0038,1,1,202404172621003812,1,2,3,1,2, ,2,19,2,2,19,5,2004,2,2,2,2,2,2,2,2,2,2,2,2,2,2,2,2, , , , , , , , , , , , , , , , , , , , , , , , , , , , , , , , , ,2,5,1,2,6, , ,1,5,2, ,2, ,2, ,2, ,1,5,2, ,2, ,2, ,2, ,2, ,2, ,2, ,6,5, ,2,2,2,2,2,2,10,7,4, , , , , , , , , , , , ,1,378.832946774247
2024,04,17262,1,0038,1,1,202404172621003813,1,3,5,1,2, ,1,4, , , , , , , , , , , , , , , , , , , , , , , , , , , , , , , , , , , , , , , , , , , , , , , , , , , , , , , , , , , , , , , , , , , , , , , , , , , , , , , , , , , , , , , , , , , , , , , , , , , , , , , , , , , , , , , ,1, 
2024,04,17262,1,0038,1,1,202404172621003814,1,4,5,1,2, ,2,1, , , , , , , , , , , , , , , , , , , , , , , , , , , , , , , , , , , , , , , , , , , , , , , , , , , , , , , , , , , , , , , , , , , , , , , , , , , , , , , , , , , , , , , , , , , , , , , , , , , , , , , , , , , , , , , ,1, 
2024,04,17447,1,0132,1,1,202404174471013211,1,1,1,1,2, ,2,37,1,1,1,7,1986,1, , , , , , , , , , , , , , , ,3144,4322,3,5,1, ,5,5000,0,8,8,8,8,8,0,40, ,40,1, ,2, ,2,2,4,1800, , , , , , , , , , , , , , ,1,1,1,1,2, ,2, ,2, ,2, ,2, ,2, ,2, ,2, ,1,1,2, ,2, ,9,3, ,2,2,2,2,2,2,10,7,1,1800, , , , , , , ,459,1800,1800,2259,1,501.825106502392
2024,04,17447,1,0132,1,1,202404174471013212,1,2,3,1,2, ,2,15,2,2,22,11,2008,2,2,2,2,2,2,2,2,2,2,2,2,1,2,2, ,9412,5630,4, ,3,2,1,2,2,2,2,2,2,2,0,12, , ,1, ,2, , , , , , , , , , , , ,2,4,2,2,5, , ,2,1,1,4,2, ,2, ,2, ,2, ,2, ,2, ,2, ,2, ,2, ,2, ,2, ,5,3, ,2,2,2,2,2,2,10,7,4, , , , , , , , , , , , ,1,444.311235609534
2024,04,17447,1,0132,1,1,202404174471013213,1,3,6,1,2, ,2,70,3,3,6,2,1954,1, , , , , , , , , , , , , , , ,5120,5630,2, ,3,2,1,2,7,7,7,7,7,7,0,42, ,42,1, ,2, ,2,2, , , , , , , , , , , , , , , , ,2,1,1,4,2, ,2, ,2, ,2, ,2, ,2, ,2, ,2, ,1,4,2, ,2, ,4,5, ,2,2,2,2,2,2,10,7,1, , ,333,13, , , , , ,346,346,346,1,378.394182247482
2024,04,17447,1,0132,1,1,202404174471013214,1,4,7,1,2, ,1,58,4,1,15,7,1965,2,2,2,2,2,2,2,2,2,2,2,2,2,2,2,2, , , , , , , , , , , , , , , , , , , , , , , , , , , , , , , , , ,2,7,2,2,7, , ,2,5,2, ,2, ,2, ,2, ,1,5,2, ,2, ,2, ,2, ,2, ,2, ,2, ,6,5, ,2,2,2,2,2,2,10,7,4, , , , , , , , , , , , ,1,445.299845661211
2024,04,17447,1,0135,1,1,202404174471013511,1,1,1,1,2, ,2,88,1,1,30,9,1935,2,2,2,2,2,2,2,2,2,2,2,2,2,2,2,2, , , , , , , , , , , , , , , , , , , , , , , , , , , , , , , , , ,2,5,2,2,3, , ,1,4,2, ,2, ,2, ,1,4,2, ,2, ,2, ,2, ,2, ,2, ,2, ,1,4,4,5, ,2,2,2,2,2,2,10,1,4, , , , , , , , , , , , ,1,378.394182247482
2024,04,25034,1,0050,1,1,202404250341005011,1,1,1,1,2, ,1,68,1,1,6,1,1956,2,2,2,2,2,2,2,2,2,2,2,2,2,2,2,2, , , , , , , , , , , , , , , , , , , , , , , , , , , , , , , , , ,2,6,2,2,7, , ,1,1,1,3,2, ,2, ,2, ,2, ,2, ,2, ,2, ,2, ,1,3,2, ,2, ,6,5, ,1,2,2,2,2,2,10,7,4, , , , , , , , , , , , ,1,750.770075317899
2024,04,25034,1,0050,1,1,202404250341005012,1,2,2,1,2, ,2,54,2,2,10,1,1970,1, , , , , , , , , , , , , , , ,5112,8413,3,2, , ,5,9998,0,7,7,7,0,0,7,28, ,42,2,42,1,2,2,1,4,1550, , , , , , , , , , , , , , ,1,1,1,1,2, ,2, ,2, ,2, ,2, ,2, ,2, ,1,1,2, ,2, ,2, ,6,5, ,2,2,2,2,2,2,10,7,1,1550, , , , , , , ,50,1550,1550,1600,1,637.96794783067
2024,04,25034,1,0050,1,1,202404250341005013,1,3,3,1,2, ,1,29,3,3,21,4,1994,1, , , , , , , , , , , , , , , ,2511,8411,3,2, , ,5,9998,0,8,8,8,0,0,0,24, ,40,2,40,2, ,2,2,4,4000, , , , , , , , , , , , , , ,1,1,1,1,2, ,2, ,2, ,2, ,2, ,2, ,2, ,1,1,2, ,2, ,2, ,11,5, ,2,2,2,2,2,2,10,7,1,4000, , , , , , , ,50,4000,4000,4050,1,802.280396379026
2024,04,25034,1,0051,1,1,202404250341005111,1,1,1,1,2, ,1,38,1,1,12,9,1985,1, , , , , , , , , , , , , , , ,9541,4789,2, ,3,2,1,1,7,5,5,5,5,0,0,27, ,42,2,42,2, ,2,2, , , , , , , , , , , , , , , , ,1,1,1,2,2, ,2, ,2, ,2, ,2, ,2, ,2, ,2, ,1,5,2, ,2, ,6,5, ,2,2,2,2,2,2,10,7,1, , ,2700, , , , , , ,2700,2700,2700,1,802.280396379026
2024,04,18753,1,0007,1,1,202404187531000711,1,1,1,1,2, ,1,70,1,1,30,12,1953,1, , , , , , , , , , , , , , , ,9313,4100,3,5,3,2,1,2,0,8,8,8,0,0,0,24, ,48,2,48,1,1,1,1,2,180, , , , , , , , , , , , , , ,1,5,2, ,2, ,2, ,2, ,1,5,2, ,2, ,2, ,2, ,2, ,2, ,2, ,1, , ,2,2,2,2,2,2,1,1,1,779, , , , , , , , ,779,779,779,1,743.900152643022
2024,04,18753,1,0007,1,1,202404187531000712,1,2,2,1,2, ,2,67,2,2,10,4,1956,1, , , , , , , , , , , , , , , ,5212,4711,2, ,3,2,1,1,11,11,11,11,11,11,11,77, ,77,1, ,2, ,2,2, , , , , , , , , , , , , , , , ,1,5,2, ,2, ,2, ,2, ,1,5,2, ,2, ,2, ,2, ,2, ,2, ,2, ,3,4, ,2,2,2,2,2,2,1,1,1, , ,380,65, , , , , ,445,445,445,1,632.130221188741
2024,04,18753,1,0007,1,1,202404187531000713,1,3,5,1,2, ,1,19,3,3,31,1,2005,1, , , , , , , , , , , , , , , ,9334,4921,3,5,3,2,1,2,0,16,16,16,0,0,16,64, ,64,1, ,2, ,2,2,2,180,60, , , , , , , , , , , , , ,1,5,2, ,2, ,2, ,2, ,1,5,2, ,2, ,2, ,2, ,2, ,2, ,2, ,6,5, ,2,2,2,2,2,2,10,7,1,779,260, , , , , , , ,1039,1039,1039,1,701.23630510417
2024,04,18753,1,0008,1,1,202404187531000811,1,1,1,1,2, ,1,54,1,2,13,5,1969,2,2,2,2,2,2,2,2,2,2,2,2,2,2,2,2, , , , , , , , , , , , , , , , , , , , , , , , , , , , , , , , , ,1,3,1,1,13,5,2,1,5,2, ,2, ,2, ,2, ,1,5,2, ,2, ,2, ,2, ,2, ,2, ,2, ,6,5, ,2,2,2,2,2,2,10,7,2, , , , , , , , , , , , ,1,743.900152643022
2024,04,18753,1,0008,1,1,202404187531000812,1,2,2,1,2, ,2,39,2,2,1,10,1984,2,2,2,2,2,2,2,2,2,2,2,2,2,2,2,2, , , , , , , , , , , , , , , , , , , , , , , , , , , , , , , , , ,1,5,1,1,13,5,2,1,5,2, ,2, ,2, ,2, ,1,5,2, ,2, ,2, ,2, ,2, ,2, ,2, ,3, ,3,2,2,2,2,2,2,10,9,2, , , , , , , , , , , , ,1,838.328997785567
2024,04,18753,1,0008,1,1,202404187531000813,1,3,3,1,2, ,1,19,3,3,24,9,2004,1, , , , , , , , , , , , , , , ,8331,4921,1, ,3,2,1,2,0,0,0,0,14,14,14,42, ,42,1, ,1,2,2,2, , , , , , , , , , , , , , , , ,1,5,2, ,2, ,2, ,2, ,1,5,2, ,2, ,2, ,2, ,2, ,2, ,2, ,6,5, ,2,2,2,2,2,2,10,7,1, , ,3587, , , , , , ,3587,3587,3587,1,701.23630510417
2024,04,18753,1,0008,1,1,202404187531000814,1,4,3,1,2, ,1,17,4,4,1,9,2006,1, , , , , , , , , , , , , , , ,9313,4100,3,5,3,2,1,5,0,0,0,0,0,7,7,14, ,14,1, ,2, ,2,1,2,100,30, , , , , , , , , , , , , ,2,5,2, ,2, ,2, ,2, ,1,5,2, ,2, ,2, ,2, ,2, ,2, ,2, ,5,3, ,2,2,2,2,2,2,10,7,1,433,130, , , , , , , ,563,563,563,1,701.23630510417
2024,04,18753,1,0008,1,1,202404187531000815,1,5,3,1,2, ,1,12, , , , , , , , , , , , , , , , , , , , , , , , , , , , , , , , , , , , , , , , , , , , , , , , , , , , , , , , , , , , , , , , , , , , , , , , , , , , , , , , , , , , , , , , , , , , , , , , , , , , , , , , , , , , , , , ,1, 
2024,04,18753,1,0008,1,1,202404187531000816,1,6,3,1,2, ,2,10, , , , , , , , , , , , , , , , , , , , , , , , , , , , , , , , , , , , , , , , , , , , , , , , , , , , , , , , , , , , , , , , , , , , , , , , , , , , , , , , , , , , , , , , , , , , , , , , , , , , , , , , , , , , , , , ,1, 
2024,04,18753,1,0009,1,1,202404187531000911,1,1,1,1,2, ,1,35,1,1,29,4,1988,1, , , , , , , , , , , , , , , ,9313,4100,3,5,3,2,1,2,0,8,8,8,8,8,5,45, ,45,1, ,1,1,1,1,2,350, , , , , , , , , , , , , , ,1,5,2, ,2, ,2, ,2, ,1,5,2, ,2, ,2, ,2, ,2, ,2, ,2, ,8,1, ,2,2,2,2,2,2,10,7,1,1516, , , , , , , , ,1516,1516,1516,1,794.939128435762
2024,04,18753,1,0009,1,1,202404187531000912,1,2,6,1,2, ,2,76,2,2,4,4,1947,2,2,2,2,2,2,2,2,2,2,2,2,2,2,2,2, , , , , , , , , , , , , , , , , , , , , , , , , , , , , , , , , ,2,5,2,2,3, , ,1,5,2, ,2, ,2, ,2, ,1,5,2, ,2, ,2, ,2, ,2, ,2, ,2, ,3,4, ,2,2,2,2,2,2,10,1,4, , , , , , , , , , , , ,1,632.130221188741
2024,04,18753,1,0010,1,1,202404187531001011,1,1,1,1,2, ,2,68,1,1,31,8,1955,1, , , , , , , , , , , , , , , ,5212,4721,2, ,3,2,1,1,11,11,11,11,11,11,11,77, ,77,1, ,2, ,2,2, , , , , , , , , , , , , , , , ,1,5,2, ,2, ,2, ,2, ,1,5,2, ,2, ,2, ,2, ,2, ,2, ,2, ,4,5, ,2,2,2,2,2,2,1,7,1, , ,297,260, , , , , ,557,557,557,1,632.130221188741
2024,04,18753,1,0010,1,1,202404187531001012,1,2,5,1,2, ,1,18,2,2,22,7,2005,1, , , , , , , , , , , , , , , ,7231,4520,3,5,2,2,1,3,0,9,9,9,0,0,0,27, ,27,1, ,2, ,2,2,2,150,60, , , , , , , , , , , , , ,2,5,2, ,2, ,2, ,2, ,1,5,2, ,2, ,2, ,2, ,2, ,2, ,2, ,8,1, ,2,2,2,2,2,2,10,7,1,650,260, , , , , , , ,910,910,910,1,701.23630510417
2024,04,27680,1,0028,1,1,202404276801002811,1,1,1,1,2, ,1,60,1,1,24,8,1963,2,2,2,2,2,2,2,2,2,2,2,2,2,2,2,2, , , , , , , , , , , , , , , , , , , , , , , , , , , , , , , , , ,2,6,1,1,3, , ,2,6,2, ,2, ,2, ,2, ,2, ,2, ,2, ,2, ,2, ,2, ,2, ,2, ,10,1, ,2,2,2,2,2,2,10,7,4, , , , , , , , , , , , ,1,878.950331545819
2024,04,27680,1,0028,1,1,202404276801002812,1,2,3,1,2, ,2,31,2,1,99,99,1993,1, , , , , , , , , , , , , , , ,5142,9602,3,5,2,1,1,4,0,10,10,10,6,0,10,46,12,58,1, ,2, ,2,2,2,450, , , , , ,700, , , , , , , , ,2,6,2, ,2, ,2, ,2, ,2, ,2, ,2, ,2, ,2, ,2, ,2, ,2, ,11,5, ,2,2,2,2,2,2,10,7,1,1949, , , , ,700, , , ,2649,1949,2649,1,990.522112315916
2024,04,27680,1,0030,1,1,202404276801003011,1,1,1,1,2, ,2,87,1,1,3,5,1936,2,2,2,2,2,2,2,2,2,2,2,2,2,2,2,2, , , , , , , , , , , , , , , , , , , , , , , , , , , , , , , , , ,2,6,2,2,3, , ,1,2,2, ,1,2,2, ,2, ,2, ,2, ,2, ,2, ,2, ,2, ,2, ,2, ,4,5, ,2,2,2,2,2,2,10,5,4, , , , , , , , , , , , ,1,746.889304323881
2024,04,2442801,1,0014,1,1,20240424428011001411,1,1,1,1,2, ,1,56,1,1,11,11,1967,1, , , , , , , , , , , , , , , ,7234,3312,2, ,2,2,1,1,3,3,3,3,0,0,0,12,33,45,1, ,1,1,1,2, , , , , , , ,1800, , , , , , , , ,1,5,2, ,2, ,2, ,2, ,1,5,2, ,2, ,2, ,1,5,2, ,2, ,2, ,11,5, ,2,2,2,2,2,2,10,7,1, , ,1515, , ,1800, , , ,3315,1515,3315,1,745.993542859633
2024,04,2442801,1,0014,1,1,20240424428011001412,1,2,3,1,2, ,2,35,2,2,26,3,1989,1, , , , , , , , , , , , , , , ,3257,8610,3,5,1, ,5,579,0,5,8,8,0,0,0,21, ,21,1, ,1,1,1,2,4,5000, , , , , , , , , , , , , , ,1,1,1,1,2, ,2, ,2, ,2, ,2, ,2, ,2, ,1,1,2, ,2, ,2, ,12,2, ,2,2,2,2,2,2,10,7,1,5000, , , , , , , ,1251,5000,5000,6251,1,840.688117777719
2024,04,2442801,1,0014,1,1,20240424428011001413,1,3,3,1,2, ,1,21,3,3,13,8,2002,2,2,2,2,2,2,2,2,2,2,2,2,2,2,2,2, , , , , , , , , , , , , , , , , , , , , , , , , , , , , , , , , ,2,4,1,2,6, , ,1,5,2, ,2, ,2, ,2, ,1,5,1,4,2, ,2, ,2, ,2, ,2, ,2, ,10,2, ,2,2,2,2,2,2,10,7,4, , , , , , , , , , , , ,1,703.20963608874
2024,04,2442801,1,0014,1,1,20240424428011001414,1,4,3,1,2, ,2,17,4,4,21,6,2006,2,2,2,2,2,2,2,2,2,2,2,2,2,2,2,2, , , , , , , , , , , , , , , , , , , , , , , , , , , , , , , , , ,2,5,2,2,3, , ,1,5,2, ,2, ,2, ,2, ,1,5,2, ,2, ,2, ,2, ,2, ,2, ,2, ,6,5, ,2,2,2,2,2,2,10,7,4, , , , , , , , , , , , ,1,744.337362822422
2024,04,2442801,1,0015,1,1,20240424428011001511,1,1,1,1,2, ,1,46,1,2,15,11,1977,1, , , , , , , , , , , , , , , ,3314,2395,3,5,1, ,4,500,0,8,8,8,0,0,8,32, ,48,2,48,1,1,1,2,4,3500, , , , , , , , , , , , , , ,1,1,1,1,2, ,2, ,2, ,2, ,2, ,2, ,2, ,1,1,2, ,2, ,2, ,9,3, ,2,2,2,2,2,2,10,7,1,3500, , , , , , , ,884,3500,3500,4384,1,745.993542859633
2024,04,2442801,1,0015,1,1,20240424428011001512,1,2,2,1,2, ,2,45,2,2,10,10,1978,1, , , , , , , , , , , , , , , ,5212,4761,2, ,2,2,1,1,8,8,8,8,8,8,8,56, ,56,1, ,1,1,1,2, , , , , , , , , , , , , , , , ,1,1,1,4,2, ,2, ,2, ,2, ,2, ,2, ,2, ,2, ,2, ,2, ,2, ,6,5, ,2,2,2,2,2,2,10,7,1, , ,1048,20, , , , , ,1068,1068,1068,1,633.90908252646
2024,04,2442801,1,0015,1,1,20240424428011001513,1,3,3,1,2, ,2,15,3,2,9,3,2009,2,2,2,2,2,2,2,2,2,2,2,2,2,2,2,2, , , , , , , , , , , , , , , , , , , , , , , , , , , , , , , , , ,2,4,2,2,5, , ,2,1,1,4,2, ,2, ,2, ,2, ,2, ,2, ,2, ,2, ,2, ,2, ,2, ,5,3, ,2,2,2,2,2,2,10,7,4, , , , , , , , , , , , ,1,744.337362822422
2024,04,21270,1,0082,1,1,202404212701008211,1,1,1,1,2, ,1,67,1,1,26,12,1956,2,2,2,2,2,2,2,2,2,2,2,2,2,2,2,2, , , , , , , , , , , , , , , , , , , , , , , , , , , , , , , , , ,2,5,1,1,3, , ,1,1,1,3,2, ,2, ,2, ,2, ,2, ,2, ,2, ,1,3,2, ,2, ,2, ,8,1, ,2,2,2,2,2,2,10,7,4, , , , , , , , , , , , ,1,1214.03859680954
2024,04,21270,1,0082,1,1,202404212701008212,1,3,3,1,2, ,2,39,3,3,14,5,1984,1, , , , , , , , , , , , , , , ,2221,8610,3,5,1, ,4,150,12,0,12,0,12,0,0,36, ,36,1, ,2, ,2,2,4,2500,60, , , , , , , , , , , , , ,2,1,1,1,2, ,2, ,2, ,2, ,2, ,2, ,2, ,1,1,2, ,2, ,2, ,11,5, ,2,2,2,2,2,2,10,7,1,2500,260, , , , , , ,416,2760,2760,3176,1,1368.14565304269
2024,04,21270,1,0082,1,1,202404212701008213,1,4,4,1,2, ,1,42,4,4,29,3,1982,2,2,2,2,2,2,2,2,2,2,2,2,2,2,2,2, , , , , , , , , , , , , , , , , , , , , , , , , , , , , , , , , ,2,7,2,2,7, , ,1,1,1,4,2, ,2, ,2, ,2, ,2, ,2, ,2, ,1,5,2, ,2, ,2, ,10,3, ,2,2,2,2,2,2,10,7,4, , , , , , , , , , , , ,1,1297.33376261084
2024,04,21270,1,0082,1,1,202404212701008214,1,5,5,1,2, ,2,14,5,5,27,10,2009,2,2,2,2,2,2,2,2,2,2,2,2,2,2,2,2, , , , , , , , , , , , , , , , , , , , , , , , , , , , , , , , , ,2,4,2,2,5, , ,2,1,1,4,2, ,2, ,2, ,2, ,2, ,2, ,2, ,2, ,2, ,2, ,2, ,5,2, ,2,2,2,2,2,2,10,7,4, , , , , , , , , , , , ,1,1211.34331009066
2024,04,21270,1,0082,1,1,202404212701008215,1,2,3,1,2, ,1,28,2,2,8,8,1995,1, , , , , , , , , , , , , , , ,9621,4923,2, ,2,2,1,1,0,9,9,9,9,9,9,54,6,60,1, ,1,2,2,2, , , , , , , ,800, , , , , , , , ,1,6,2, ,2, ,2, ,2, ,2, ,2, ,2, ,2, ,2, ,2, ,2, ,2, ,10,2, ,2,2,2,2,2,2,10,7,1, , ,2000, , ,800, , , ,2800,2000,2800,1,1297.33376261084
2024,04,21270,1,0085,1,1,202404212701008511,1,1,1,1,2, ,1,59,1,1,22,8,1964,1, , , , , , , , , , , , , , , ,8322,4922,2, ,3,2,1,1,15,0,0,0,0,0,0,15, ,15,1, ,2, ,2,2, , , , , , , , , , , , , , , , ,1,5,2, ,2, ,2, ,2, ,1,5,2, ,2, ,2, ,2, ,2, ,2, ,2, ,6,5, ,2,2,2,2,2,2,10,7,1, , ,650, , , , , , ,650,650,650,1,1214.03859680954
2024,04,21270,1,0085,1,1,202404212701008512,1,2,2,1,2, ,2,58,2,2,30,3,1966,2,2,2,2,2,2,2,2,2,2,2,2,2,2,2,2, , , , , , , , , , , , , , , , , , , , , , , , , , , , , , , , , ,2,5,2,2,6, , ,1,1,1,5,2, ,2, ,2, ,2, ,2, ,2, ,2, ,1,5,2, ,2, ,2, ,9,3, ,2,2,2,2,2,2,10,7,4, , , , , , , , , , , , ,1,1031.63103812556
2024,04,21270,1,0085,1,1,202404212701008513,1,3,3,1,2, ,1,29,3,3,22,9,1994,1, , , , , , , , , , , , , , , ,4312,6419,3,5,1, ,5,1000,0,8,8,8,8,8,0,40, ,40,1, ,2, ,2,2,4,1125, , , , , , , , , , , , , , ,1,1,1,1,2, ,2, ,2, ,2, ,2, ,2, ,2, ,1,1,2, ,2, ,2, ,11,5, ,2,2,2,2,2,2,10,7,1,1125, , , , , , , ,463,1125,1125,1588,1,1297.33376261084
2024,04,21270,1,0085,1,1,202404212701008514,1,4,3,1,2, ,1,17,4,2,25,10,2006,2,2,2,2,2,2,2,2,2,2,2,2,2,2,2,2, , , , , , , , , , , , , , , , , , , , , , , , , , , , , , , , , ,2,4,2,2,5, , ,2,5,2, ,2, ,2, ,2, ,1,5,2, ,2, ,2, ,2, ,2, ,2, ,2, ,6,5, ,2,2,2,2,2,2,10,7,4, , , , , , , , , , , , ,1,1144.41156767594
2024,04,21270,1,0086,1,1,202404212701008611,1,1,1,1,2, ,2,74,1,1,3,2,1950,2,2,2,2,2,2,2,2,2,2,2,2,2,2,2,2, , , , , , , , , , , , , , , , , , , , , , , , , , , , , , , , , ,2,5,2,2,6, , ,1,1,1,4,2, ,2, ,2, ,2, ,2, ,2, ,2, ,2, ,2, ,2, ,2, ,4,5, ,2,2,2,2,2,2,10,7,4, , , , , , , , , , , , ,1,1031.63103812556
2024,04,21270,1,0086,1,1,202404212701008612,1,2,3,1,2, ,1,48,2,2,24,3,1976,1, , , , , , , , , , , , , , , ,9622,7830,3,5,1, ,2,40,0,11,11,11,11,11,11,66, ,66,1, ,2, ,2,2,4,1800, , , , , , , , , , , , , , ,1,5,2, ,2, ,2, ,2, ,1,5,2, ,2, ,2, ,1,5,2, ,2, ,2, ,9,3, ,2,2,2,2,2,2,10,7,1,1800, , , , , , , , ,1800,1800,1800,1,1214.03859680954
2024,04,21270,1,0086,1,1,202404212701008616,1,3,3,1,2, ,2,33,3,3,13,8,1990,2,2,2,2,2,2,2,2,2,2,2,2,2,2,2,2, , , , , , , , , , , , , , , , , , , , , , , , , , , , , , , , , ,2,5,2,2,6, , ,1,5,2, ,2, ,2, ,2, ,1,5,2, ,2, ,2, ,2, ,2, ,2, ,2, ,6,5, ,2,2,2,2,2,2,10,7,4, , , , , , , , , , , , ,1,1368.14565304269
2024,04,21270,1,0086,1,1,202404212701008617,1,4,5,1,2, ,1,5, , , , , , , , , , , , , , , , , , , , , , , , , , , , , , , , , , , , , , , , , , , , , , , , , , , , , , , , , , , , , , , , , , , , , , , , , , , , , , , , , , , , , , , , , , , , , , , , , , , , , , , , , , , , , , , ,1, 
2024,04,29390,1,0023,1,1,202404293901002311,1,1,1,1,2, ,2,72,1,1,24,12,1951,2,2,2,2,2,2,2,2,2,2,2,2,2,2,2,2, , , , , , , , , , , , , , , , , , , , , , , , , , , , , , , , , ,2,6,2,2,3, , ,1,1,1,3,2, ,2, ,2, ,2, ,2, ,2, ,2, ,1,3,2, ,2, ,2, ,10,2, ,2,2,2,2,2,2,10,7,4, , , , , , , , , , , , ,1,738.704543047615
2024,04,29390,1,0023,1,1,202404293901002312,1,2,3,1,1, ,1,40, , , , , , , , , , , , , , , , , , , , , , , , , , , , , , , , , , , , , , , , , , , , , , , , , , , , , , , , , , , , , , , , , , , , , , , , , , , , , , , , , , , , , , , , , , , , , , , , , , , , , , , , , , , , , , , ,0, 
2024,04,29390,1,0024,1,1,202404293901002411,1,1,1,1,2, ,2,74,1,1,11,10,1949,2,2,2,2,2,2,2,2,2,2,2,2,2,2,2,2, , , , , , , , , , , , , , , , , , , , , , , , , , , , , , , , , ,2,6,2,2,3, , ,1,1,1,3,2, ,2, ,2, ,2, ,2, ,2, ,2, ,2, ,2, ,1,3,2, ,11,5, ,2,2,2,2,2,2,10,7,4, , , , , , , , , , , , ,1,738.704543047615
2024,04,29390,1,0024,1,1,202404293901002412,1,2,2,1,2, ,1,87,2,1,9,4,1936,2,2,2,2,2,2,2,2,2,2,2,2,2,2,2,2, , , , , , , , , , , , , , , , , , , , , , , , , , , , , , , , , ,2,6,2,2,3, , ,1,1,1,3,2, ,2, ,2, ,2, ,2, ,2, ,2, ,2, ,2, ,1,3,2, ,11,7, ,2,2,2,2,2,2,10,7,4, , , , , , , , , , , , ,1,869.318383952315
2024,04,20288,1,0005,1,1,202404202881000511,1,1,1,1,2, ,1,68,1,1,17,11,1955,1, , , , , , , , , , , , , , , ,5211,4663,2, ,3,2,1,1,0,1,4,4,0,0,0,9, ,30,2,30,1,1,1,2, , , , , , , , , , , , , , , , ,1,5,2, ,2, ,2, ,2, ,1,5,2, ,2, ,2, ,2, ,2, ,2, ,2, ,3,4, ,2,2,2,2,2,2,10,7,1, , ,1400, , , , , , ,1400,1400,1400,1,713.418329678486
2024,04,20288,1,0005,1,1,202404202881000512,1,2,2,1,2, ,2,61,2,2,11,3,1963,1, , , , , , , , , , , , , , , ,7352,1410,2, ,3,2,1,2,0,10,10,5,0,0,0,25,18,50,2,50,1,1,1,2, , , , , ,90, , , , , , , , , , ,1,5,2, ,2, ,2, ,2, ,1,5,2, ,2, ,2, ,2, ,2, ,2, ,2, ,6,5, ,2,2,2,2,2,2,10,7,1, , ,1104, ,90, , , , ,1194,1104,1194,1,606.228248424857
2024,04,20288,1,0005,1,1,202404202881000514,1,3,3,1,2, ,1,21,3,3,22,12,2002,1, , , , , , , , , , , , , , , ,3422,9311,2, ,2,2,1,1,0,3,0,3,0,2,0,8,32,43,2,43,1,2,2,1, , , , , ,1250, , , , , , , , , , ,1,5,2, ,2, ,2, ,2, ,1,5,2, ,2, ,2, ,1,5,2, ,2, ,2, ,10,2, ,2,2,2,2,2,2,10,7,1, , ,710, ,1250, , , , ,1960,710,1960,1,672.502662783292
2024,04,20288,1,0007,1,1,202404202881000711,1,1,1,1,2, ,2,64,1,1,16,2,1960,1, , , , , , , , , , , , , , , ,4416,8423,3,2, , ,5,9998,0,8,8,8,0,0,0,24, ,40,2,40,2, ,2,2,4,3000, , , , , , , , , , , , , , ,1,1,1,1,2, ,2, ,2, ,2, ,2, ,2, ,2, ,2, ,1,1,2, ,2, ,11,6, ,2,2,2,2,2,2,10,7,1,3000, , , , , , , ,50,3000,3000,3050,1,606.228248424857
2024,04,20288,1,0010,1,1,202404202881001011,1,1,1,1,2, ,2,72,1,1,11,9,1951,2,2,2,2,2,2,2,2,2,2,2,2,2,2,2,2, , , , , , , , , , , , , , , , , , , , , , , , , , , , , , , , , ,2,6,2,2,6, , ,1,1,1,3,2, ,2, ,2, ,2, ,2, ,2, ,2, ,2, ,1,3,2, ,2, ,5,4, ,2,2,2,2,2,2,1,1,4, , , , , , , , , , , , ,1,606.228248424857
2024,04,20288,1,0010,1,1,202404202881001012,1,2,3,1,2, ,1,45,2,2,21,12,1978,1, , , , , , , , , , , , , , , ,4419,8422,3,2, , ,5,9998,8,8,8,8,0,0,0,32, ,40,2,40,2, ,2,2,4,2750, , , , , , , , , , , , , , ,1,1,1,1,2, ,2, ,2, ,2, ,2, ,2, ,2, ,2, ,1,1,2, ,2, ,6,5, ,2,2,2,2,2,2,10,7,1,2750, , , , , , , ,50,2750,2750,2800,1,713.418329678486
2024,04,20288,1,0094,1,1,202404202881009411,1,1,1,1,2, ,2,60,1,1,29,6,1963,2,2,2,2,2,2,2,2,2,2,2,2,2,2,2,2, , , , , , , , , , , , , , , , , , , , , , , , , , , , , , , , , ,2,5,2,2,6, , ,1,5,2, ,2, ,2, ,2, ,1,5,2, ,2, ,2, ,2, ,2, ,2, ,2, ,9,3, ,2,2,2,2,2,2,10,7,4, , , , , , , , , , , , ,1,606.228248424857
2024,04,20288,1,0094,1,1,202404202881009412,1,2,3,1,2, ,1,27,2,1,16,6,1996,2,2,2,2,2,2,2,2,2,2,2,2,2,2,2,2, , , , , , , , , , , , , , , , , , , , , , , , , , , , , , , , , ,2,7,1,2,7, , ,1,5,2, ,2, ,2, ,2, ,1,5,2, ,2, ,2, ,2, ,2, ,2, ,2, ,10,1, ,2,2,2,2,2,2,10,7,4, , , , , , , , , , , , ,1,762.36594815818
2024,04,20288,1,0094,1,1,202404202881009413,1,3,5,1,2, ,2,9, , , , , , , , , , , , , , , , , , , , , , , , , , , , , , , , , , , , , , , , , , , , , , , , , , , , , , , , , , , , , , , , , , , , , , , , , , , , , , , , , , , , , , , , , , , , , , , , , , , , , , , , , , , , , , , ,1, 
2024,04,2062402,1,0039,1,1,20240420624021003911,1,1,1,1,2, ,1,69,1,1,4,4,1955,1, , , , , , , , , , , , , , , ,8332,8411,3,2, , ,5,9000,0,11,11,11,11,0,11,55, ,66,2,66,2, ,2,2,4,1800, , , , , , , , , , , , , , ,1,1,1,1,2, ,2, ,2, ,2, ,2, ,2, ,2, ,2, ,1,1,2, ,2, ,4,5, ,2,2,2,2,2,2,2,2,1,1800, , , , , , , ,50,1800,1800,1850,1,840.899643355891
2024,04,2062402,1,0039,1,1,20240420624021003912,1,2,2,1,2, ,2,68,2,2,22,4,1955,2,2,2,2,2,2,2,2,2,2,2,2,2,2,2,2, , , , , , , , , , , , , , , , , , , , , , , , , , , , , , , , , ,2,5,1,2,7, , ,1,1,1,4,2, ,2, ,2, ,2, ,2, ,2, ,2, ,2, ,2, ,2, ,2, ,1, , ,2,2,2,2,2,2,2,2,4, , , , , , , , , , , , ,1,714.55567748374
2024,04,2062402,1,0040,1,1,20240420624021004011,1,1,1,1,2, ,1,48,1,1,20,7,1975,1, , , , , , , , , , , , , , , ,7432,3220,2, ,3,2,1,1,0,5,5,5,0,0,0,15, ,40,2,40,1,1,1,2, , , , , , , , , , , , , , , , ,1,5,2, ,2, ,2, ,2, ,1,5,2, ,2, ,2, ,2, ,2, ,2, ,2, ,6,5, ,2,2,2,2,2,2,10,2,1, , ,900, , , , , , ,900,900,900,1,840.899643355891
2024,04,2062402,1,0040,1,1,20240420624021004012,1,2,2,1,2, ,2,46,2,2,4,12,1977,1, , , , , , , , , , , , , , , ,8153,1410,3,5,2,2,1,2,0,0,8,8,8,0,8,32, ,32,1, ,1,1,1,1,2,250,52, , , , , , , , , , , , , ,1,5,2, ,2, ,2, ,2, ,1,5,2, ,2, ,2, ,2, ,2, ,2, ,2, ,5,2, ,2,2,2,2,2,2,10,7,1,1083,225, , , , , , , ,1308,1308,1308,1,714.55567748374
2024,04,2062402,1,0040,1,1,20240420624021004013,1,3,3,1,2, ,1,17,3,3,7,12,2006,2,2,2,2,2,2,2,2,2,2,2,2,2,2,2,2, , , , , , , , , , , , , , , , , , , , , , , , , , , , , , , , , ,2,8,1,1,11, , ,1,5,2, ,2, ,2, ,2, ,1,5,2, ,2, ,2, ,2, ,2, ,2, ,2, ,6,5, ,2,2,2,2,2,2,10,7,4, , , , , , , , , , , , ,1,792.672721971152
2024,04,2062402,1,0044,1,1,20240420624021004411,1,1,1,1,2, ,1,68,1,1,28,7,1955,2,2,2,2,2,2,2,2,2,2,2,2,2,2,2,2, , , , , , , , , , , , , , , , , , , , , , , , , , , , , , , , , ,2,6,2,2,3, , ,1,4,2, ,2, ,2, ,1,3,2, ,2, ,2, ,2, ,2, ,2, ,2, ,1,3,6,5, ,2,2,2,2,2,2,10,7,4, , , , , , , , , , , , ,1,840.899643355891
2024,04,2062402,1,0044,1,1,20240420624021004412,1,2,2,1,2, ,2,63,2,2,27,7,1960,2,2,2,2,2,2,2,2,2,2,2,2,2,2,2,2, , , , , , , , , , , , , , , , , , , , , , , , , , , , , , , , , ,2,5,1,1,3, , ,1,4,2, ,2, ,2, ,1,4,2, ,2, ,2, ,2, ,2, ,2, ,2, ,2, ,4,5, ,2,2,2,2,2,2,10,7,4, , , , , , , , , , , , ,1,714.55567748374
2024,04,2963902,1,0035,1,1,20240429639021003511,1,1,1,1,2, ,2,18,1,1,27,2,2006,1, , , , , , , , , , , , , , , ,8153,1410,3,5,3,2,1,3,0,9,9,9,9,9,6,51, ,51,1, ,2, ,2,1,2,190, , , , , , , , , , , , , , ,2,5,2, ,2, ,2, ,2, ,1,5,2, ,2, ,2, ,2, ,2, ,2, ,2, ,5,1, ,2,2,2,2,2,2,10,5,1,823, , , , , , , , ,823,823,823,1,1211.00172480538
2024,04,2963902,1,0038,1,1,20240429639021003811,1,1,1,1,2, ,1,34,1,1,19,4,1989,1, , , , , , , , , , , , , , , ,8321,4922,2, ,3,2,1,1,0,5,5,5,5,5,5,30,14,36,2,36,1,2,2,1, , , , , , , , , , , , , , , , ,1,5,2, ,2, ,2, ,2, ,1,5,2, ,2, ,2, ,2, ,2, ,2, ,2, ,5,3, ,2,2,2,2,2,2,10,1,1, , ,1410, , , , , , ,1410,1410,1410,1,1296.96792897828
2024,04,2963902,1,0038,1,1,20240429639021003812,1,2,2,1,2, ,2,35,2,1,8,9,1988,1, , , , , , , , , , , , , , , ,9411,5610,2, ,3,2,1,3,10,10,10,10,10,10,10,70, ,70,1, ,2, ,2,2, , , , , , , , , , , , , , , , ,1,5,2, ,2, ,2, ,2, ,1,5,2, ,2, ,2, ,2, ,2, ,2, ,2, ,5,2, ,2,2,2,2,2,2,10,1,1, , ,1650,78, , , , , ,1728,1728,1728,1,1367.75985124784
2024,04,2963902,1,0038,1,1,20240429639021003813,1,3,3,1,2, ,2,16,3,3,5,3,2008,1, , , , , , , , , , , , , , , ,9412,5610,4, ,3,2,1,3,2,2,2,2,2,2,2,14, , ,1, ,2, , , , , , , , , , , , ,2,4,1,2,3, , ,2,5,2, ,2, ,2, ,2, ,1,5,2, ,2, ,2, ,2, ,2, ,2, ,2, ,5,4, ,2,2,2,2,2,2,10,1,4, , , , , , , , , , , , ,1,1211.00172480538
2024,04,2963902,1,0038,1,1,20240429639021003814,1,4,3,1,2, ,2,9, , , , , , , , , , , , , , , , , , , , , , , , , , , , , , , , , , , , , , , , , , , , , , , , , , , , , , , , , , , , , , , , , , , , , , , , , , , , , , , , , , , , , , , , , , , , , , , , , , , , , , , , , , , , , , , ,1, 
2024,04,2963902,1,0038,1,1,20240429639021003815,1,5,3,1,2, ,1,6, , , , , , , , , , , , , , , , , , , , , , , , , , , , , , , , , , , , , , , , , , , , , , , , , , , , , , , , , , , , , , , , , , , , , , , , , , , , , , , , , , , , , , , , , , , , , , , , , , , , , , , , , , , , , , , ,1, 
2024,04,2963902,1,0038,1,1,20240429639021003816,1,6,3,1,2, ,1,4, , , , , , , , , , , , , , , , , , , , , , , , , , , , , , , , , , , , , , , , , , , , , , , , , , , , , , , , , , , , , , , , , , , , , , , , , , , , , , , , , , , , , , , , , , , , , , , , , , , , , , , , , , , , , , , ,1, 
2024,04,2963902,1,0038,1,1,20240429639021003817,1,7,3,1,2, ,2,1, , , , , , , , , , , , , , , , , , , , , , , , , , , , , , , , , , , , , , , , , , , , , , , , , , , , , , , , , , , , , , , , , , , , , , , , , , , , , , , , , , , , , , , , , , , , , , , , , , , , , , , , , , , , , , , ,1, 
2024,04,2963902,1,0038,1,1,20240429639021003818,1,8,11,1,2, ,2,15,8,8,2,6,2008,2,2,2,2,2,2,2,2,2,2,2,2,2,2,2,2, , , , , , , , , , , , , , , , , , , , , , , , , , , , , , , , , ,2,4,2,2,5, , ,2,5,2, ,2, ,2, ,2, ,1,5,2, ,2, ,2, ,2, ,2, ,2, ,2, ,5,3, ,2,2,2,2,2,2,10,9,4, , , , , , , , , , , , ,1,1211.00172480538
2024,04,2963902,1,0039,1,1,20240429639021003911,1,1,1,1,2, ,2,48,1,1,20,3,1976,1, , , , , , , , , , , , , , , ,9533,4789,2, ,3,2,1,1,2,0,0,0,0,0,0,2, ,4,2,4,1,2,2,1, , , , , , , , , , , , , , , , ,1,5,2, ,2, ,2, ,2, ,1,5,2, ,2, ,2, ,2, ,2, ,2, ,2, ,6,5, ,2,2,2,2,2,2,1,1,1, , ,60, , , , , , ,60,60,60,1,1031.34012969396
2024,04,2963902,1,0039,1,1,20240429639021003912,1,2,3,1,1, ,1,23, , , , , , , , , , , , , , , , , , , , , , , , , , , , , , , , , , , , , , , , , , , , , , , , , , , , , , , , , , , , , , , , , , , , , , , , , , , , , , , , , , , , , , , , , , , , , , , , , , , , , , , , , , , , , , , ,0, 
2024,04,2963902,1,0039,1,1,20240429639021003913,1,3,3,1,2, ,1,18,3,3,22,11,2005,2,2,2,2,2,2,2,2,2,2,2,2,2,2,2,2, , , , , , , , , , , , , , , , , , , , , , , , , , , , , , , , , ,1,4,1,2,13,5,2,1,5,2, ,2, ,2, ,2, ,1,5,2, ,2, ,2, ,2, ,2, ,2, ,2, ,6,5, ,2,2,2,2,2,2,10,1,2, , , , , , , , , , , , ,1,1144.08885639453
2024,04,2963902,1,0039,1,1,20240429639021003914,1,4,3,1,2, ,2,15,4,4,7,10,2008,1, , , , , , , , , , , , , , , ,7513,1071,2, ,3,2,1,1,4,5,5,1,0,0,0,15,2,18,2,18,2, ,2,2, , , , , , , ,30,10, , , , , , , ,1,5,2, ,2, ,2, ,2, ,1,5,2, ,2, ,2, ,2, ,2, ,2, ,2, ,5,3, ,2,2,2,2,2,2,10,1,1, , ,703,10, ,30, ,10, ,753,713,753,1,1211.00172480538
2024,04,2963902,1,0039,1,1,20240429639021003915,1,5,3,1,2, ,2,30,5,5,7,8,1993,1, , , , , , , , , , , , , , , ,9629,8299,2, ,2,2,1,1,0,0,0,0,0,4,3,7, ,7,1, ,1,1,1,1, , , , , , , , , , , , , , , , ,1,1,1,4,2, ,2, ,2, ,2, ,2, ,2, ,2, ,1,5,2, ,2, ,2, ,10,4, ,2,2,2,2,2,2,10,1,1, , ,255, , , , , , ,255,255,255,1,1367.75985124784
2024,04,2963902,1,0039,1,1,20240429639021003916,1,6,5,1,2, ,1, , , , , , , , , , , , , , , , , , , , , , , , , , , , , , , , , , , , , , , , , , , , , , , , , , , , , , , , , , , , , , , , , , , , , , , , , , , , , , , , , , , , , , , , , , , , , , , , , , , , , , , , , , , , , , , , ,1, 
2024,04,2963902,1,0039,1,1,20240429639021003917,1,7,6,1,2, ,2,79,7,7,13,9,1944,2,2,2,2,2,2,2,2,2,2,2,2,2,2,2,2, , , , , , , , , , , , , , , , , , , , , , , , , , , , , , , , , ,2,6,2,2,3, , ,1,6,2, ,2, ,2, ,2, ,2, ,2, ,2, ,2, ,2, ,2, ,2, ,2, ,2,1, ,2,2,2,2,2,2,1,1,4, , , , , , , , , , , , ,1,1031.34012969396
2024,04,2626601,1,0037,1,1,20240426266011003711,1,1,1,1,2, ,1,73,1,1,4,2,1951,2,2,2,2,2,2,2,2,2,2,2,2,2,2,2,2, , , , , , , , , , , , , , , , , , , , , , , , , , , , , , , , , ,2,6,1,2,3, , ,1,1,1,5,2, ,2, ,2, ,2, ,2, ,2, ,2, ,1,5,2, ,2, ,2, ,12,2, ,2,2,2,2,2,2,1,1,4, , , , , , , , , , , , ,1,880.597321276796
2024,04,2626601,1,0037,1,1,20240426266011003712,1,2,2,1,2, ,2,68,2,2,29,6,1955,2,2,2,2,2,2,2,2,2,2,2,2,2,2,2,2, , , , , , , , , , , , , , , , , , , , , , , , , , , , , , , , , ,2,5,1,2,3, , ,1,1,1,5,2, ,2, ,2, ,2, ,2, ,2, ,2, ,1,5,2, ,2, ,2, ,11,5, ,2,2,2,2,2,2,1,1,4, , , , , , , , , , , , ,1,748.288836208959
2024,04,2626601,1,0038,1,1,20240426266011003811,1,1,1,1,2, ,2,69,1,1,11,6,1954,2,2,2,2,2,2,2,2,2,2,2,2,2,2,2,2, , , , , , , , , , , , , , , , , , , , , , , , , , , , , , , , , ,2,6,2,2,3, , ,1,1,1,3,2, ,2, ,2, ,2, ,2, ,2, ,2, ,2, ,1,3,2, ,2, ,6,5, ,2,2,2,2,2,2,10,8,4, , , , , , , , , , , , ,1,748.288836208959
2024,04,2186201,1,0033,1,1,20240421862011003311,1,1,1,1,2, ,2,52,1,1,13,5,1971,1, , , , , , , , , , , , , , , ,9412,5610,3,5,3,2,1,3,0,11,11,11,11,11,11,66, ,66,1, ,2, ,2,2,2,180,123, , , , , , , , , , , , , ,1,5,2, ,2, ,2, ,2, ,1,5,2, ,2, ,2, ,2, ,2, ,2, ,2, ,4,5, ,2,2,2,2,2,2,10,9,1,779,533, , , , , , , ,1312,1312,1312,1,745.186810144821
2024,04,2186201,1,0033,1,1,20240421862011003312,1,2,2,1,2, ,1,56,2,2,7,12,1967,2,2,2,2,2,2,2,2,2,2,2,2,2,2,2,2, , , , , , , , , , , , , , , , , , , , , , , , , , , , , , , , , ,2,5,2,2,7, , ,1,5,2, ,2, ,2, ,2, ,1,5,2, ,2, ,2, ,2, ,2, ,2, ,2, ,4,5, ,2,2,2,2,2,2,10,7,4, , , , , , , , , , , , ,1,876.946811326054
2024,04,2186201,1,0033,1,1,20240421862011003313,1,3,3,1,2, ,1,30,3,3,17,9,1993,1, , , , , , , , , , , , , , , ,5241,4759,3,5,2,1,1,15,0,8,8,8,8,8,8,48, ,48,1, ,1,1,1,1,4,1025, , , , , , , , , , , , , , ,1,5,2, ,2, ,2, ,2, ,1,5,2, ,2, ,2, ,1,5,2, ,2, ,2, ,10,2, ,2,2,2,2,2,2,10,7,1,1025, , , , , , , , ,1025,1025,1025,1,937.114115924349
2024,04,2186201,1,0033,1,1,20240421862011003314,1,4,3,1,2, ,1,23,4,4,22,4,2000,1, , , , , , , , , , , , , , , ,9334,4921,3,5,1, ,3,80,0,0,14,0,14,14,14,56, ,56,1, ,2, ,2,2,2,250, , , , , , , , , , , , , , ,1,5,2, ,2, ,2, ,2, ,1,5,2, ,2, ,2, ,2, ,2, ,2, ,2, ,6,5, ,2,2,2,2,2,2,10,9,1,1083, , , , , , , , ,1083,1083,1083,1,826.65252798014
2024,04,2186201,1,0033,1,1,20240421862011003315,1,5,4,1,2, ,2,21,5,5,28,1,2003,2,2,2,2,2,2,2,2,2,2,2,2,2,2,2,2, , , , , , , , , , , , , , , , , , , , , , , , , , , , , , , , , ,1,5,1,1,13,4,1,1,5,2, ,2, ,2, ,2, ,1,5,2, ,2, ,2, ,2, ,2, ,2, ,2, ,6,5, ,2,2,2,2,2,2,10,7,2, , , , , , , , , , , , ,1,874.999901977421
2024,04,2186201,1,0033,1,1,20240421862011003316,1,6,5,1,2, ,2,2, , , , , , , , , , , , , , , , , , , , , , , , , , , , , , , , , , , , , , , , , , , , , , , , , , , , , , , , , , , , , , , , , , , , , , , , , , , , , , , , , , , , , , , , , , , , , , , , , , , , , , , , , , , , , , , ,1, 
2024,04,2186201,1,0034,1,1,20240421862011003411,1,1,1,1,2, ,1,33,1,1,13,11,1990,1, , , , , , , , , , , , , , , ,7412,4321,2, ,3,2,1,1,0,0,2,6,6,0,0,14, ,14,1, ,1,1,1,2, , , , , , , , , , , , , , , , ,1,5,2, ,2, ,2, ,2, ,1,5,2, ,2, ,2, ,2, ,1,5,2, ,2, ,9,3, ,2,2,2,2,2,2,10,1,1, , ,400, , , , , , ,400,400,400,1,937.114115924349
2024,04,2186201,1,0034,1,1,20240421862011003412,1,2,2,1,2, ,2,32,2,2,22,1,1992,1, , , , , , , , , , , , , , , ,3213,4772,3,5,2,1,1,3,8,8,8,8,0,8,8,48, ,48,1, ,2, ,2,1,4,800, , , , , , , , , , , , , , ,1,5,2, ,2, ,2, ,2, ,1,5,2, ,2, ,2, ,2, ,2, ,2, ,2, ,9,3, ,2,2,2,2,2,2,10,1,1,800, , , , , , , , ,800,800,800,1,988.264270195692
2024,04,2186201,1,0034,1,1,20240421862011003413,1,3,3,1,2, ,1,6, , , , , , , , , , , , , , , , , , , , , , , , , , , , , , , , , , , , , , , , , , , , , , , , , , , , , , , , , , , , , , , , , , , , , , , , , , , , , , , , , , , , , , , , , , , , , , , , , , , , , , , , , , , , , , , ,1, 
2024,04,2186201,1,0035,1,1,20240421862011003511,1,1,1,1,2, ,1,50,1,2,20,5,1973,1, , , , , , , , , , , , , , , ,9313,4100,3,5,3,2,1,4,0,8,8,8,8,8,8,48, ,48,1, ,2, ,2,2,2,400, , , , , , , , , , , , , , ,1,5,2, ,2, ,2, ,2, ,1,5,2, ,2, ,2, ,2, ,2, ,2, ,2, ,6,5, ,2,2,2,2,2,2,1,1,1,1732, , , , , , , , ,1732,1732,1732,1,876.946811326054
2024,04,2186201,1,0035,1,1,20240421862011003512,1,2,2,1,2, ,2,43,2,2,10,12,1980,1, , , , , , , , , , , , , , , ,5212,4773,2, ,3,2,1,2,10,10,10,10,10,10,10,70, ,70,1, ,2, ,2,2, , , , , , , , , , , , , , , , ,1,5,2, ,2, ,2, ,2, ,1,5,2, ,2, ,2, ,2, ,2, ,2, ,2, ,4, ,6,2,2,2,2,2,2,1,1,1, , ,40,40, , , , , ,80,80,80,1,988.264270195692
2024,04,2186201,1,0035,1,1,20240421862011003513,1,3,3,1,2, ,1,21,3,3,24,7,2002,2,2,2,2,2,2,2,2,2,2,2,2,2,2,2,2, , , , , , , , , , , , , , , , , , , , , , , , , , , , , , , , , ,2,8,2,2,11, , ,1,5,2, ,2, ,2, ,2, ,1,5,2, ,2, ,2, ,2, ,2, ,2, ,2, ,6,5, ,2,2,2,2,2,2,10,7,4, , , , , , , , , , , , ,1,826.65252798014
2024,04,2186201,1,0035,1,1,20240421862011003514,1,4,3,1,2, ,2,17,4,4,20,4,2006,1, , , , , , , , , , , , , , , ,9321,4630,3,5,3,2,1,9,0,5,5,5,5,5,0,25, ,25,1, ,1,1,1,1,2,95, , , , , , , , , , , , , , ,2,5,2, ,2, ,2, ,2, ,1,5,2, ,2, ,2, ,2, ,2, ,2, ,2, ,6,5, ,2,2,2,2,2,2,10,6,1,411, , , , , , , , ,411,411,411,1,874.999901977421
2024,04,2186201,1,0035,1,1,20240421862011003515,1,5,3,1,2, ,2,15,5,5,31,10,2008,2,2,2,2,2,2,2,2,2,2,2,2,1,2,2, ,5223,4773,4, ,3,2,1,2,0,2,2,2,2,2,2,12, , ,1, ,2, , , , , , , , , , , , ,2,4,2,2,5, , ,1,5,2, ,2, ,2, ,2, ,1,5,2, ,2, ,2, ,2, ,2, ,2, ,2, ,5,3, ,2,2,2,2,2,2,10,7,4, , , , , , , , , , , , ,1,874.999901977421
2024,04,2186201,1,0035,1,1,20240421862011003516,1,6,3,1,2, ,1,1, , , , , , , , , , , , , , , , , , , , , , , , , , , , , , , , , , , , , , , , , , , , , , , , , , , , , , , , , , , , , , , , , , , , , , , , , , , , , , , , , , , , , , , , , , , , , , , , , , , , , , , , , , , , , , , ,1, 
2024,04,2186201,1,0035,1,1,20240421862011003517,1,7,11,1,2, ,1,33,7,7,13,6,1990,2,2,2,2,2,2,2,2,2,2,2,2,2,2,2,2, , , , , , , , , , , , , , , , , , , , , , , , , , , , , , , , , ,2,5,2,2,11, , ,1,5,2, ,2, ,2, ,2, ,1,5,2, ,2, ,2, ,1,5,2, ,2, ,2, ,6,5, ,2,2,2,2,2,2,10,7,4, , , , , , , , , , , , ,1,937.114115924349
2024,04,2186201,1,0035,1,1,20240421862011003518,1,8,11,1,2, ,1, , , , , , , , , , , , , , , , , , , , , , , , , , , , , , , , , , , , , , , , , , , , , , , , , , , , , , , , , , , , , , , , , , , , , , , , , , , , , , , , , , , , , , , , , , , , , , , , , , , , , , , , , , , , , , , , ,1, 
2024,04,2186201,1,0036,1,1,20240421862011003611,1,1,1,1,2, ,1,41,1,1,18,5,1982,1, , , , , , , , , , , , , , , ,9124,9609,2, ,3,2,1,1,12,12,12,12,12,0,12,72, ,72,1, ,2, ,2,1, , , , , , , , , , , , , , , , ,1,5,2, ,2, ,2, ,2, ,1,5,2, ,2, ,2, ,2, ,2, ,2, ,2, ,4, ,6,2,2,2,2,2,2,10,7,1, , ,1345, , , , , , ,1345,1345,1345,1,937.114115924349
2024,04,2186201,1,0036,1,1,20240421862011003612,1,2,2,1,2, ,2,33,2,2,11,8,1990,1, , , , , , , , , , , , , , , ,5120,5610,2, ,3,2,1,1,0,5,5,5,5,0,0,20, ,25,2,25,1,1,1,1, , , , , , , , , , , , , , , , ,1,5,2, ,2, ,2, ,2, ,1,5,2, ,2, ,2, ,2, ,2, ,2, ,2, ,5,1, ,2,2,2,2,2,2,10,7,1, , ,225, , , , , , ,225,225,225,1,988.264270195692
2024,04,2186201,1,0036,1,1,20240421862011003613,1,3,3,1,2, ,1,16,3,3,17,7,2007,2,2,2,2,2,2,2,2,2,2,2,2,2,2,2,2, , , , , , , , , , , , , , , , , , , , , , , , , , , , , , , , , ,2,4,2,2,5, , ,1,5,2, ,2, ,2, ,2, ,1,5,2, ,2, ,2, ,2, ,2, ,2, ,2, ,5,4, ,2,2,2,2,2,2,10,9,4, , , , , , , , , , , , ,1,826.65252798014
2024,04,2186201,1,0036,1,1,20240421862011003614,1,4,3,1,2, ,1,15,4,4,20,12,2008,2,2,2,2,2,2,2,2,2,2,2,2,2,2,2,2, , , , , , , , , , , , , , , , , , , , , , , , , , , , , , , , , ,2,4,2,2,5, , ,1,5,2, ,2, ,2, ,2, ,1,5,2, ,2, ,2, ,2, ,2, ,2, ,2, ,5,3, ,2,2,2,2,2,2,10,9,4, , , , , , , , , , , , ,1,826.65252798014
2024,04,2186201,1,0036,1,1,20240421862011003615,1,5,3,1,2, ,2,9, , , , , , , , , , , , , , , , , , , , , , , , , , , , , , , , , , , , , , , , , , , , , , , , , , , , , , , , , , , , , , , , , , , , , , , , , , , , , , , , , , , , , , , , , , , , , , , , , , , , , , , , , , , , , , , ,1, 
2024,04,2186201,1,0036,1,1,20240421862011003616,1,6,3,1,2, ,2,2, , , , , , , , , , , , , , , , , , , , , , , , , , , , , , , , , , , , , , , , , , , , , , , , , , , , , , , , , , , , , , , , , , , , , , , , , , , , , , , , , , , , , , , , , , , , , , , , , , , , , , , , , , , , , , , ,1, 
2024,04,21921,1,0125,1,1,202404219211012511,1,1,1,1,2, ,1,32,1,1,20,4,1991,1, , , , , , , , , , , , , , , ,3314,1811,1, ,1, ,1,3,0,10,10,10,10,10,3,53, ,53,1, ,1,1,1,2, , , ,4500, , , , , , , , , , , , ,1,5,2, ,2, ,2, ,2, ,1,5,2, ,2, ,2, ,1,5,2, ,2, ,2, ,6,5, ,2,2,2,2,2,2,10,7,1, , ,4500, , , , , , ,4500,4500,4500,1,720.136044575792
2024,04,21921,1,0125,1,1,202404219211012512,1,2,2,1,2, ,2,31,2,2,15,5,1992,2,2,2,2,2,2,2,2,2,2,2,2,2,2,2,2, , , , , , , , , , , , , , , , , , , , , , , , , , , , , , , , , ,2,5,2,2,6, , ,1,5,2, ,2, ,2, ,2, ,1,5,2, ,2, ,2, ,1,5,2, ,2, ,2, ,9,3, ,2,2,2,2,2,2,10,7,4, , , , , , , , , , , , ,1,759.4429647795
2024,04,21921,1,0125,1,1,202404219211012513,1,3,3,1,2, ,1,9, , , , , , , , , , , , , , , , , , , , , , , , , , , , , , , , , , , , , , , , , , , , , , , , , , , , , , , , , , , , , , , , , , , , , , , , , , , , , , , , , , , , , , , , , , , , , , , , , , , , , , , , , , , , , , , ,1, 
2024,04,21921,1,0125,1,1,202404219211012514,1,4,3,1,2, ,2,2, , , , , , , , , , , , , , , , , , , , , , , , , , , , , , , , , , , , , , , , , , , , , , , , , , , , , , , , , , , , , , , , , , , , , , , , , , , , , , , , , , , , , , , , , , , , , , , , , , , , , , , , , , , , , , , ,1, 
2024,04,21921,1,0127,1,1,202404219211012711,1,1,1,1,2, ,2,42,1,1,26,2,1982,2,2,2,2,2,2,2,2,2,2,2,2,2,2,2,2, , , , , , , , , , , , , , , , , , , , , , , , , , , , , , , , , ,2,5,2,2,6, , ,1,5,2, ,2, ,2, ,2, ,1,5,2, ,2, ,2, ,2, ,2, ,2, ,2, ,6,5, ,2,2,2,2,2,2,10,7,4, , , , , , , , , , , , ,1,759.4429647795
2024,04,21921,1,0127,1,1,202404219211012712,1,3,3,1,2, ,1,19,3,3,20,11,2004,2,2,2,2,2,2,2,2,2,2,2,2,2,2,2,2, , , , , , , , , , , , , , , , , , , , , , , , , , , , , , , , , ,2,4,2,2,5, , ,1,5,2, ,2, ,2, ,2, ,1,5,2, ,2, ,2, ,2, ,2, ,2, ,2, ,6,5, ,2,2,2,2,2,2,10,7,4, , , , , , , , , , , , ,1,635.250575807413
2024,04,21921,1,0127,1,1,202404219211012713,1,4,3,1,2, ,1,11, , , , , , , , , , , , , , , , , , , , , , , , , , , , , , , , , , , , , , , , , , , , , , , , , , , , , , , , , , , , , , , , , , , , , , , , , , , , , , , , , , , , , , , , , , , , , , , , , , , , , , , , , , , , , , , ,1, 
2024,04,21921,1,0127,1,1,202404219211012714,1,5,3,1,2, ,2,1, , , , , , , , , , , , , , , , , , , , , , , , , , , , , , , , , , , , , , , , , , , , , , , , , , , , , , , , , , , , , , , , , , , , , , , , , , , , , , , , , , , , , , , , , , , , , , , , , , , , , , , , , , , , , , , ,1, 
2024,04,21921,1,0127,1,1,202404219211012715,1,2,2,1,2, ,1,41,2,2,28,8,1982,1, , , , , , , , , , , , , , , ,8331,4921,2, ,3,2,1,1,0,0,0,0,14,14,14,42, ,42,1, ,2, ,2,2, , , , , , , , , , , , , , , , ,1,6,2, ,2, ,2, ,2, ,2, ,2, ,2, ,2, ,2, ,2, ,2, ,2, ,6,5, ,2,2,2,2,2,2,10,1,1, , ,1789, , , , , , ,1789,1789,1789,1,720.136044575792
2024,04,21921,1,0129,1,1,202404219211012911,1,1,1,1,2, ,1,34,1,1,3,10,1989,1, , , , , , , , , , , , , , , ,7111,4100,3,5,1, ,2,50,0,8,8,8,0,0,4,28, ,40,2,40,1,1,1,2,4,1025, , , , , , , , , , , , , , ,1,1,1,1,2, ,2, ,2, ,2, ,2, ,2, ,2, ,2, ,1,1,2, ,2, ,6,5, ,2,2,2,2,2,2,10,7,1,1025, , , , , , , ,170,1025,1025,1195,1,720.136044575792
2024,04,21921,1,0188,1,1,202404219211018811,1,1,1,1,2, ,2,49,1,1,16,9,1974,1, , , , , , , , , , , , , , , ,9112,9311,3,5,1, ,2,50,0,8,8,8,8,8,0,40, ,40,2,8,2, ,2,2,4,1025, , , , , , , , , , , , , , ,1,1,1,1,2, ,2, ,2, ,2, ,2, ,2, ,2, ,1,1,2, ,2, ,2, ,3, ,4,2,2,2,2,2,2,10,7,1,1025, , , , , , , ,58,1025,1025,1083,1,572.647314567893
2024,04,21921,1,0188,1,1,202404219211018812,1,2,3,1,2, ,1,14,2,2,2,1,2010,2,2,2,2,2,2,2,2,2,2,2,2,2,2,2,2, , , , , , , , , , , , , , , , , , , , , , , , , , , , , , , , , ,2,4,2,2,5, , ,2,5,2, ,2, ,2, ,2, ,1,5,2, ,2, ,2, ,2, ,2, ,2, ,2, ,5,1, ,2,2,2,2,2,2,10,7,4, , , , , , , , , , , , ,1,635.250575807413
2024,04,21921,1,0188,1,1,202404219211018813,1,3,3,1,2, ,1,20,3,3,2,6,2003,1, , , , , , , , , , , , , , , ,9629,5221,3,5,1, ,5,9998,4,0,0,0,0,0,0,4, ,48,2,48,2, ,2,1,4,1025, , , , , , , , , , , , , , ,1,5,2, ,2, ,2, ,2, ,1,5,2, ,2, ,2, ,1,5,2, ,2, ,2, ,6,5, ,2,2,2,2,2,2,10,9,1,1025, , , , , , , , ,1025,1025,1025,1,635.250575807413
2024,04,21921,1,0188,1,1,202404219211018814,1,4,3,1,2, ,2,30,4,4,14,10,1993,2,2,2,2,2,2,2,2,2,2,2,2,2,2,2,2, , , , , , , , , , , , , , , , , , , , , , , , , , , , , , , , , ,1,5,1,1,13,4,4,1,6,2, ,2, ,2, ,2, ,2, ,2, ,2, ,2, ,1,5,2, ,2, ,2, ,3, ,5,2,2,2,2,2,2,10,9,2, , , , , , , , , , , , ,1,759.4429647795
2024,04,21921,1,0188,1,1,202404219211018815,1,5,4,1,2, ,1,34,5,5,22,6,1989,1, , , , , , , , , , , , , , , ,7128,4330,3,5,3,2,1,3,0,0,0,8,8,8,8,32, ,32,1, ,1,1,1,1,2,200, , , , , , , , , , , , , , ,1,5,2, ,2, ,2, ,2, ,1,5,2, ,2, ,2, ,2, ,1,5,2, ,2, ,5,4, ,2,2,2,2,2,2,10,6,1,866, , , , , , , , ,866,866,866,1,720.136044575792
2024,04,21921,1,0188,1,1,202404219211018816,1,6,5,1,2, ,1,13, , , , , , , , , , , , , , , , , , , , , , , , , , , , , , , , , , , , , , , , , , , , , , , , , , , , , , , , , , , , , , , , , , , , , , , , , , , , , , , , , , , , , , , , , , , , , , , , , , , , , , , , , , , , , , , ,1, 
2024,04,21921,1,0188,1,1,202404219211018817,1,7,5,1,2, ,1,5, , , , , , , , , , , , , , , , , , , , , , , , , , , , , , , , , , , , , , , , , , , , , , , , , , , , , , , , , , , , , , , , , , , , , , , , , , , , , , , , , , , , , , , , , , , , , , , , , , , , , , , , , , , , , , , ,1, 
2024,04,22045,1,0065,1,1,202404220451006511,1,1,1,1,2, ,1,76,1,1,26,10,1947,1, , , , , , , , , , , , , , , ,8321,4922,2, ,3,2,1,1,0,5,5,5,5,5,4,29, ,29,1, ,2, ,2,2, , , , , , , , , , , , , , , , ,1,1,1,5,2, ,2, ,2, ,2, ,2, ,2, ,2, ,1,5,2, ,2, ,2, ,6,5, ,2,2,2,2,2,2,10,5,1, , ,809, , , , , , ,809,809,809,1,938.462593326852
2024,04,22045,1,0065,1,1,202404220451006512,1,2,2,1,2, ,2,74,2,2,17,8,1949,2,2,2,2,2,2,2,2,2,2,2,2,2,2,2,2, , , , , , , , , , , , , , , , , , , , , , , , , , , , , , , , , ,2,5,1,1,1, , ,1,1,1,5,2, ,2, ,2, ,2, ,2, ,2, ,2, ,1,5,2, ,2, ,2, ,6,5, ,2,2,2,2,2,2,10,7,3, , , , , , , , , , , , ,1,797.459934091098
2024,04,22045,1,0065,1,1,202404220451006513,1,3,3,1,2, ,1,45,3,3,6,9,1978,1, , , , , , , , , , , , , , , ,7128,4330,3,5,3,2,1,4,0,8,0,8,0,8,8,32,6,38,1, ,1,1,1,2,2,600, , , , , ,300, , , , , , , , ,1,6,2, ,2, ,2, ,2, ,2, ,2, ,2, ,2, ,1,5,2, ,2, ,2, ,6,5, ,2,2,2,2,2,2,10,7,1,2598, , , , ,300, , , ,2898,2598,2898,1,938.462593326852
2024,04,22045,1,0069,1,1,202404220451006911,1,1,1,1,2, ,1,50,1,2,28,8,1973,1, , , , , , , , , , , , , , , ,7354,1410,4, ,3,2,1,2,0,8,8,8,0,0,5,29, ,45,2,45,2, ,2, , , , , , , , , , , , , , , , , ,1,5,2, ,2, ,2, ,2, ,1,5,2, ,2, ,2, ,1,5,2, ,2, ,2, ,6,5, ,2,2,2,2,2,2,1,1,1, , , , , , , , , , , , ,1,938.462593326852
2024,04,22045,1,0069,1,1,202404220451006912,1,2,2,1,2, ,2,46,2,2,29,9,1977,1, , , , , , , , , , , , , , , ,7352,1410,2, ,3,2,1,2,0,8,8,8,0,0,4,28, ,48,2,48,2, ,2,2, , , , , , , , , , , , , , , , ,1,5,2, ,2, ,2, ,2, ,1,5,2, ,2, ,2, ,1,5,2, ,2, ,2, ,6,5, ,2,2,2,2,2,2,10,7,1, , ,1584, , , , , , ,1584,1584,1584,1,797.459934091098
2024,04,22045,1,0069,1,1,202404220451006913,1,3,3,1,2, ,1,21,3,3,23,12,2002,2,2,2,2,2,2,2,2,2,2,2,2,2,2,2,2, , , , , , , , , , , , , , , , , , , , , , , , , , , , , , , , , ,2,4,2,2,5, , ,2,5,2, ,2, ,2, ,2, ,1,5,2, ,2, ,2, ,2, ,2, ,2, ,2, ,10,2, ,2,2,2,2,2,2,10,7,4, , , , , , , , , , , , ,1,884.640282818703
2024,04,22045,1,0069,1,1,202404220451006914,1,4,3,1,2, ,1,15,4,4,12,6,2008,2,2,2,2,2,2,2,2,2,2,2,2,2,2,2,2, , , , , , , , , , , , , , , , , , , , , , , , , , , , , , , , , ,2,4,2,2,5, , ,2,5,2, ,2, ,2, ,2, ,1,5,2, ,2, ,2, ,2, ,2, ,2, ,2, ,5,4, ,2,2,2,2,2,2,10,7,4, , , , , , , , , , , , ,1,884.640282818703
2024,04,22045,1,0069,1,1,202404220451006915,1,5,3,1,2, ,2,11, , , , , , , , , , , , , , , , , , , , , , , , , , , , , , , , , , , , , , , , , , , , , , , , , , , , , , , , , , , , , , , , , , , , , , , , , , , , , , , , , , , , , , , , , , , , , , , , , , , , , , , , , , , , , , , ,1, 
2024,04,22136,1,0065,1,1,202404221361006511,1,1,1,1,2, ,1,67,1,1,22,6,1956,1, , , , , , , , , , , , , , , ,7212,4520,2, ,3,2,1,1,0,0,0,0,0,0,2,2, ,25,2,25,1,1,1,2, , , , , , , , , , , , , , , , ,1,5,2, ,2, ,2, ,2, ,1,5,2, ,2, ,2, ,2, ,2, ,2, ,2, ,5,3, ,2,2,2,2,2,2,10,7,1, , ,40, , , , , , ,40,40,40,1,1025.96139460378
2024,04,22136,1,0066,1,1,202404221361006611,1,1,1,1,2, ,2,61,1,1,17,1,1963,2,2,2,1,2,2,2,2,2,2,2,2,2,2,2, ,9112,8121,2, ,3,2,1,1,0,0,0,0,2,0,0,2, ,2,1, ,1,1,1,2, , , , , , , , , , , , , , , , ,1,5,2, ,2, ,2, ,2, ,1,5,2, ,2, ,2, ,2, ,2, ,2, ,2, ,5,2, ,2,2,2,2,2,2,10,7,1, , ,50, , , , , , ,50,50,50,1,871.812165917402
2024,04,22136,1,0066,1,1,202404221361006612,1,2,3,1,2, ,1,46,2,2,26,11,1977,1, , , , , , , , , , , , , , , ,8321,4922,2, ,3,2,1,1,0,8,8,8,8,0,8,40, ,48,2,48,2, ,2,2, , , , , , , , , , , , , , , , ,1,5,2, ,2, ,2, ,2, ,1,5,2, ,2, ,2, ,2, ,2, ,2, ,2, ,6,5, ,2,2,2,2,2,2,10,7,1, , ,1380, , , , , , ,1380,1380,1380,1,1025.96139460378
2024,04,22136,1,0066,1,1,202404221361006613,1,3,3,1,2, ,1,36,3,3,14,1,1988,1, , , , , , , , , , , , , , , ,3115,3315,3,5,1, ,1,8,0,8,8,8,0,0,5,29, ,48,2,48,2, ,2,2,3,795, , , , , , , , , , , , , , ,1,1,1,1,2, ,2, ,2, ,2, ,2, ,2, ,2, ,1,1,2, ,2, ,2, ,9,3, ,2,2,2,2,2,2,10,7,1,1590, , , , , , , ,34,1590,1590,1624,1,1096.35258702043
2024,04,22136,1,0066,2,1,202404221361006621,1,1,1,1,2, ,1,44,1,1,6,12,1979,1, , , , , , , , , , , , , , , ,8321,4922,2, ,3,2,1,1,11,11,11,11,11,11,11,77,12,89,1, ,1,1,1,2, , , , , ,320, , , , , , , , , , ,1,5,2, ,2, ,2, ,2, ,1,5,2, ,2, ,2, ,1,5,2, ,2, ,2, ,6,5, ,2,2,2,2,2,2,10,7,1, , ,1200, ,320, , , , ,1520,1200,1520,1,1096.35258702043
2024,04,22136,1,0066,2,1,202404221361006622,1,2,2,1,2, ,2,37,2,2,12,1,1987,1, , , , , , , , , , , , , , , ,5213,4781,3,5,3,2,1,3,0,0,0,0,5,5,0,10, ,10,2,5,1,1,1,2,2,50,10, , , , , , , , , , , , , ,1,5,2, ,2, ,2, ,2, ,1,5,2, ,2, ,2, ,2, ,2, ,2, ,2, ,6,5, ,2,2,2,2,2,2,10,7,1,217,300, , , , , , , ,517,517,517,1,1156.19439604768
2024,04,22136,1,0066,2,1,202404221361006623,1,3,3,1,2, ,2,10, , , , , , , , , , , , , , , , , , , , , , , , , , , , , , , , , , , , , , , , , , , , , , , , , , , , , , , , , , , , , , , , , , , , , , , , , , , , , , , , , , , , , , , , , , , , , , , , , , , , , , , , , , , , , , , ,1, 
2024,04,22136,1,0066,2,1,202404221361006624,1,4,3,1,2, ,1,6, , , , , , , , , , , , , , , , , , , , , , , , , , , , , , , , , , , , , , , , , , , , , , , , , , , , , , , , , , , , , , , , , , , , , , , , , , , , , , , , , , , , , , , , , , , , , , , , , , , , , , , , , , , , , , , ,1, 
2024,04,22136,1,0067,1,1,202404221361006711,1,1,1,1,2, ,1,70,1,1,17,6,1953,1, , , , , , , , , , , , , , , ,9629,8299,2, ,3,2,1,1,0,0,0,2,0,0,0,2, ,6,2,6,1,1,1,2, , , , , , , , , , , , , , , , ,1,1,1,3,2, ,2, ,2, ,2, ,2, ,2, ,2, ,2, ,1,3,2, ,2, ,6,5, ,2,2,2,2,2,2,10,7,1, , ,69, , , , , , ,69,69,69,1,1025.96139460378
2024,04,22136,1,0067,1,1,202404221361006712,1,2,2,1,2, ,2,71,2,2,10,2,1953,1, , , , , , , , , , , , , , , ,7354,9529,2, ,3,2,1,1,0,5,0,5,0,0,0,10, ,35,2,35,1,1,1,2, , , , , , , , , , , , , , , , ,2,1,1,4,2, ,2, ,2, ,2, ,2, ,2, ,2, ,2, ,2, ,2, ,2, ,5,4, ,2,2,2,1,2,2,10,7,1, , ,690, , , , , , ,690,690,690,1,871.812165917402
2024,04,22136,1,0067,1,1,202404221361006713,1,3,3,1,2, ,1,35,3,3,12,6,1988,1, , , , , , , , , , , , , , , ,3422,9312,3,5,3,2,1,3,5,5,5,5,0,0,5,25, ,30,2,30,1,1,1,2,2,400, , , , , , , , , , , , , , ,1,6,2, ,2, ,2, ,2, ,2, ,2, ,2, ,2, ,2, ,2, ,2, ,2, ,9,3, ,2,2,2,2,2,2,10,7,1,1732, , , , , , , , ,1732,1732,1732,1,1096.35258702043
2024,04,22136,1,0165,1,1,202404221361016511,1,1,1,1,2, ,2,38,1,1,5,10,1985,1, , , , , , , , , , , , , , , ,8153,1410,3,5,1, ,5,2000,0,8,8,8,8,8,8,48, ,48,1, ,2, ,2,2,2,390, , , , , , , , , , , , , , ,1,3,1,1,2, ,1,1,2, ,2, ,2, ,2, ,2, ,1,1,2, ,2, ,2, ,6,5, ,2,2,2,2,2,2,10,7,1,1689, , , , , , , ,287,1689,1689,1976,1,1156.19439604768
2024,04,22136,1,0165,1,1,202404221361016512,1,2,2,1,2, ,1,37,2,1,7,4,1986,1, , , , , , , , , , , , , , , ,7354,1410,3,5,1, ,5,2000,0,8,8,8,8,8,8,48, ,48,1, ,2, ,2,2,2,310, , , , , , , , , , , , , , ,1,1,1,1,2, ,2, ,2, ,2, ,2, ,2, ,2, ,1,1,2, ,2, ,2, ,4, ,6,2,2,2,2,2,2,1,7,1,1342, , , , , , , ,270,1342,1342,1612,1,1096.35258702043
2024,04,22136,1,0165,1,1,202404221361016513,1,3,3,1,2, ,2,9, , , , , , , , , , , , , , , , , , , , , , , , , , , , , , , , , , , , , , , , , , , , , , , , , , , , , , , , , , , , , , , , , , , , , , , , , , , , , , , , , , , , , , , , , , , , , , , , , , , , , , , , , , , , , , , ,1, 
2024,04,22136,1,0165,1,1,202404221361016514,1,4,3,1,2, ,1,4, , , , , , , , , , , , , , , , , , , , , , , , , , , , , , , , , , , , , , , , , , , , , , , , , , , , , , , , , , , , , , , , , , , , , , , , , , , , , , , , , , , , , , , , , , , , , , , , , , , , , , , , , , , , , , , ,1, 
2024,04,22729,1,0065,1,1,202404227291006511,1,1,1,1,2, ,2,53,1,1,2,7,1970,1, , , , , , , , , , , , , , , ,5120,5630,2, ,3,2,1,2,8,8,8,8,2,0,8,42, ,42,2,38,2, ,2,2, , , , , , , , , , , , , , , , ,1,5,2, ,2, ,2, ,2, ,1,5,2, ,2, ,2, ,2, ,2, ,2, ,2, ,6,5, ,2,2,2,2,2,2,10,7,1, , ,11,9, , , , , ,20,20,20,1,921.739405208346
2024,04,22729,1,0065,1,1,202404227291006512,1,2,3,1,2, ,1,25,2,2,6,11,1998,2,2,2,2,2,2,2,2,2,2,2,2,2,2,2,2, , , , , , , , , , , , , , , , , , , , , , , , , , , , , , , , , ,1,4,1,1,13,5,1,1,6,2, ,2, ,2, ,2, ,2, ,2, ,2, ,2, ,1,5,2, ,2, ,2, ,9,3, ,2,2,2,2,2,2,10,7,2, , , , , , , , , , , , ,1,1159.1388844585
2024,04,25396,1,0030,1,1,202404253961003011,1,1,1,1,2, ,1,94,1,3,12,1,1930,2,2,2,2,2,2,2,2,2,2,2,2,2,2,2,2, , , , , , , , , , , , , , , , , , , , , , , , , , , , , , , , , ,2,8,2,2,3, , ,1,1,1,3,2, ,2, ,2, ,2, ,2, ,2, ,2, ,2, ,1,3,2, ,2, ,10,2, ,2,2,2,2,2,2,10,7,4, , , , , , , , , , , , ,1,1055.10990745042
2024,04,25396,1,0030,1,1,202404253961003012,1,2,2,1,2, ,2,87,2,2,16,9,1936,2,2,2,2,2,2,2,2,2,2,2,2,2,2,2,2, , , , , , , , , , , , , , , , , , , , , , , , , , , , , , , , , ,2,8,2,2,3, , ,2,1,1,4,2, ,2, ,2, ,2, ,2, ,2, ,2, ,2, ,2, ,2, ,2, ,6,5, ,2,2,2,2,2,2,10,7,4, , , , , , , , , , , , ,1,896.581156497118
2024,04,25396,1,0030,1,1,202404253961003013,1,3,3,1,2, ,2,69,3,3,10,11,1954,2,2,2,2,2,2,2,2,2,2,2,2,2,2,2,2, , , , , , , , , , , , , , , , , , , , , , , , , , , , , , , , , ,2,5,2,2,6, , ,1,6,2, ,2, ,2, ,2, ,2, ,2, ,2, ,2, ,2, ,2, ,2, ,2, ,10,2, ,2,2,2,2,2,2,10,8,4, , , , , , , , , , , , ,1,896.581156497118
2024,04,25396,1,0030,1,1,202404253961003014,1,4,3,1,1, ,2,65, , , , , , , , , , , , , , , , , , , , , , , , , , , , , , , , , , , , , , , , , , , , , , , , , , , , , , , , , , , , , , , , , , , , , , , , , , , , , , , , , , , , , , , , , , , , , , , , , , , , , , , , , , , , , , , ,0, 
2024,04,25396,1,0141,1,1,202404253961014111,1,1,1,1,2, ,1,33,1,1,3,10,1990,1, , , , , , , , , , , , , , , ,3422,8541,1, ,2,1,1,7,0,10,10,10,10,10,4,54,10,64,1, ,1,1,1,2, , , , , , , ,5000, , , , , , , , ,1,5,2, ,2, ,2, ,2, ,1,5,2, ,2, ,2, ,1,5,2, ,2, ,2, ,11,5, ,2,2,2,2,2,2,10,7,1, , ,9500, , ,5000, , , ,14500,9500,14500,1,1127.50097879744
2024,04,25396,1,0141,1,1,202404253961014112,1,2,2,1,2, ,2,35,2,2,22,12,1988,1, , , , , , , , , , , , , , , ,2359,8521,3,5,1, ,2,50,0,4,4,4,4,4,3,23,35,58,2,20,1,1,1,2,4,1400, , , ,600, , , , , , , , , , ,1,1,1,1,2, ,2, ,2, ,2, ,2, ,2, ,2, ,2, ,1,1,2, ,2, ,10,3, ,2,2,2,2,2,2,10,7,1,1400, , , ,600, , , , ,2000,1400,2000,1,1189.0429490085
2024,04,25396,1,0141,1,1,202404253961014113,1,3,3,1,2, ,2,11, , , , , , , , , , , , , , , , , , , , , , , , , , , , , , , , , , , , , , , , , , , , , , , , , , , , , , , , , , , , , , , , , , , , , , , , , , , , , , , , , , , , , , , , , , , , , , , , , , , , , , , , , , , , , , , ,1, 
2024,04,25396,1,0141,1,1,202404253961014114,1,4,3,1,2, ,2,7, , , , , , , , , , , , , , , , , , , , , , , , , , , , , , , , , , , , , , , , , , , , , , , , , , , , , , , , , , , , , , , , , , , , , , , , , , , , , , , , , , , , , , , , , , , , , , , , , , , , , , , , , , , , , , , ,1, 
2024,04,25396,1,0141,1,1,202404253961014115,1,5,3,1,2, ,2,2, , , , , , , , , , , , , , , , , , , , , , , , , , , , , , , , , , , , , , , , , , , , , , , , , , , , , , , , , , , , , , , , , , , , , , , , , , , , , , , , , , , , , , , , , , , , , , , , , , , , , , , , , , , , , , , ,1, 
2024,04,25396,1,0142,1,1,202404253961014211,1,1,1,1,2, ,1,59,1,1,20,6,1964,1, , , , , , , , , , , , , , , ,4323,4923,3,5,1, ,1,15,3,9,9,3,3,9,9,45, ,45,1, ,2, ,2,2,4,1400, , , , , , , , , , , , , , ,1,1,1,1,2, ,2, ,2, ,2, ,2, ,2, ,2, ,2, ,1,1,2, ,2, ,10,2, ,2,2,2,2,2,2,10,7,1,1400, , , , , , , ,58,1400,1400,1458,1,1055.10990745042
2024,04,25396,1,0142,1,1,202404253961014212,1,3,11,1,2, ,2,65,3,1,12,2,1959,2,2,2,2,2,2,2,2,2,2,2,2,2,2,2,2, , , , , , , , , , , , , , , , , , , , , , , , , , , , , , , , , ,2,5,2,2,7, , ,1,5,2, ,2, ,2, ,2, ,1,5,2, ,2, ,2, ,2, ,2, ,2, ,2, ,6,5, ,2,2,2,2,2,2,10,6,4, , , , , , , , , , , , ,1,896.581156497118
