ANIO,MES,CONGLOMERADO,MUESTRA,SELVIV,HOGAR,REGION,LLAVE_PANEL,ESTRATO,C201,C203,C204,C205,C206,C207,C208,NROINF,C301_DIA,C301_MES,C301_ANIO,C303,C304,C305,C306_1,C306_2,C306_3,C306_4,C306_5,C306_6,C306_7,C306_8,C306_9,C306_10,C306_10A,C306_11,C300n,C306A,C308_COD,C309_COD,C310,C311,C312,C313,C317,C317A,C318_1,C318_2,C318_3,C318_4,C318_5,C318_6,C318_7,C318_T,C328_T,whoraT,C330,C331,C333,C334,P209H,C335,C338,C339_1,C341_T,C342,C344,C345_1,C347_T,C348,C350,C352,C353,C354,C355,C356,C357_I,C358,C359,SEGURO1,C361_1,C362_1,C361_2,C362_2,C361_3,C362_3,C361_4,C362_4,C361_5,C362_5,C361_6,C362_6,C361_7,C362_7,C361_8,C362_8,C364_1,C365_1,C364_2,C365_2,C364_3,C365_3,C364_4,C365_4,C366,C366_1,C366_2,C375_1,C375_2,C375_3,C375_4,C375_5,C375_6,C376,C377,OCUP300,I339_1,D341_T,I342,D344,I345_1,I348,D347_T,D350,D351_T,INGTOT,INGTOTP,ingtrabw,RESIDENT,fa_efm25
2025,01,18325,1,0011,1,1,202501183251001111,1,1,1,1,2, ,1,47,1,12,6,1977,2,2,2,2,2,2,2,2,2,2,2,2,2,2,2,1,2, , , , , , , , , , , , , , , , , , , , , , , , , , , , , , , , , ,2,7,1,1,7, , ,1,5,2, ,2, ,2, ,2, ,1,5,2, ,2, ,2, ,2, ,2, ,2, ,2, ,1, , ,2,2,1,2,2,2,13,9,3, , , , , , , , , , , , ,1,355.262371511424
2025,01,18325,1,0015,1,1,202501183251001511,1,1,1,1,2, ,1,80,1,2,6,1944,2,2,2,2,2,2,2,2,2,2,2,2,2,2,2,1,2, , , , , , , , , , , , , , , , , , , , , , , , , , , , , , , , , ,2,5,1,1,7, , ,1,5,2, ,2, ,2, ,2, ,1,5,2, ,2, ,2, ,2, ,2, ,2, ,2, ,5,1, ,2,2,2,2,2,2,10,7,3, , , , , , , , , , , , ,1,355.262371511424
2025,01,18338,1,0043,1,1,202501183381004311,1,1,1,1,2, ,2,74,1,12,8,1950,2,2,2,2,2,2,2,2,2,2,2,2,2,2,2,1,2, , , , , , , , , , , , , , , , , , , , , , , , , , , , , , , , , ,2,5,2,2,6, , ,1,5,2, ,2, ,2, ,2, ,1,5,2, ,2, ,2, ,2, ,2, ,2, ,2, ,4,5, ,2,2,2,2,2,2,10,7,4, , , , , , , , , , , , ,1,312.399191732795
2025,01,18338,1,0044,1,1,202501183381004411,1,1,1,1,2, ,1,48,1,8,2,1976,2,2,2,2,2,2,2,2,2,2,2,2,2,2,2,1,2, , , , , , , , , , , , , , , , , , , , , , , , , , , , , , , , , ,1,5,1,1,13,5,2,1,6,2, ,2, ,2, ,2, ,2, ,2, ,2, ,2, ,1,5,2, ,2, ,2, ,6,5, ,2,2,2,2,2,2,10,7,2, , , , , , , , , , , , ,1,346.503639741804
2025,01,18411,1,0056,1,1,202501184111005611,1,1,1,1,2, ,2,70,1,8,5,1954,2,2,2,2,2,2,2,2,2,2,2,2,2,2,2,1,2, , , , , , , , , , , , , , , , , , , , , , , , , , , , , , , , , ,2,7,2,2,7, , ,1,5,2, ,2, ,2, ,2, ,1,5,2, ,2, ,2, ,2, ,2, ,2, ,2, ,6,5, ,2,2,2,2,2,2,10,6,4, , , , , , , , , , , , ,1,326.591133054201
2025,01,18411,1,0056,1,1,202501184111005612,1,2,2,1,2, ,1,63,2,12,6,1961,1, , , , , , , , , , , , , , ,2, ,5414,8010,3,4,1, ,5,1200,12,12,12,12,0,12,12,72, ,72,1, ,2, ,2,2,4,1500, , , , , , , , , , , , , , ,1,1,1,1,2, ,2, ,2, ,2, ,2, ,2, ,2, ,1,1,2, ,2, ,2, ,6,5, ,2,2,2,2,2,2,10,5,1,1500, , , , , , , ,375,1500,1500,1875,1,362.244907494749
2025,01,18411,1,0056,1,1,202501184111005614,1,3,3,1,2, ,2,17,3,14,9,2007,2,2,2,2,2,2,2,2,2,2,2,2,2,2,2,3,2, , , , , , , , , , , , , , , , , , , , , , , , , , , , , , , , , ,1,4,1,1,12, ,2,2,1,1,4,2, ,2, ,2, ,2, ,2, ,2, ,2, ,2, ,2, ,2, ,2, ,6,5, ,2,2,2,2,2,2,10,7,2, , , , , , , , , , , , ,1,388.153214762262
2025,01,17924,2,0025,1,1,202501179242002511,1,1,1,1,2, ,1,31,1,14,5,1993,2,2,2,2,2,2,2,2,2,2,2,2,2,2,2,1,2, , , , , , , , , , , , , , , , , , , , , , , , , , , , , , , , , ,2,8,2,2,11, , ,1,3,1,2,2, ,1,2,2, ,2, ,2, ,2, ,2, ,1,5,2, ,2, ,2, ,11,5, ,2,2,2,2,2,2,10,7,4, , , , , , , , , , , , ,1,568.378426138578
2025,01,17596,1,0063,1,1,202501175961006311,1,1,1,1,2, ,2,60,1,19,8,1964,2,2,2,2,2,2,2,2,2,2,2,2,2,2,2,1,2, , , , , , , , , , , , , , , , , , , , , , , , , , , , , , , , , ,2,5,2,2,7, , ,1,5,2, ,2, ,2, ,2, ,1,5,2, ,2, ,2, ,2, ,2, ,2, ,2, ,6,5, ,2,2,2,2,2,2,10,7,4, , , , , , , , , , , , ,1,312.100930614217
2025,01,17596,1,0065,1,1,202501175961006511,1,1,1,1,2, ,1,28,1,19,3,1996,2,1, , , , , , , , , , , , , ,1, ,4110,8510,3,5,1, ,1,20,0,0,0,0,0,0,0,0, ,40,2,40,2, ,2,2,4,1500, , , , , , , , , , , , , , ,1,1,1,1,2, ,2, ,2, ,2, ,2, ,2, ,2, ,2, ,1,1,2, ,2, ,8,1, ,2,2,2,2,2,2,10,7,1,1500, , , , , , , ,313,1500,1500,1813,1,414.941985901971
2025,01,17596,1,0065,1,1,202501175961006512,1,2,2,1,2, ,2,29,1,18,4,1995,1, , , , , , , , , , , , , , ,2, ,4120,8510,3,5,2,1,1,20,0,5,5,5,5,5,0,25, ,35,2,35,2, ,2,2,4,1400, , , , , , , , , , , , , , ,1,1,1,1,2, ,2, ,2, ,2, ,2, ,2, ,2, ,1,1,2, ,2, ,2, ,9,5, ,2,2,2,2,2,2,10,7,1,1400, , , , , , , ,351,1400,1400,1751,1,391.044222459637
2025,01,1777902,1,0021,1,1,20250117779021002111,1,1,1,1,2, ,2,40,1,23,5,1984,2,2,2,2,2,2,2,2,2,2,2,2,2,2,2,1,2, , , , , , , , , , , , , , , , , , , , , , , , , , , , , , , , , ,2,5,1,2,6, , ,1,1,1,4,2, ,2, ,2, ,2, ,2, ,2, ,2, ,1,5,2, ,2, ,2, ,9,3, ,2,2,2,2,2,2,10,7,4, , , , , , , , , , , , ,1,346.157087787414
2025,01,1777902,1,0021,1,1,20250117779021002112,1,2,3,1,2, ,1,15,2,19,3,2009,2,2,2,2,2,2,2,2,2,2,2,2,2,2,2,2,2, , , , , , , , , , , , , , , , , , , , , , , , , , , , , , , , , ,2,4,1,1,3, , ,2,1,1,4,2, ,2, ,2, ,2, ,2, ,2, ,2, ,2, ,2, ,2, ,2, ,5,4, ,2,2,2,2,2,2,10,7,4, , , , , , , , , , , , ,1,294.003498511973
2025,01,1866501,1,0074,1,1,20250118665011007411,1,1,1,1,2, ,1,20,1,26,9,2004,1, , , , , , , , , , , , , , ,1, ,9412,5610,3,5,2,1,1,13,11,11,11,0,11,11,11,66, ,66,1, ,2, ,2,2,2,350,72, , , , , , , , , , , , , ,1,5,2, ,2, ,2, ,2, ,1,5,2, ,2, ,2, ,2, ,2, ,2, ,2, ,6,5, ,2,2,2,2,2,2,10,9,1,1516,312, , , , , , , ,1828,1828,1828,1,685.842008889509
2025,01,1866501,1,0074,1,1,20250118665011007412,1,2,7,1,2, ,1,17,2,25,6,2007,1, , , , , , , , , , , , , , ,2, ,9412,5610,3,5,2,1,1,14,11,11,0,11,11,11,11,66, ,66,1, ,2, ,2,2,4,1300,60, , , , , , , , , , , , , ,1,5,2, ,2, ,2, ,2, ,1,5,2, ,2, ,2, ,2, ,2, ,2, ,2, ,6,5, ,2,2,2,2,2,2,10,9,1,1300,260, , , , , , , ,1560,1560,1560,1,685.842008889509
2025,01,1866501,1,0074,1,1,20250118665011007413,1,3,7,1,2, ,1,16,3,2,9,2008,1, , , , , , , , , , , , , , ,3, ,5131,5610,3,5,2,1,1,14,11,11,11,11,0,11,11,66, ,66,1, ,2, ,2,2,4,1200,72, , , , , , , , , , , , , ,1,5,2, ,2, ,2, ,2, ,1,5,2, ,2, ,2, ,2, ,2, ,2, ,2, ,5,4, ,2,2,2,2,2,2,10,6,1,1200,312, , , , , , , ,1512,1512,1512,1,685.842008889509
2025,01,29529,1,0044,1,1,202501295291004411,1,1,1,1,2, ,2,87,2,18,1,1937,2,2,2,2,2,2,2,2,2,2,2,2,2,2,2,1,2, , , , , , , , , , , , , , , , , , , , , , , , , , , , , , , , , ,2,7,2,2,7, , ,1,1,1,4,2, ,2, ,2, ,2, ,2, ,2, ,2, ,2, ,2, ,2, ,2, ,4,5, ,2,2,2,2,2,2,10,7,4, , , , , , , , , , , , ,1,759.475139869443
2025,01,29529,1,0044,1,1,202501295291004412,1,2,3,1,2, ,2,67,2,19,9,1957,2,2,2,2,2,2,2,2,2,2,2,2,2,2,2,2,2, , , , , , , , , , , , , , , , , , , , , , , , , , , , , , , , , ,2,5,1,2,6, , ,1,1,1,3,2, ,2, ,2, ,2, ,2, ,2, ,2, ,1,3,2, ,2, ,2, ,6,5, ,2,2,2,2,2,2,10,7,4, , , , , , , , , , , , ,1,759.475139869443
2025,01,29529,1,0044,1,1,202501295291004413,1,3,3,1,2, ,1,62,3,22,11,1962,1, , , , , , , , , , , , , , ,3, ,4417,1071,3,5,2,1,1,8,0,8,8,8,8,8,0,40, ,40,1, ,2, ,2,2,4,1200,10, , , , , , , , , , , , , ,1,1,1,1,2, ,2, ,2, ,2, ,2, ,2, ,2, ,1,1,2, ,2, ,2, ,10,4, ,2,2,2,2,2,2,10,7,1,1200,300, , , , , , ,300,1500,1500,1800,1,842.386623340781
2025,01,25842,1,0114,1,1,202501258421011411,1,1,1,1,2, ,2,80,2,23,3,1944,2,2,2,2,2,2,2,2,2,2,2,2,2,2,2,1,2, , , , , , , , , , , , , , , , , , , , , , , , , , , , , , , , , ,2,5,2,2,11, , ,1,1,1,3,2, ,2, ,2, ,2, ,2, ,2, ,2, ,2, ,1,3,2, ,2, ,4,5, ,1,2,2,2,2,2,10,7,4, , , , , , , , , , , , ,1,998.526854167201
2025,01,25842,1,0114,1,1,202501258421011412,1,2,3,1,2, ,2,49,2,4,7,1975,1, , , , , , , , , , , , , , ,2, ,4120,9329,3,5,1, ,1,5,0,8,8,8,8,8,0,40, ,40,1, ,2, ,2,2,4,1800, , , , , , , , , , , , , , ,1,5,2, ,2, ,2, ,2, ,1,5,2, ,2, ,2, ,2, ,1,5,2, ,2, ,9,3, ,2,2,2,2,2,2,10,7,1,1800, , , , , , , ,42,1800,1800,1842,1,998.526854167201
2025,01,25842,1,0114,1,1,202501258421011413,1,3,5,1,2, ,1,20,3,11,6,2004,2,2,2,2,2,2,2,2,2,2,2,2,2,2,2,3,2, , , , , , , , , , , , , , , , , , , , , , , , , , , , , , , , , ,2,4,1,2,5, , ,1,5,2, ,2, ,2, ,2, ,1,5,2, ,2, ,2, ,2, ,2, ,2, ,2, ,10,1, ,2,2,2,2,2,2,10,7,4, , , , , , , , , , , , ,1,1062.60004296926
2025,01,20600,1,0228,1,1,202501206001022811,1,1,1,1,2, ,1,57,1,22,6,1967,2,2,2,2,2,2,2,2,2,2,2,2,2,2,2,1,2, , , , , , , , , , , , , , , , , , , , , , , , , , , , , , , , , ,2,5,1,1,13,1,1,1,5,2, ,2, ,2, ,2, ,1,5,2, ,2, ,2, ,2, ,2, ,2, ,2, ,12,2, ,2,2,2,2,2,2,10,7,2, , , , , , , , , , , , ,1,931.18991279533
2025,01,20600,1,0228,1,1,202501206001022812,1,2,2,1,2, ,2,33,2,2,2,1991,2,2,2,2,2,2,2,2,2,2,2,2,2,2,2,2,2, , , , , , , , , , , , , , , , , , , , , , , , , , , , , , , , , ,2,5,2,2,6, , ,1,5,2, ,2, ,2, ,2, ,1,5,2, ,2, ,2, ,2, ,2, ,2, ,2, ,10,4, ,2,2,2,2,2,2,10,7,4, , , , , , , , , , , , ,1,1051.8920518193
2025,01,20600,1,0228,1,1,202501206001022816,1,6,11,1,2, ,2,67,2,30,8,1957,1, , , , , , , , , , , , , , ,6, ,2131,8412,3,2, , ,5,3000,0,8,8,8,8,8,0,40, ,40,1, ,2, ,2,2,4,6000, , , , , , , , , , , , , , ,1,1,1,1,2, ,2, ,2, ,2, ,2, ,2, ,2, ,1,1,2, ,2, ,2, ,11,5, ,2,2,2,2,2,2,10,7,1,6000, , , , , , , ,50,6000,6000,6050,1,839.538009827999
2025,01,20600,1,0228,1,1,202501206001022817,1,7,11,1,2, ,2,66,7,19,10,1958,2,2,2,2,2,2,2,2,2,2,2,2,2,2,2,7,2, , , , , , , , , , , , , , , , , , , , , , , , , , , , , , , , , ,2,7,1,2,7, , ,1,5,2, ,2, ,2, ,2, ,1,5,2, ,2, ,2, ,2, ,2, ,2, ,2, ,10,1, ,2,2,2,2,2,2,10,7,4, , , , , , , , , , , , ,1,839.538009827999
2025,01,20600,1,0233,1,1,202501206001023311,1,1,1,1,2, ,1,76,4,30,11,1948,2,2,2,2,2,2,2,2,2,2,2,2,2,2,2,1,2, , , , , , , , , , , , , , , , , , , , , , , , , , , , , , , , , ,2,6,2,2,3, , ,1,1,1,3,2, ,2, ,2, ,2, ,2, ,2, ,2, ,2, ,1,3,2, ,2, ,4,5, ,2,2,2,2,2,2,10,7,4, , , , , , , , , , , , ,1,931.18991279533
2025,01,20600,1,0233,1,1,202501206001023312,1,2,3,1,2, ,2,50,4,1,8,1974,1, , , , , , , , , , , , , , ,2, ,4416,1520,3,5,1, ,1,20,0,8,8,8,8,8,8,48, ,48,1, ,2, ,2,2,4,1800, , , , , , , , , , , , , , ,1,1,1,1,2, ,2, ,2, ,2, ,2, ,2, ,2, ,2, ,1,1,2, ,2, ,6,5, ,2,2,2,2,2,2,10,7,1,1800, , , , , , , ,533,1800,1800,2333,1,839.538009827999
2025,01,20600,1,0233,1,1,202501206001023313,1,3,5,1,2, ,1,25,3,20,11,1999,1, , , , , , , , , , , , , , ,3, ,4416,4390,3,5,1, ,3,75,0,8,8,8,8,8,6,46, ,46,1, ,2, ,2,2,4,2600, , , , , , , , , , , , , , ,2,1,1,1,2, ,2, ,2, ,2, ,2, ,2, ,2, ,1,1,2, ,2, ,2, ,11,5, ,2,2,2,2,2,2,10,7,1,2600, , , , , , , ,466,2600,2600,3066,1,1116.17600227159
2025,01,20600,1,0233,1,1,202501206001023314,1,4,5,1,2, ,2,23,4,7,11,2001,2,2,2,2,2,2,2,2,2,2,2,2,2,2,2,4,2, , , , , , , , , , , , , , , , , , , , , , , , , , , , , , , , , ,2,4,2,2,5, , ,1,6,2, ,2, ,2, ,2, ,2, ,2, ,2, ,2, ,2, ,2, ,2, ,2, ,10,4, ,2,2,2,2,2,2,10,7,4, , , , , , , , , , , , ,1,997.790033006708
2025,01,2671502,1,0005,1,1,20250126715021000511,1,1,1,1,2, ,1,55,1,7,4,1969,1, , , , , , , , , , , , , , ,1, ,2611,6910,3,5,1, ,1,12,0,8,6,0,8,8,0,30, ,48,2,48,2, ,2,2,4,20000, , , , , , , , , , , , , , ,1,1,1,1,2, ,2, ,2, ,2, ,2, ,2, ,2, ,1,1,2, ,2, ,2, ,12,2, ,2,2,2,2,2,2,10,8,1,20000, , , , , , , ,5001,20000,20000,25001,1,1241.25252490751
2025,01,2671502,1,0005,1,1,20250126715021000512,1,2,2,1,2, ,2,56,2,22,3,1968,1, , , , , , , , , , , , , , ,2, ,2611,6910,3,5,1, ,4,300,0,8,0,0,8,8,0,24, ,40,2,40,2, ,2,2,4,20000, , , , , , , , , , , , , , ,1,1,1,1,2, ,2, ,2, ,2, ,2, ,2, ,2, ,1,1,2, ,2, ,2, ,12,2, ,2,2,2,2,2,2,10,7,1,20000, , , , , , , ,3501,20000,20000,23501,1,1119.08286390971
2025,01,2671502,1,0006,1,1,20250126715021000611,1,1,1,1,2, ,2,81,1,12,2,1943,2,2,2,2,2,2,2,2,2,2,2,2,2,2,2,1,2, , , , , , , , , , , , , , , , , , , , , , , , , , , , , , , , , ,2,5,2,2,3, , ,1,3,1,4,1,4,2, ,2, ,2, ,2, ,2, ,2, ,2, ,1,5,2, ,2, ,6,5, ,2,2,2,2,2,2,10,7,4, , , , , , , , , , , , ,1,1119.08286390971
2025,01,2671502,1,0007,1,1,20250126715021000711,1,1,1,1,2, ,2,75,1,19,7,1949,2,2,2,2,2,2,2,2,2,2,2,2,2,2,2,1,2, , , , , , , , , , , , , , , , , , , , , , , , , , , , , , , , , ,2,5,1,1,3, , ,1,1,1,3,2, ,2, ,2, ,2, ,2, ,2, ,2, ,1,3,2, ,2, ,2, ,11,5, ,2,2,2,2,2,2,10,6,4, , , , , , , , , , , , ,1,1119.08286390971
2025,01,2671502,1,0007,1,1,20250126715021000712,1,2,3,1,2, ,1,40,1,22,12,1984,1, , , , , , , , , , , , , , ,2, ,4419,8530,3,2, , ,5,600,0,8,5,0,8,8,0,29, ,40,2,40,2, ,2,2,4,1300, , , , , , , , , , , , , , ,1,1,1,1,2, ,2, ,2, ,2, ,2, ,2, ,2, ,2, ,1,1,2, ,2, ,5,2, ,2,2,2,2,2,1,10,7,1,1300, , , , , , , ,50,1300,1300,1350,1,1487.83428817629
2025,01,2671502,1,0008,1,1,20250126715021000811,1,1,1,1,2, ,2,78,1,1,11,1946,2,2,2,2,2,2,2,2,2,2,2,2,2,2,2,1,2, , , , , , , , , , , , , , , , , , , , , , , , , , , , , , , , , ,2,6,2,2,3, , ,1,3,1,3,1,4,2, ,2, ,2, ,2, ,2, ,2, ,2, ,1,3,2, ,2, ,6,5, ,2,2,2,2,2,2,10,6,4, , , , , , , , , , , , ,1,1119.08286390971
2025,01,49619,1,0007,1,1,202501496191000711,1,1,1,1,2, ,1,38,1,14,3,1986,1, , , , , , , , , , , , , , ,1, ,8156,1520,3,5,1, ,2,30,0,11,11,11,11,11,4,59, ,59,1, ,2, ,2,2,2,400, , , , , , , , , , , , , , ,1,6,2, ,2, ,2, ,2, ,2, ,2, ,2, ,2, ,1,5,2, ,2, ,2, ,6,5, ,2,2,2,2,2,2,10,7,1,1732, , , , , , , , ,1732,1732,1732,1,855.297222023809
2025,01,49619,1,0007,1,1,202501496191000712,1,2,2,1,2, ,2,35,2,12,11,1989,2,2,2,2,2,2,2,2,2,2,2,2,2,2,2,2,2, , , , , , , , , , , , , , , , , , , , , , , , , , , , , , , , , ,2,5,1,2,6, , ,1,5,2, ,2, ,2, ,2, ,1,5,2, ,2, ,2, ,2, ,2, ,2, ,2, ,6,5, ,2,2,2,2,2,2,10,7,4, , , , , , , , , , , , ,1,806.038069228315
2025,01,49619,1,0012,1,1,202501496191001211,1,1,1,1,2, ,2,25,1,14,1,2000,1, , , , , , , , , , , , , , ,1, ,7513,1071,3,5,2,2,1,4,0,7,7,7,7,7,0,35, ,35,1, ,2, ,2,2,2,250,5, , , , , , , , , , , , , ,1,5,2, ,2, ,2, ,2, ,1,5,2, ,2, ,2, ,2, ,2, ,2, ,2, ,6,5, ,2,2,2,2,2,2,10,1,1,1083,150, , , , , , , ,1233,1233,1233,1,806.038069228315
2025,01,49619,1,0012,1,1,202501496191001212,1,2,2,1,2, ,1,31,2,4,2,1993,1, , , , , , , , , , , , , , ,2, ,9313,4100,3,5,3,2,1,3,0,8,8,8,8,8,5,45, ,45,1, ,1,1,1,1,2,350, , , , , , , , , , , , , , ,1,5,2, ,2, ,2, ,2, ,1,5,2, ,2, ,2, ,2, ,2, ,2, ,2, ,9,3, ,2,2,2,2,2,2,1,1,1,1516, , , , , , , , ,1516,1516,1516,1,855.297222023809
2025,01,49773,1,0014,1,1,202501497731001411,1,1,1,1,2, ,2,28,1,26,6,1996,2,2,2,2,2,2,2,2,2,2,2,2,2,2,2,1,2, , , , , , , , , , , , , , , , , , , , , , , , , , , , , , , , , ,2,5,1,2,6, , ,1,5,2, ,2, ,2, ,2, ,1,5,2, ,2, ,2, ,1,5,2, ,2, ,2, ,6,5, ,2,2,2,2,2,2,10,7,4, , , , , , , , , , , , ,1,570.301957907772
2025,01,49773,1,0014,1,1,202501497731001412,1,2,2,1,2, ,1,25,1,22,7,1999,2,2,2,2,2,2,2,2,2,2,2,2,2,2,2,2,2, , , , , , , , , , , , , , , , , , , , , , , , , , , , , , , , , ,2,7,2,2,7, , ,1,6,2, ,2, ,2, ,2, ,2, ,2, ,2, ,2, ,2, ,1,5,2, ,2, ,6,5, ,2,2,2,2,2,2,10,7,4, , , , , , , , , , , , ,1,605.154643353564
2025,01,1980901,1,0006,1,1,20250119809011000611,1,1,1,1,2, ,1,41,1,25,6,1983,2,1, , , , , , , , , , , , , ,1, ,9321,2392,3,5,1, ,5,1000,0,0,0,0,0,0,0,0, ,48,2,48,2, ,2,2,2,500,312, , , , , , , , , , , , , ,1,1,1,1,2, ,2, ,2, ,2, ,2, ,2, ,2, ,1,1,2, ,2, ,2, ,6,5, ,2,2,2,2,2,2,10,5,1,2165,312, , , , , , ,324,2477,2477,2801,1,1104.04673904345
2025,01,1980901,1,0006,1,1,20250119809011000612,1,2,2,1,2, ,2,38,2,3,9,1986,2,2,2,2,2,2,2,2,2,2,2,2,2,2,2,2,2, , , , , , , , , , , , , , , , , , , , , , , , , , , , , , , , , ,2,5,2,2,6, , ,1,1,1,4,2, ,2, ,2, ,2, ,2, ,2, ,2, ,1,5,2, ,2, ,2, ,6,5, ,2,2,2,2,2,2,10,7,4, , , , , , , , , , , , ,1,1040.46134953029
2025,01,1980901,1,0006,1,1,20250119809011000613,1,3,3,1,2, ,1,16,3,6,4,2008,2,2,2,2,2,2,2,2,2,2,2,2,2,2,2,3,2, , , , , , , , , , , , , , , , , , , , , , , , , , , , , , , , , ,2,4,2,2,3, , ,2,1,1,4,2, ,2, ,2, ,2, ,2, ,2, ,2, ,2, ,2, ,2, ,2, ,5,4, ,2,2,2,2,2,2,10,7,4, , , , , , , , , , , , ,1,883.700746339351
2025,01,1980901,1,0007,1,1,20250119809011000711,1,1,1,1,2, ,1,19,1,2,4,2005,1, , , , , , , , , , , , , , ,1, ,8131,2022,3,5,2,2,1,3,0,8,8,8,8,8,8,48, ,48,1, ,2, ,2,2,1,60, , , , , , , , , , , , , , ,1,6,2, ,2, ,2, ,2, ,2, ,2, ,2, ,2, ,2, ,2, ,2, ,2, ,5,2, ,2,2,2,2,2,2,10,7,1,1800, , , , , , , , ,1800,1800,1800,1,883.700746339351
2025,01,1980901,1,0008,1,1,20250119809011000811,1,1,1,1,2, ,2,25,1,9,9,1999,1, , , , , , , , , , , , , , ,1, ,9412,5630,3,5,2,2,1,3,0,8,8,8,8,8,8,48, ,48,1, ,2, ,2,2,2,300, , , , , , , , , , , , , , ,1,6,2, ,2, ,2, ,2, ,2, ,2, ,2, ,2, ,2, ,2, ,2, ,2, ,5,2, ,2,2,2,2,2,2,10,7,1,1299, , , , , , , , ,1299,1299,1299,1,1040.46134953029
2025,01,1980901,1,0008,1,1,20250119809011000812,1,2,2,1,2, ,1,28,2,9,9,1996,1, , , , , , , , , , , , , , ,2, ,9333,2392,3,5,1, ,3,100,0,8,8,8,8,8,8,48, ,48,1, ,2, ,2,2,2,350, , , , , , , , , , , , , , ,1,6,2, ,2, ,2, ,2, ,2, ,2, ,2, ,2, ,2, ,2, ,2, ,2, ,5,2, ,2,2,2,2,2,2,10,7,1,1516, , , , , , , , ,1516,1516,1516,1,1104.04673904345
2025,01,1980901,1,0008,1,1,20250119809011000814,1,4,6,1,2, ,1,42,4,31,8,1982,2,2,2,2,2,2,2,2,2,2,2,2,2,2,2,4,2, , , , , , , , , , , , , , , , , , , , , , , , , , , , , , , , , ,2,5,1,1,5, , ,1,6,2, ,2, ,2, ,2, ,2, ,2, ,2, ,2, ,2, ,2, ,2, ,2, ,5,2, ,2,2,2,2,2,2,10,7,4, , , , , , , , , , , , ,1,1104.04673904345
2025,01,1980901,1,0009,1,1,20250119809011000911,1,1,1,1,2, ,2,25,1,7,6,1999,1, , , , , , , , , , , , , , ,1, ,9412,5630,3,5,2,2,1,3,4,4,0,0,0,0,0,8, ,48,2,48,2, ,2,1,2,240, , , , , , , , , , , , , , ,1,6,2, ,2, ,2, ,2, ,2, ,2, ,2, ,2, ,2, ,2, ,2, ,2, ,6,5, ,2,2,2,2,2,2,10,7,1,1039, , , , , , , , ,1039,1039,1039,1,1040.46134953029
2025,01,1980901,1,0009,1,1,20250119809011000912,1,2,7,1,2, ,2,18,2,21,6,2006,1, , , , , , , , , , , , , , ,2, ,5212,4781,3,5,2,2,1,2,0,11,11,11,11,11,11,66, ,66,1, ,2, ,2,2,2,240, , , , , , , , , , , , , , ,2,5,2, ,2, ,2, ,2, ,1,5,2, ,2, ,2, ,2, ,2, ,2, ,2, ,5,3, ,2,2,2,2,2,2,10,7,1,1039, , , , , , , , ,1039,1039,1039,1,986.94724662524
2025,01,2442402,1,0076,1,1,20250124424021007611,1,1,1,1,2, ,1,42,1,3,5,1982,1, , , , , , , , , , , , , , ,1, ,4321,4649,3,5,1, ,4,200,9,9,9,9,9,9,0,54, ,54,1, ,1,1,1,2,4,1130,10, , , , , , , , , , , , , ,1,1,1,1,2, ,2, ,2, ,2, ,2, ,2, ,2, ,1,1,2, ,2, ,2, ,8,1, ,2,2,2,2,2,2,2,2,1,1130,300, , , , , , ,33,1430,1430,1463,1,1076.99588142996
2025,01,2442402,1,0076,1,1,20250124424021007612,1,2,2,1,2, ,2,37,2,16,3,1987,2,2,2,2,2,2,2,2,2,2,2,2,2,2,2,2,2, , , , , , , , , , , , , , , , , , , , , , , , , , , , , , , , , ,2,5,1,2,6, , ,1,6,2, ,2, ,2, ,2, ,2, ,2, ,2, ,2, ,2, ,2, ,2, ,2, ,3, ,5,2,2,2,2,2,2,10,9,4, , , , , , , , , , , , ,1,1014.96843258833
2025,01,2442402,1,0076,1,1,20250124424021007613,1,3,3,1,2, ,1,18,3,6,5,2006,2,2,2,2,2,2,2,2,2,2,2,2,2,2,2,3,2, , , , , , , , , , , , , , , , , , , , , , , , , , , , , , , , , ,2,5,1,2,11, , ,1,6,2, ,2, ,2, ,2, ,2, ,2, ,2, ,2, ,2, ,2, ,2, ,2, ,6,5, ,2,2,2,2,2,2,10,7,4, , , , , , , , , , , , ,1,862.048707329781
2025,01,27198,1,0066,1,1,202501271981006611,1,1,1,1,2, ,2,72,2,22,5,1952,2,2,2,2,2,2,2,2,2,2,2,2,2,2,2,1,2, , , , , , , , , , , , , , , , , , , , , , , , , , , , , , , , , ,2,7,2,2,7, , ,1,5,2, ,2, ,2, ,2, ,1,5,2, ,2, ,2, ,2, ,2, ,2, ,2, ,6,5, ,2,2,2,2,2,2,10,9,4, , , , , , , , , , , , ,1,663.177571402521
2025,01,27198,1,0066,1,1,202501271981006612,1,2,11,2, ,1,1,51,2,8,9,1973,2,2,2,2,2,2,2,2,2,2,2,2,2,2,2,2,2, , , , , , , , , , , , , , , , , , , , , , , , , , , , , , , , , ,2,5,2,2,6, , ,1,5,2, ,2, ,2, ,2, ,1,5,2, ,2, ,2, ,2, ,2, ,2, ,2, ,6,5, ,2,2,2,2,2,2,10,7,4, , , , , , , , , , , , ,1,735.576302267305
2025,01,28896,1,0025,1,1,202501288961002511,1,1,1,1,2, ,1,42,1,16,11,1982,1, , , , , , , , , , , , , , ,1, ,4419,8423,3,2, , ,5,9998,0,8,8,8,8,8,0,40, ,40,1, ,2, ,2,2,4,2000, , , , , , , , , , , , , , ,1,1,1,1,2, ,2, ,2, ,2, ,2, ,2, ,2, ,2, ,1,1,2, ,2, ,11,5, ,2,2,2,2,2,2,10,7,1,2000, , , , , , , ,50,2000,2000,2050,1,1299.39039015246
2025,01,28896,1,0025,1,1,202501288961002512,1,2,2,1,2, ,2,48,1,27,12,1976,2,2,2,2,2,2,2,2,2,2,2,2,2,2,2,2,2, , , , , , , , , , , , , , , , , , , , , , , , , , , , , , , , , ,2,5,1,1,6, , ,1,1,1,4,2, ,2, ,2, ,2, ,2, ,2, ,2, ,2, ,2, ,2, ,2, ,11,5, ,2,2,2,2,2,2,10,6,4, , , , , , , , , , , , ,1,977.343734248093
2025,01,28896,1,0025,1,1,202501288961002514,1,4,6,1,2, ,1,71,4,12,12,1953,2,2,2,2,2,2,2,2,2,2,2,2,2,2,2,4,2, , , , , , , , , , , , , , , , , , , , , , , , , , , , , , , , , ,2,5,1,2,7, , ,1,5,2, ,2, ,2, ,2, ,1,5,2, ,2, ,2, ,2, ,1,5,2, ,2, ,5,3, ,2,2,2,2,2,2,10,1,4, , , , , , , , , , , , ,1,1084.03981238681
2025,01,28896,1,0027,1,1,202501288961002711,1,1,1,1,2, ,2,60,1,21,1,1964,1, , , , , , , , , , , , , , ,1, ,5321,8610,3,2, , ,5,9998,0,6,12,12,0,6,0,36, ,36,1, ,2, ,2,2,4,3000, , , , , , , , , , , , , , ,2,1,1,1,2, ,2, ,2, ,2, ,2, ,2, ,2, ,1,1,2, ,2, ,2, ,10,5, ,2,2,2,2,2,2,10,7,1,3000, , , , , , , ,50,3000,3000,3050,1,977.343734248093
2025,01,28896,1,0027,1,1,202501288961002712,1,2,3,1,2, ,1,34,2,13,12,1990,1, , , , , , , , , , , , , , ,2, ,4417,8422,3,2, , ,5,9998,0,8,8,8,8,8,0,40, ,40,1, ,2, ,2,2,4,2300, , , , , , , , , , , , , , ,1,1,1,1,2, ,2, ,2, ,2, ,2, ,2, ,2, ,1,1,2, ,2, ,2, ,10,3, ,2,2,2,2,2,2,10,9,1,2300, , , , , , , ,50,2300,2300,2350,1,1299.39039015246
2025,01,28896,1,0028,1,1,202501288961002811,1,1,1,1,2, ,1,85,1,1,4,1939,2,2,2,2,2,2,2,2,2,2,2,2,2,2,2,1,2, , , , , , , , , , , , , , , , , , , , , , , , , , , , , , , , , ,2,6,2,2,3, , ,1,4,2, ,2, ,2, ,1,3,2, ,2, ,2, ,2, ,2, ,2, ,2, ,1,3,6,5, ,2,2,2,2,2,2,1,1,4, , , , , , , , , , , , ,1,1084.03981238681
2025,01,28896,1,0028,1,1,202501288961002812,1,2,2,1,2, ,2,90,2,3,7,1934,2,2,2,2,2,2,2,2,2,2,2,2,2,2,2,2,2, , , , , , , , , , , , , , , , , , , , , , , , , , , , , , , , , ,2,7,2,2,3, , ,1,4,2, ,2, ,2, ,1,4,2, ,2, ,2, ,2, ,2, ,2, ,2, ,2, ,3,3, ,2,2,2,2,2,2,1,7,4, , , , , , , , , , , , ,1,977.343734248093
2025,01,28896,1,0028,1,1,202501288961002813,1,3,3,1,2, ,2,57,3,20,5,1967,1, , , , , , , , , , , , , , ,3, ,2342,8510,3,2, , ,5,9998,0,6,6,0,0,0,0,12, ,30,2,30,2, ,2,2,4,3500, , , , , , , , , , , , , , ,2,1,1,1,2, ,2, ,2, ,2, ,2, ,2, ,2, ,1,1,2, ,2, ,2, ,12,2, ,2,2,2,2,2,2,10,7,1,3500, , , , , , , ,50,3500,3500,3550,1,977.343734248093
2025,01,29292,1,0031,1,1,202501292921003111,1,1,1,1,2, ,1,27,1,24,4,1997,1, , , , , , , , , , , , , , ,1, ,2421,610,3,3, , ,5,9998,0,0,0,0,8,8,0,16, ,48,2,48,2, ,2,2,4,5400, , , , , , , , , , , , , , ,1,1,1,1,2, ,2, ,2, ,2, ,2, ,2, ,2, ,1,1,2, ,2, ,2, ,11,5, ,2,2,2,2,2,2,10,7,1,5400, , , , , , , ,1350,5400,5400,6750,1,1319.29149816914
2025,01,29292,1,0031,1,1,202501292921003112,1,2,6,1,2, ,2,67,2,14,10,1957,2,2,2,2,2,2,2,2,2,2,2,2,2,2,2,2,2, , , , , , , , , , , , , , , , , , , , , , , , , , , , , , , , , ,2,5,2,2,3, , ,1,1,1,4,2, ,2, ,2, ,2, ,2, ,2, ,2, ,2, ,2, ,2, ,2, ,5,1, ,2,1,2,2,2,2,10,7,4, , , , , , , , , , , , ,1,992.31246371701
2025,01,29292,1,0032,1,1,202501292921003211,1,1,1,1,2, ,1,55,1,9,12,1969,1, , , , , , , , , , , , , , ,1, ,7221,2511,3,5,2,2,1,4,0,8,0,0,8,8,6,30, ,48,2,48,2, ,2,2,3,750, , , , , , , , , , , , , , ,1,1,1,5,2, ,2, ,2, ,2, ,2, ,2, ,2, ,1,5,2, ,2, ,2, ,6,5, ,2,1,2,2,2,2,10,7,1,1500, , , , , , , ,50,1500,1500,1550,1,1100.64266982227
2025,01,29292,1,0033,1,1,202501292921003311,1,1,1,1,2, ,2,53,1,9,8,1971,1, , , , , , , , , , , , , , ,1, ,3256,8423,3,2, , ,5,9998,0,8,8,0,8,8,8,40, ,48,2,48,2, ,2,2,4,1800, , , , , , , , , , , , , , ,2,1,1,1,2, ,2, ,2, ,2, ,2, ,2, ,2, ,1,1,2, ,2, ,2, ,9,3, ,2,2,2,2,2,2,10,7,1,1800, , , , , , , ,450,1800,1800,2250,1,992.31246371701
2025,01,47851,1,0086,1,1,202501478511008611,1,1,1,1,2, ,2,31,1,1,4,1993,2,2,2,2,2,2,2,2,2,2,2,2,2,2,2,1,2, , , , , , , , , , , , , , , , , , , , , , , , , , , , , , , , , ,1,5,1,1,13,7,1,1,5,2, ,2, ,2, ,2, ,1,5,2, ,2, ,2, ,2, ,2, ,2, ,2, ,6,5, ,2,2,2,2,2,2,10,7,2, , , , , , , , , , , , ,1,784.653385869264
2025,01,47851,1,0086,1,1,202501478511008612,1,2,2,1,2, ,1,41,2,28,4,1983,2,1, , , , , , , , , , , , , ,2, ,4321,2813,3,5,1, ,5,501,0,0,0,0,0,0,0,0, ,51,2,51,1,2,2,2,3,515,125, , , , , , , , , , , , , ,1,1,1,1,2, ,2, ,2, ,2, ,2, ,2, ,2, ,1,1,2, ,2, ,2, ,8,1, ,2,2,2,2,2,2,10,1,1,1030,542, , , , , , ,388,1572,1572,1960,1,832.605663189168
2025,01,1796302,1,0019,1,1,20231017963021001911,1,1,1,1,2, ,2,53,1,13,1,1972,2,2,2,2,2,2,2,2,2,2,2,2,2,2,2,1,2, , , , , , , , , , , , , , , , , , , , , , , , , , , , , , , , , ,2,5,2,2,7, , ,1,6,2, ,2, ,2, ,2, ,2, ,2, ,2, ,2, ,2, ,2, ,2, ,2, ,6,5, ,2,2,2,2,2,2,10,8,4, , , , , , , , , , , , ,1,730.026531524391
2025,01,1796302,1,0024,1,1,20241017963021002411,1,1,1,1,2, ,1,47,1,8,2,1977,1, , , , , , , , , , , , , , ,1, ,7342,1394,3,5,1, ,1,15,0,8,8,8,8,8,8,48, ,48,1, ,2, ,2,2,2,300, , , , , , , , , , , , , , ,1,6,2, ,2, ,2, ,2, ,2, ,2, ,2, ,2, ,2, ,2, ,2, ,2, ,6,5, ,2,2,2,2,2,2,10,8,1,1299, , , , , , , , ,1299,1299,1299,1,809.72312661311
2025,01,18151,1,0100,1,1,202410181511010011,1,1,1,1,2, ,1,44,1,19,10,1980,1, , , , , , , , , , , , , , ,1, ,4321,5222,3,5,1, ,4,250,0,12,12,12,12,0,0,48, ,48,1, ,2, ,2,2,4,3500, , , , , , , , , , , , , , ,1,3,1,1,2, ,1,1,2, ,2, ,2, ,2, ,2, ,1,1,2, ,2, ,2, ,9,3, ,2,2,2,2,2,2,10,7,1,3500, , , , , , , ,876,3500,3500,4376,1,483.380348424738
2025,01,18151,1,0100,1,1,202410181511010012,1,2,2,1,2, ,2,40,2,22,6,1984,2,2,2,2,2,2,2,2,2,2,2,2,2,2,2,2,2, , , , , , , , , , , , , , , , , , , , , , , , , , , , , , , , , ,2,5,2,2,6, , ,1,3,1,4,2, ,1,4,2, ,2, ,2, ,2, ,2, ,1,5,2, ,2, ,2, ,6,5, ,2,2,2,2,2,2,10,7,4, , , , , , , , , , , , ,1,455.541012778293
2025,01,18151,1,0100,1,1,202410181511010013,1,3,3,1,2, ,2,20,3,29,10,2004,2,2,2,2,2,2,2,2,2,2,2,2,2,2,2,3,2, , , , , , , , , , , , , , , , , , , , , , , , , , , , , , , , , ,2,4,2,2,5, , ,1,3,1,4,2, ,1,4,2, ,2, ,2, ,2, ,2, ,2, ,2, ,2, ,2, ,10,4, ,2,2,2,2,2,2,10,7,4, , , , , , , , , , , , ,1,432.111148087699
2025,01,18227,1,0228,1,1,202410182271022811,1,1,1,1,2, ,2,36,1,4,7,1988,1, , , , , , , , , , , , , , ,1, ,9112,7830,3,4,1, ,3,80,0,8,8,8,8,8,8,48, ,48,1, ,2, ,2,2,4,1500, , , , , , , , , , , , , , ,1,1,1,1,2, ,2, ,2, ,2, ,2, ,2, ,2, ,1,1,2, ,2, ,2, ,8,1, ,2,2,2,2,2,2,10,7,1,1500, , , , , , , ,375,1500,1500,1875,1,408.728763231107
2025,01,18227,1,0228,1,1,202410182271022812,1,2,3,1,2, ,2,14,1,6,11,2010,2,2,2,2,2,2,2,2,2,2,2,2,2,2,2,2,2, , , , , , , , , , , , , , , , , , , , , , , , , , , , , , , , , ,2,5,2,2,3, , ,2,1,1,4,2, ,2, ,2, ,2, ,2, ,2, ,2, ,2, ,2, ,2, ,2, ,5,1, ,2,2,2,2,2,2,10,7,4, , , , , , , , , , , , ,1,387.706595415188
2025,01,1824401,1,0034,1,1,20240118244011003411,1,1,1,1,2, ,2,71,1,9,1,1954,2,2,2,2,2,2,2,2,2,2,2,2,2,2,2,1,2, , , , , , , , , , , , , , , , , , , , , , , , , , , , , , , , , ,2,5,2,2,3, , ,1,1,1,4,2, ,2, ,2, ,2, ,2, ,2, ,2, ,2, ,2, ,2, ,2, ,3,4, ,2,2,2,2,2,2,1,7,4, , , , , , , , , , , , ,1,403.659501057343
2025,01,1824401,1,0034,1,1,20240118244011003412,1,2,2,1,2, ,1,75,2,13,7,1949,2,2,2,2,2,2,2,2,2,2,2,2,2,2,2,2,2, , , , , , , , , , , , , , , , , , , , , , , , , , , , , , , , , ,2,6,2,2,7, , ,1,1,1,3,2, ,2, ,2, ,2, ,2, ,2, ,2, ,2, ,1,3,2, ,2, ,3,3, ,2,2,2,2,2,2,1,7,4, , , , , , , , , , , , ,1,447.726786861745
2025,01,18358,1,0103,1,1,202401183581010312,1,2,2,1,2, ,2,77,2,18,12,1947,2,2,2,2,2,2,2,2,2,2,2,2,2,2,2,2,2, , , , , , , , , , , , , , , , , , , , , , , , , , , , , , , , , ,2,5,1,1,7, , ,1,1,1,4,2, ,2, ,2, ,2, ,2, ,2, ,2, ,2, ,2, ,2, ,2, ,11,5, ,2,2,2,2,2,2,10,7,3, , , , , , , , , , , , ,1,342.452670944723
2025,01,18358,1,0103,1,1,202401183581010313,1,3,3,1,2, ,1,41,3,30,6,1983,2,2,2,2,2,2,2,2,2,2,2,2,2,2,2,3,2, , , , , , , , , , , , , , , , , , , , , , , , , , , , , , , , , ,2,3,1,1,9, , ,1,6,2, ,2, ,2, ,2, ,2, ,2, ,2, ,2, ,2, ,1,5,2, ,2, ,9,3, ,2,2,2,2,2,2,10,7,3, , , , , , , , , , , , ,1,455.294994089213
2025,01,18358,1,0103,1,1,202401183581010314,1,4,3,1,2, ,1,35,4,14,9,1989,1, , , , , , , , , , , , , , ,4, ,3513,8411,3,2, , ,5,9998,0,8,8,8,8,8,0,40, ,40,1, ,2, ,2,2,4,3000, , , , , , , , , , , , , , ,1,5,2, ,2, ,2, ,2, ,1,5,2, ,2, ,2, ,1,5,2, ,2, ,2, ,10,1, ,2,2,2,2,2,2,10,7,1,3000, , , , , , , , ,3000,3000,3000,1,455.294994089213
2025,01,18358,1,0105,1,1,202401183581010511,1,1,1,1,2, ,1,94,1,18,10,1930,2,2,2,2,2,2,2,2,2,2,2,2,2,2,2,1,2, , , , , , , , , , , , , , , , , , , , , , , , , , , , , , , , , ,2,6,2,2,3, , ,1,1,1,3,2, ,2, ,2, ,2, ,2, ,2, ,2, ,2, ,1,3,2, ,2, ,11,5, ,2,2,2,2,2,2,10,7,4, , , , , , , , , , , , ,1,379.83804075634
2025,01,18358,1,0105,1,1,202401183581010512,1,2,2,1,2, ,2,68,2,13,5,1956,1, , , , , , , , , , , , , , ,2, ,9412,5610,3,5,3,2,1,2,5,4,4,4,4,4,5,30, ,30,1, ,1,1,1,2,1,30,5, , , , , , , , , , , , , ,1,1,1,4,2, ,2, ,2, ,2, ,2, ,2, ,2, ,2, ,2, ,2, ,2, ,5,2, ,2,2,2,2,2,2,10,7,1,900,150, , , , , , , ,1050,1050,1050,1,342.452670944723
2025,01,18358,1,0105,1,1,202401183581010513,1,3,3,1,2, ,2,37,3,7,4,1987,1, , , , , , , , , , , , , , ,3, ,9112,8121,3,4,1, ,5,1000,0,8,8,8,8,8,8,48, ,48,1, ,2, ,2,2,4,1050, , , , , , , , , , , , , , ,1,1,1,1,2, ,2, ,2, ,2, ,2, ,2, ,2, ,2, ,1,1,2, ,2, ,5,1, ,2,2,2,2,2,2,10,7,1,1050, , , , , , , ,264,1050,1050,1314,1,429.073178908058
2025,01,18358,1,0106,1,1,202401183581010611,1,1,1,1,2, ,2,53,1,5,5,1971,2,2,2,2,2,2,2,2,2,2,2,2,2,2,2,1,2, , , , , , , , , , , , , , , , , , , , , , , , , , , , , , , , , ,2,5,1,2,6, , ,1,5,2, ,2, ,2, ,2, ,1,5,2, ,2, ,2, ,2, ,2, ,2, ,2, ,6,5, ,2,2,2,2,2,2,10,6,4, , , , , , , , , , , , ,1,342.452670944723
2025,01,18358,1,0106,1,1,202404183581010612,1,2,3,1,2, ,1,30,2,14,6,1994,1, , , , , , , , , , , , , , ,2, ,7212,3011,3,5,1, ,2,30,0,8,8,8,8,8,5,45, ,45,1, ,2, ,2,2,4,2500, , , , , , , , , , , , , , ,1,1,1,1,2, ,2, ,2, ,2, ,2, ,2, ,2, ,1,1,2, ,2, ,2, ,6,5, ,2,2,2,2,2,2,10,6,1,2500, , , , , , , ,116,2500,2500,2616,1,455.294994089213
2025,01,18358,1,0106,1,1,202404183581010616,1,3,4,1,2, ,2,28,3,22,2,1996,2,2,2,2,2,2,2,2,2,2,2,2,2,2,2,3,2, , , , , , , , , , , , , , , , , , , , , , , , , , , , , , , , , ,2,5,2,2,6, , ,1,5,2, ,2, ,2, ,2, ,1,5,2, ,2, ,2, ,1,5,2, ,2, ,2, ,6,5, ,2,2,2,2,2,2,10,6,4, , , , , , , , , , , , ,1,429.073178908058
2025,01,18358,1,0107,1,1,202401183581010711,1,1,1,1,2, ,1,78,1,21,1,1946,2,2,2,2,2,2,2,2,2,2,2,2,2,2,2,1,2, , , , , , , , , , , , , , , , , , , , , , , , , , , , , , , , , ,2,6,1,1,3, , ,1,1,1,3,2, ,2, ,2, ,2, ,2, ,2, ,2, ,2, ,1,3,2, ,2, ,10,1, ,2,2,2,2,2,2,10,7,4, , , , , , , , , , , , ,1,379.83804075634
2025,01,18358,1,0107,1,1,202401183581010712,1,2,2,1,2, ,2,61,2,16,7,1963,2,2,2,2,2,2,2,2,2,2,2,2,2,2,2,2,2, , , , , , , , , , , , , , , , , , , , , , , , , , , , , , , , , ,2,5,2,2,6, , ,1,1,1,4,2, ,2, ,2, ,2, ,2, ,2, ,2, ,2, ,2, ,2, ,2, ,8,2, ,2,2,2,2,2,2,10,7,4, , , , , , , , , , , , ,1,342.452670944723
2025,01,18409,1,0175,1,1,202401184091017521,1,1,1,1,2, ,1,75,1,9,11,1949,2,2,2,2,2,2,2,2,2,2,2,2,2,2,2,1,2, , , , , , , , , , , , , , , , , , , , , , , , , , , , , , , , , ,2,6,1,1,3, , ,1,1,1,3,2, ,2, ,2, ,2, ,2, ,2, ,2, ,2, ,1,3,2, ,2, ,10,1, ,2,2,2,2,2,2,10,5,4, , , , , , , , , , , , ,1,383.735453258045
2025,01,18409,1,0047,1,1,202401184091004711,1,1,1,1,2, ,2,74,1,10,12,1950,2,2,2,2,2,2,2,2,2,2,2,2,2,2,2,1,2, , , , , , , , , , , , , , , , , , , , , , , , , , , , , , , , , ,2,5,2,2,3, , ,1,5,2, ,2, ,2, ,2, ,1,5,2, ,2, ,2, ,2, ,2, ,2, ,2, ,6,5, ,2,2,2,2,2,1,10,7,4, , , , , , , , , , , , ,1,345.966482563813
2025,01,18409,1,0047,1,1,202401184091004712,1,2,3,1,2, ,1,53,2,1,9,1971,2,2,2,2,2,2,2,2,2,2,2,2,2,2,2,2,2, , , , , , , , , , , , , , , , , , , , , , , , , , , , , , , , , ,1,5,1,1,13,5,2,1,5,2, ,2, ,2, ,2, ,1,5,2, ,2, ,2, ,2, ,2, ,2, ,2, ,6,5, ,2,2,2,2,2,2,10,7,2, , , , , , , , , , , , ,1,383.735453258045
2025,01,17891,2,0112,1,1,202410178912011211,1,1,1,1,2, ,2,63,1,26,5,1961,2,2,2,2,2,2,2,2,2,2,2,2,2,2,2,1,2, , , , , , , , , , , , , , , , , , , , , , , , , , , , , , , , , ,2,5,2,2,6, , ,1,5,2, ,2, ,2, ,2, ,1,5,2, ,2, ,2, ,2, ,2, ,2, ,2, ,6,5, ,2,2,2,2,2,2,10,9,4, , , , , , , , , , , , ,1,346.400577005304
2025,01,17902,1,0065,1,1,202401179021006511,1,1,1,1,2, ,2,77,1,15,4,1947,2,2,2,2,2,2,2,2,2,2,2,2,2,2,2,1,2, , , , , , , , , , , , , , , , , , , , , , , , , , , , , , , , , ,2,5,2,2,6, , ,1,5,2, ,2, ,2, ,2, ,1,5,2, ,2, ,2, ,2, ,2, ,2, ,2, ,3,4, ,2,2,2,2,2,2,10,7,4, , , , , , , , , , , , ,1,348.403265082108
2025,01,17302,1,0042,1,1,202310173021004211,1,1,1,1,2, ,1,56,1,5,3,1968,2,2,2,2,2,2,2,2,2,2,2,2,2,2,2,1,2, , , , , , , , , , , , , , , , , , , , , , , , , , , , , , , , , ,1,5,1,1,13,5,2,1,5,2, ,2, ,2, ,2, ,1,5,2, ,2, ,2, ,2, ,2, ,2, ,2, ,6,5, ,2,2,2,2,2,2,10,7,2, , , , , , , , , , , , ,1,654.22702402186
2025,01,17302,1,0042,1,1,202310173021004212,1,2,2,1,2, ,2,59,2,15,12,1965,1, , , , , , , , , , , , , , ,2, ,9111,9700,6, , , ,1,1,0,11,6,0,0,11,11,39, ,60,2,60,2, ,2,2,4,1200,320, , , , , , , , , , , , , ,1,5,2, ,2, ,2, ,2, ,1,5,2, ,2, ,2, ,2, ,2, ,2, ,2, ,5,3, ,2,2,2,2,2,2,10,7,1,1200,387, , , , , , ,50,1587,1587,1637,1,589.835055315648
2025,01,17302,1,0042,1,1,202310173021004213,1,3,3,1,2, ,1,34,3,20,5,1990,1, , , , , , , , , , , , , , ,3, ,7411,4321,3,5,1, ,2,50,0,8,8,0,0,8,8,32, ,45,2,45,2, ,2,2,2,700, , , , , , , , , , , , , , ,1,1,1,1,2, ,2, ,2, ,2, ,2, ,2, ,2, ,2, ,1,1,2, ,2, ,6,5, ,2,2,2,2,2,2,10,7,1,3031, , , , , , , , ,3031,3031,3031,1,784.192885056798
2025,01,17302,1,0044,1,1,202310173021004411,1,1,1,1,2, ,2,40,1,12,5,1984,1, , , , , , , , , , , , , , ,1, ,3221,8610,3,2, , ,5,1000,12,6,6,0,6,6,6,42, ,42,1, ,2, ,2,2,4,2800, , , , , , , , , , , , , , ,1,1,1,1,2, ,2, ,2, ,2, ,2, ,2, ,2, ,1,1,2, ,2, ,2, ,9,3, ,2,2,2,2,2,2,10,7,1,2800, , , , , , , ,50,2800,2800,2850,1,739.028845993572
2025,01,17302,1,0044,1,1,202310173021004412,1,2,2,1,2, ,1,43,2,23,9,1981,1, , , , , , , , , , , , , , ,2, ,3221,8610,3,2, , ,5,1000,6,6,6,0,6,6,12,42, ,42,1, ,2, ,2,2,4,3000, , , , , , , , , , , , , , ,1,1,1,1,2, ,2, ,2, ,2, ,2, ,2, ,2, ,1,1,2, ,2, ,2, ,9,3, ,2,2,2,2,2,2,10,1,1,3000, , , , , , , ,50,3000,3000,3050,1,784.192885056798
2025,01,17515,1,0001,1,1,202401175151000111,1,1,1,1,2, ,1,59,1,18,10,1965,1, , , , , , , , , , , , , , ,1, ,8343,5229,3,5,1, ,4,400,0,8,8,8,8,8,9,49, ,49,1, ,2, ,2,2,4,2000, , , , , , , , , , , , , , ,1,1,1,1,2, ,2, ,2, ,2, ,2, ,2, ,2, ,1,1,2, ,2, ,2, ,4,5, ,2,2,2,2,2,2,10,7,1,2000, , , , , , , ,250,2000,2000,2250,1,386.155864659485
2025,01,17515,1,0001,1,1,202401175151000112,1,2,3,1,2, ,1,22,2,25,8,2002,2,2,2,2,2,2,2,2,2,2,2,2,2,2,2,2,2, , , , , , , , , , , , , , , , , , , , , , , , , , , , , , , , , ,2,5,1,1,4, , ,1,6,2, ,2, ,2, ,2, ,2, ,2, ,2, ,2, ,2, ,2, ,2, ,2, ,5,2, ,2,2,2,2,2,2,10,7,3, , , , , , , , , , , , ,1,370.488571337148
2025,01,17515,1,0001,1,1,202401175151000113,1,3,3,1,2, ,1,20,3,28,5,2004,2,2,2,2,2,2,2,2,2,2,2,2,2,2,2,3,2, , , , , , , , , , , , , , , , , , , , , , , , , , , , , , , , , ,2,5,1,1,1, , ,1,6,2, ,2, ,2, ,2, ,2, ,2, ,2, ,2, ,2, ,2, ,2, ,2, ,5,4, ,2,2,2,2,2,2,10,7,3, , , , , , , , , , , , ,1,370.488571337148
2025,01,17515,1,0003,1,1,202401175151000311,1,1,1,1,2, ,1,28,1,6,8,1996,1, , , , , , , , , , , , , , ,1, ,7411,4100,3,5,1, ,5,1000,0,8,8,8,8,8,8,48, ,48,1, ,2, ,2,2,4,2000, , , , , , , , , , , , , , ,1,1,1,1,2, ,2, ,2, ,2, ,2, ,2, ,2, ,1,1,2, ,2, ,2, ,6,5, ,2,2,2,2,2,2,10,7,1,2000, , , , , , , ,250,2000,2000,2250,1,462.867889081276
2025,01,17533,1,0061,1,1,202401175331006111,1,1,1,1,2, ,1,55,1,2,4,1969,1, , , , , , , , , , , , , , ,1, ,120,8423,3,1, , ,5,1000,0,9,9,9,9,9,9,54, ,54,1, ,2, ,2,2,4,6000,20, , , , , , , , , , , , , ,1,4,2, ,2, ,2, ,1,1,2, ,2, ,2, ,2, ,2, ,2, ,2, ,1,1,11,5, ,2,2,2,2,2,2,10,7,1,6000,600, , , , , , ,50,6600,6600,6650,1,404.276772655248
2025,01,17533,1,0061,1,1,202401175331006112,1,2,2,1,2, ,2,56,2,9,2,1968,2,2,2,2,2,2,2,2,2,2,2,2,2,2,2,2,2, , , , , , , , , , , , , , , , , , , , , , , , , , , , , , , , , ,2,5,2,2,6, , ,1,4,2, ,2, ,2, ,1,4,2, ,2, ,2, ,2, ,2, ,2, ,2, ,2, ,6,5, ,2,2,2,2,2,2,10,7,4, , , , , , , , , , , , ,1,364.486032839224
2025,01,17533,1,0061,1,1,202401175331006113,1,3,3,1,2, ,2,25,3,17,5,1999,2,2,2,2,2,2,2,2,2,2,2,2,2,2,2,3,2, , , , , , , , , , , , , , , , , , , , , , , , , , , , , , , , , ,2,4,2,2,5, , ,1,6,2, ,2, ,2, ,2, ,2, ,2, ,2, ,2, ,2, ,2, ,2, ,2, ,10,1, ,2,2,2,2,2,2,10,7,4, , , , , , , , , , , , ,1,456.679693420048
2025,01,17533,1,0061,1,1,202401175331006114,1,4,3,1,2, ,2,17,4,13,3,2007,2,2,2,2,2,2,2,2,2,2,2,2,2,2,2,4,2, , , , , , , , , , , , , , , , , , , , , , , , , , , , , , , , , ,2,4,2,2,5, , ,1,4,2, ,2, ,2, ,1,4,2, ,2, ,2, ,2, ,2, ,2, ,2, ,2, ,5,3, ,2,2,2,2,2,2,10,9,4, , , , , , , , , , , , ,1,433.191262908564
2025,01,17533,1,0063,1,1,202401175331006312,1,2,3,1,2, ,1,19,2,13,9,2005,2,2,2,2,2,2,2,2,2,2,2,2,2,2,2,2,2, , , , , , , , , , , , , , , , , , , , , , , , , , , , , , , , , ,2,5,1,1,6, , ,1,5,2, ,2, ,2, ,2, ,1,5,2, ,2, ,2, ,2, ,2, ,2, ,2, ,5,4, ,2,2,2,2,2,2,10,7,4, , , , , , , , , , , , ,1,387.87426952045
2025,01,17578,1,0040,1,1,202410175781004011,1,1,1,1,2, ,1,55,1,23,4,1969,1, , , , , , , , , , , , , , ,1, ,220,8423,3,1, , ,5,9000,16,8,16,8,16,8,16,88, ,88,1, ,2, ,2,2,4,3800, , , , , , , , , , , , , , ,2,4,2, ,2, ,2, ,1,1,2, ,2, ,2, ,2, ,2, ,2, ,2, ,1,1,6,5, ,2,2,2,2,2,2,10,7,1,3800, , , , , , , ,75,3800,3800,3875,1,400.751503513237
2025,01,17578,1,0040,1,1,202410175781004012,1,2,2,1,2, ,2,48,2,29,6,1976,2,2,2,2,2,2,2,2,2,2,2,2,2,2,2,2,2, , , , , , , , , , , , , , , , , , , , , , , , , , , , , , , , , ,2,5,2,2,6, , ,2,4,2, ,2, ,2, ,1,4,2, ,2, ,2, ,2, ,2, ,2, ,2, ,2, ,6,5, ,2,2,2,2,2,2,10,7,4, , , , , , , , , , , , ,1,361.307736555165
2025,01,17578,1,0040,1,1,202410175781004013,1,3,3,1,2, ,1,24,3,19,11,2000,1, , , , , , , , , , , , , , ,3, ,3257,1812,3,5,1, ,4,120,0,8,8,8,8,8,8,48, ,48,1, ,2, ,2,2,4,2000, , , , , , , , , , , , , , ,1,1,1,1,2, ,2, ,2, ,2, ,2, ,2, ,2, ,1,1,2, ,2, ,2, ,11,5, ,2,2,2,2,2,2,10,7,1,2000, , , , , , , ,100,2000,2000,2100,1,384.492029219234
2025,01,17578,1,0040,1,1,202410175781004014,1,4,3,1,2, ,1,22,4,9,6,2002,1, , , , , , , , , , , , , , ,4, ,4419,4923,3,5,1, ,4,400,0,8,8,8,8,8,4,44, ,44,1, ,2, ,2,2,4,1800, , , , , , , , , , , , , , ,1,1,1,1,2, ,2, ,2, ,2, ,2, ,2, ,2, ,1,1,2, ,2, ,2, ,11,5, ,2,2,2,2,2,2,10,7,1,1800, , , , , , , , ,1800,1800,1800,1,384.492029219234
2025,01,17578,1,0042,1,1,202410175781004211,1,1,1,1,2, ,1,56,1,18,12,1968,1, , , , , , , , , , , , , , ,1, ,5412,8411,3,2, , ,5,9000,8,8,0,8,8,8,8,48, ,48,1, ,2, ,2,2,4,1680, , , , , , , , , , , , , , ,1,5,2, ,2, ,2, ,2, ,1,5,2, ,2, ,2, ,2, ,2, ,2, ,2, ,10,2, ,2,2,2,2,2,2,10,7,1,1680, , , , , , , , ,1680,1680,1680,1,400.751503513237
2025,01,17578,1,0042,1,1,202410175781004212,1,2,2,1,2, ,2,55,2,9,7,1969,2,2,2,2,2,2,2,2,2,2,2,2,2,2,2,2,2, , , , , , , , , , , , , , , , , , , , , , , , , , , , , , , , , ,2,5,2,2,6, , ,1,1,1,5,2, ,2, ,2, ,2, ,2, ,2, ,2, ,2, ,2, ,2, ,2, ,10,2, ,2,2,2,2,2,2,10,7,4, , , , , , , , , , , , ,1,361.307736555165
2025,01,17642,1,0026,1,1,202410176421002611,1,1,1,1,2, ,2,42,1,29,5,1982,1, , , , , , , , , , , , , , ,1, ,5212,4772,3,5,2,1,1,7,8,8,8,0,8,8,8,48, ,48,1, ,2, ,2,2,4,1500, , , , , , , , , , , , , , ,1,1,1,1,2, ,2, ,2, ,2, ,2, ,2, ,2, ,1,1,2, ,2, ,2, ,9,3, ,2,2,2,2,2,2,10,7,1,1500, , , , , , , ,116,1500,1500,1616,1,374.032718560446
2025,01,17642,1,0026,1,1,202410176421002614,1,4,9,2, ,1,2,42,4,22,1,1982,1, , , , , , , , , , , , , , ,4, ,9111,9700,6, , , ,1,1,0,12,12,12,12,12,12,72, ,72,1, ,2, ,2,2,4,600,320, , , , , , , , , , , , , ,1,5,2, ,2, ,2, ,2, ,1,5,2, ,2, ,2, ,2, ,2, ,2, ,2, ,9,3, ,2,2,2,2,2,2,10,7,1,600,720, , , , , , , ,1320,1320,1320,1,374.032718560446
2025,01,17667,1,0017,1,1,202410176671001711,1,1,1,1,2, ,2,33,1,18,2,1991,1, , , , , , , , , , , , , , ,1, ,3314,6120,3,5,1, ,1,14,0,11,11,11,11,11,6,61, ,61,1, ,1,1,1,2,4,4500, , , , , , , , , , , , , , ,1,1,1,1,2, ,2, ,2, ,2, ,2, ,2, ,2, ,1,1,2, ,2, ,2, ,10,4, ,2,2,2,2,2,2,10,7,1,4500, , , , , , , , ,4500,4500,4500,1,377.587197343607
2025,01,17667,1,0017,1,1,202410176671001712,1,2,2,1,2, ,1,33,2,11,7,1991,1, , , , , , , , , , , , , , ,2, ,3126,4321,3,5,1, ,1,15,0,8,8,8,8,8,0,40, ,40,1, ,1,1,1,1,4,5000, , , , , , , , , , , , , , ,1,1,1,1,2, ,2, ,2, ,2, ,2, ,2, ,2, ,1,1,2, ,2, ,2, ,11,5, ,2,2,2,2,2,2,10,7,1,5000, , , , , , , , ,5000,5000,5000,1,400.662565812714
2025,01,17667,1,0019,1,1,202410176671001911,1,1,1,1,2, ,1,56,1,24,10,1968,1, , , , , , , , , , , , , , ,1, ,9112,8121,3,4,1, ,4,300,8,8,8,8,0,8,8,48, ,48,1, ,1,2,2,2,4,1500, , , , , , , , , , , , , , ,1,1,1,1,2, ,2, ,2, ,2, ,2, ,2, ,2, ,2, ,1,1,2, ,2, ,6,5, ,2,2,2,2,2,2,10,5,1,1500, , , , , , , ,333,1500,1500,1833,1,334.259954487638
2025,01,17667,1,0019,1,1,202410176671001912,1,2,2,1,2, ,2,59,2,23,6,1965,2,2,2,2,2,2,2,2,2,2,2,2,2,2,2,2,2, , , , , , , , , , , , , , , , , , , , , , , , , , , , , , , , , ,2,5,1,2,6, , ,1,5,2, ,2, ,2, ,2, ,1,5,2, ,2, ,2, ,2, ,2, ,2, ,2, ,5,4, ,2,2,2,2,2,2,1,1,4, , , , , , , , , , , , ,1,301.360585096274
2025,01,17667,1,0019,1,1,202410176671001914,1,3,3,1,2, ,2,22,3,9,10,2002,1, , , , , , , , , , , , , , ,3, ,5230,4722,3,5,1, ,5,9998,8,8,8,8,8,8,0,48, ,48,1, ,2, ,2,2,4,1025, , , , , , , , , , , , , , ,2,1,1,1,2, ,2, ,2, ,2, ,2, ,2, ,2, ,1,1,2, ,2, ,2, ,10,4, ,2,2,2,2,2,2,10,7,1,1025, , , , , , , , ,1025,1025,1025,1,358.166735311647
2025,01,17667,1,0019,1,1,202410176671001915,1,4,3,1,2, ,1,20,4,8,12,2004,1, , , , , , , , , , , , , , ,4, ,3240,8411,8,2, , ,5,9998,0,8,8,8,8,8,0,40, ,40,1, ,2, ,2,2,5, , , , , , , , ,2,4,2,2,5, , ,2,5,2, ,2, ,2, ,2, ,1,5,2, ,2, ,2, ,2, ,2, ,2, ,2, ,10,1, ,2,2,2,2,2,2,10,7,1, , , , , , , , , , , , ,1,320.698205898148
2025,01,17667,1,0022,1,1,202410176671002211,1,1,1,1,2, ,1,35,1,14,3,1989,1, , , , , , , , , , , , , , ,1, ,7221,2511,3,5,1, ,4,500,0,8,8,8,8,8,5,45, ,45,1, ,1,2,2,2,4,1600,6, , , , , , , , , , , , , ,1,1,1,1,2, ,2, ,2, ,2, ,2, ,2, ,2, ,1,1,2, ,2, ,2, ,8,1, ,2,2,2,2,2,2,10,9,1,1600,180, , , , , , ,399,1780,1780,2179,1,400.662565812714
2025,01,17692,1,0007,1,1,202401176921000711,1,1,1,1,2, ,1,39,1,5,11,1985,2,2,2,2,2,2,2,2,2,2,2,2,2,2,2,1,2, , , , , , , , , , , , , , , , , , , , , , , , , , , , , , , , , ,2,8,1,2,6, , ,1,5,2, ,2, ,2, ,2, ,1,5,2, ,2, ,2, ,2, ,2, ,2, ,2, ,6,5, ,2,2,2,2,2,2,1,1,4, , , , , , , , , , , , ,1,394.417509587891
2025,01,49373,1,0101,1,1,202310493731010111,1,1,1,1,2, ,1,35,1,15,7,1989,1, , , , , , , , , , , , , , ,1, ,9313,4100,3,5,2,2,1,5,0,8,8,0,0,8,8,32, ,50,2,50,2, ,2,2,2,400, , , , , , , , , , , , , , ,1,5,2, ,2, ,2, ,2, ,1,5,2, ,2, ,2, ,2, ,2, ,2, ,2, ,4, ,6,2,2,2,2,2,2,10,7,1,1732, , , , , , , , ,1732,1732,1732,1,1000.31427580406
2025,01,49373,1,0101,1,1,202310493731010112,1,2,2,1,2, ,2,31,2,13,12,1993,2,2,2,2,2,2,2,2,2,2,2,2,2,2,2,2,2, , , , , , , , , , , , , , , , , , , , , , , , , , , , , , , , , ,2,5,2,2,6, , ,1,5,2, ,2, ,2, ,2, ,1,5,2, ,2, ,2, ,2, ,2, ,2, ,2, ,6,5, ,2,2,2,2,2,2,10,7,4, , , , , , , , , , , , ,1,942.703152458246
2025,01,49373,1,0102,1,1,202310493731010211,1,1,1,1,2, ,2,32,1,12,5,1992,1, , , , , , , , , , , , , , ,1, ,5212,4752,3,5,2,2,1,6,10,10,8,0,10,10,10,58, ,66,2,66,2, ,2,2,4,250,15, , , , , , , , , , , , , ,1,5,2, ,2, ,2, ,2, ,1,5,2, ,2, ,2, ,2, ,2, ,2, ,2, ,5,2, ,2,2,2,2,2,2,10,7,1,250,450, , , , , , , ,700,700,700,1,942.703152458246
2025,01,49373,1,0102,1,1,202310493731010212,1,2,3,1,2, ,1,16,2,25,12,2008,2,2,2,2,2,2,2,2,2,2,2,2,2,2,2,2,2, , , , , , , , , , , , , , , , , , , , , , , , , , , , , , , , , ,2,4,1,1,3, , ,1,5,2, ,2, ,2, ,2, ,1,5,2, ,2, ,2, ,2, ,2, ,2, ,2, ,5,4, ,2,2,2,2,2,2,10,7,4, , , , , , , , , , , , ,1,800.671240483749
2025,01,25044,1,0021,1,1,202310250441002111,1,1,1,1,2, ,2,81,1,16,8,1943,2,2,2,2,2,2,2,2,2,2,2,2,2,2,2,1,2, , , , , , , , , , , , , , , , , , , , , , , , , , , , , , , , , ,2,5,2,2,7, , ,1,5,2, ,2, ,2, ,2, ,1,5,2, ,2, ,2, ,2, ,2, ,2, ,2, ,4,5, ,1,2,2,2,2,2,10,7,4, , , , , , , , , , , , ,1,1620.38450289143
2025,01,25044,1,0022,1,1,202310250441002211,1,1,1,1,2, ,1,84,1,19,9,1940,2,2,2,2,2,2,2,2,2,2,2,2,2,2,2,1,2, , , , , , , , , , , , , , , , , , , , , , , , , , , , , , , , , ,2,5,1,1,7, , ,1,1,1,5,2, ,2, ,2, ,2, ,2, ,2, ,2, ,1,5,2, ,2, ,2, ,5,3, ,1,2,2,2,2,2,10,7,3, , , , , , , , , , , , ,1,1797.28098820863
2025,01,49532,1,0026,1,1,202310495321002611,1,1,1,1,2, ,2,39,1,16,12,1985,1, , , , , , , , , , , , , , ,1, ,5212,4721,3,5,3,2,1,2,0,10,10,10,10,10,10,60, ,60,1, ,2, ,2,2,2,72,72, , , , , , , , , , , , , ,1,5,2, ,2, ,2, ,2, ,1,5,2, ,2, ,2, ,2, ,2, ,2, ,2, ,6,5, ,2,2,2,2,2,2,10,7,1,312,312, , , , , , , ,624,624,624,1,1527.49890451153
2025,01,49532,1,0026,1,1,202310495321002612,1,2,3,1,2, ,1,19,2,25,11,2005,1, , , , , , , , , , , , , , ,2, ,7322,1623,3,5,3,2,1,6,0,9,9,9,9,9,9,54, ,54,1, ,2, ,2,2,2,250, , , , , , , , , , , , , , ,1,5,2, ,2, ,2, ,2, ,1,5,2, ,2, ,2, ,2, ,2, ,2, ,2, ,6,5, ,2,2,2,2,2,2,10,9,1,1083, , , , , , , , ,1083,1083,1083,1,1297.35902497365
2025,01,49532,1,0026,1,1,202310495321002613,1,3,3,1,2, ,1,17,3,30,12,2007,2,2,2,2,2,2,2,2,2,2,2,2,2,2,2,3,2, , , , , , , , , , , , , , , , , , , , , , , , , , , , , , , , , ,2,5,1,1,2, , ,1,5,2, ,2, ,2, ,2, ,1,5,2, ,2, ,2, ,2, ,2, ,2, ,2, ,6,5, ,2,2,2,2,2,2,10,9,3, , , , , , , , , , , , ,1,1297.35902497365
2025,01,1893102,1,0054,1,1,20250118931021005411,1,1,1,1,2, ,2,23,1,31,7,2001,2,2,2,2,2,2,2,2,2,2,2,2,2,2,2,1,2, , , , , , , , , , , , , , , , , , , , , , , , , , , , , , , , , ,2,5,2,2,6, , ,2,5,2, ,2, ,2, ,2, ,1,5,2, ,2, ,2, ,2, ,2, ,2, ,2, ,9,3, ,2,2,2,2,2,2,10,7,4, , , , , , , , , , , , ,1,1297.30541515649
2025,01,1893102,1,0054,1,1,20250118931021005412,1,2,2,1,2, ,1,30,2,20,3,1994,1, , , , , , , , , , , , , , ,2, ,312,8422,3,1, , ,5,9998,16,8,0,16,16,8,16,80, ,80,2,56,1,1,1,2,4,3300, , , , , , , , , , , , , , ,1,4,2, ,2, ,2, ,1,1,2, ,2, ,2, ,2, ,2, ,2, ,2, ,1,1,9,3, ,2,2,2,2,2,2,10,5,1,3300, , , , , , , ,83,3300,3300,3383,1,1451.22833874301
2025,01,1893102,1,0059,1,1,20241018931021005911,1,1,1,1,2, ,1,39,1,7,3,1985,1, , , , , , , , , , , , , , ,1, ,7312,2395,3,5,3,2,1,4,0,8,8,0,8,8,8,40, ,48,2,48,2, ,2,2,2,500, , , , , , , , , , , , , , ,1,5,2, ,2, ,2, ,2, ,1,5,2, ,2, ,2, ,2, ,2, ,2, ,2, ,8,2, ,2,2,2,2,2,2,10,7,1,2165, , , , , , , , ,2165,2165,2165,1,1451.22833874301
2025,01,1893102,1,0059,1,1,20241018931021005912,1,2,2,1,2, ,2,38,2,23,11,1986,2,2,2,2,2,2,2,2,2,2,2,2,2,2,2,2,2, , , , , , , , , , , , , , , , , , , , , , , , , , , , , , , , , ,2,5,1,1,9, , ,1,5,2, ,2, ,2, ,2, ,1,5,2, ,2, ,2, ,2, ,2, ,2, ,2, ,8,1, ,2,2,2,2,2,2,10,7,3, , , , , , , , , , , , ,1,1367.64771128564
2025,01,1893102,1,0059,1,1,20241018931021005913,1,3,3,1,2, ,1,17,3,19,1,2007,2,2,2,2,2,2,2,2,2,2,2,2,2,2,2,3,2, , , , , , , , , , , , , , , , , , , , , , , , , , , , , , , , , ,2,4,1,2,5, , ,1,5,2, ,2, ,2, ,2, ,1,5,2, ,2, ,2, ,2, ,2, ,2, ,2, ,10,1, ,2,2,2,2,2,2,10,7,4, , , , , , , , , , , , ,1,1161.59173403033
2025,01,1893102,1,0062,1,1,20241018931021006211,1,1,1,1,2, ,1,38,1,14,7,1986,2,2,2,2,2,2,2,2,2,2,2,2,2,2,2,1,2, , , , , , , , , , , , , , , , , , , , , , , , , , , , , , , , , ,1,5,1,1,13,5,2,1,5,2, ,2, ,2, ,2, ,1,5,2, ,2, ,2, ,2, ,2, ,2, ,2, ,6,5, ,2,2,2,2,2,2,10,7,2, , , , , , , , , , , , ,1,1451.22833874301
2025,01,1893102,1,0062,1,1,20241018931021006212,1,2,2,1,2, ,2,36,2,6,2,1988,2,2,2,2,2,2,2,2,2,2,2,2,2,2,2,2,2, , , , , , , , , , , , , , , , , , , , , , , , , , , , , , , , , ,2,5,1,2,6, , ,1,5,2, ,2, ,2, ,2, ,1,5,2, ,2, ,2, ,2, ,2, ,2, ,2, ,6,5, ,2,2,2,2,2,2,10,7,4, , , , , , , , , , , , ,1,1367.64771128564
2025,01,1893102,1,0063,1,1,20241018931021006311,1,1,1,1,2, ,2,46,1,30,10,1978,2,2,2,2,2,2,2,2,2,2,2,2,2,2,2,1,2, , , , , , , , , , , , , , , , , , , , , , , , , , , , , , , , , ,2,5,1,2,6, , ,1,5,2, ,2, ,2, ,2, ,1,5,2, ,2, ,2, ,2, ,2, ,2, ,2, ,4, ,6,2,2,2,2,2,2,10,7,4, , , , , , , , , , , , ,1,1091.54949473448
2025,01,1893102,1,0063,1,1,20241018931021006312,1,2,2,1,2, ,1,48,2,20,6,1976,2,2,2,2,2,2,2,2,2,2,2,2,2,2,2,2,2, , , , , , , , , , , , , , , , , , , , , , , , , , , , , , , , , ,2,7,1,2,7, , ,1,5,2, ,2, ,2, ,2, ,1,5,2, ,2, ,2, ,2, ,2, ,2, ,2, ,6,5, ,2,2,2,2,2,2,10,1,4, , , , , , , , , , , , ,1,1210.71335295686
2025,01,1893102,1,0063,1,1,20241018931021006313,1,3,3,1,2, ,1,24,3,12,11,2000,1, , , , , , , , , , , , , , ,3, ,4321,4649,3,5,2,2,1,7,0,9,9,9,9,9,9,54, ,54,1, ,2, ,2,2,2,300,78, , , , , , , , , , , , , ,1,5,2, ,2, ,2, ,2, ,1,5,2, ,2, ,2, ,2, ,2, ,2, ,2, ,6,5, ,2,2,2,2,2,2,10,7,1,1299,338, , , , , , , ,1637,1637,1637,1,1161.59173403033
2025,01,47160,1,0020,1,1,202410471601002011,1,1,1,1,2, ,1,57,1,1,7,1967,1, , , , , , , , , , , , , , ,1, ,9313,4100,3,5,3,2,1,3,0,0,0,0,8,0,0,8, ,48,2,48,1,1,1,1,2,80,10, , , , , , , , , , , , , ,1,5,2, ,2, ,2, ,2, ,1,5,2, ,2, ,2, ,2, ,2, ,2, ,2, ,6,5, ,2,2,2,2,2,2,10,7,1,346,43, , , , , , , ,389,389,389,1,1472.83105890398
2025,01,47160,1,0021,1,1,202310471601002111,1,1,1,1,2, ,1,51,1,22,3,1973,1, , , , , , , , , , , , , , ,1, ,8173,1702,3,5,1, ,4,120,0,9,9,0,9,9,6,42, ,51,2,51,2, ,2,2,4,1400, , , , , , , , , , , , , , ,1,1,1,1,2, ,2, ,2, ,2, ,2, ,2, ,2, ,1,1,2, ,2, ,2, ,6,5, ,2,2,2,2,2,2,10,7,1,1400, , , , , , , ,409,1400,1400,1809,1,1472.83105890398
2025,01,47160,1,0021,1,1,202310471601002112,1,2,2,1,2, ,2,51,3,28,12,1973,1, , , , , , , , , , , , , , ,2, ,9111,9700,6, , , ,1,2,0,10,10,0,10,10,10,50, ,50,1, ,2, ,2,2,4,1200,75, , , , , , , , , , , , , ,1,1,1,4,2, ,2, ,2, ,2, ,2, ,2, ,2, ,2, ,2, ,2, ,2, ,6,5, ,2,2,2,2,2,2,10,7,1,1200,325, , , , , , , ,1525,1525,1525,1,1327.86839613981
2025,01,47160,1,0021,1,1,202310471601002113,1,3,3,1,2, ,1,28,3,9,3,1996,2,2,2,2,2,2,2,2,2,2,2,2,2,2,2,3,2, , , , , , , , , , , , , , , , , , , , , , , , , , , , , , , , , ,2,8,1,2,11, , ,1,5,2, ,2, ,2, ,2, ,1,5,2, ,2, ,2, ,1,5,2, ,2, ,2, ,9,3, ,2,2,2,2,2,2,10,7,4, , , , , , , , , , , , ,1,1765.41719445171
2025,01,47160,1,0021,1,1,202310471601002114,1,4,3,1,2, ,1,16,4,26,5,2008,2,2,2,2,2,2,2,2,2,2,2,2,2,2,2,4,2, , , , , , , , , , , , , , , , , , , , , , , , , , , , , , , , , ,2,4,2,1,3, , ,1,1,1,4,2, ,2, ,2, ,2, ,2, ,2, ,2, ,2, ,2, ,2, ,2, ,5,4, ,2,2,2,2,2,2,10,7,4, , , , , , , , , , , , ,1,1413.07467987178
2025,01,2747001,1,0032,1,1,20231027470011003221,1,1,1,1,2, ,2,25,1,6,10,1999,1, , , , , , , , , , , , , , ,1, ,5412,8411,3,2, , ,5,9998,8,8,8,8,0,8,8,48, ,48,1, ,2, ,2,2,4,1950, , , , , , , , , , , , , , ,1,1,1,1,2, ,2, ,2, ,2, ,2, ,2, ,2, ,1,1,2, ,2, ,2, ,8,1, ,2,2,2,2,2,2,10,7,1,1950, , , , , , , ,25,1950,1950,1975,1,1435.57834134366
2025,01,2747001,1,0034,1,1,20231027470011003411,1,1,1,1,2, ,2,50,1,30,8,1974,1, , , , , , , , , , , , , , ,1, ,9629,8292,3,5,1, ,2,30,0,8,8,8,8,8,8,48, ,48,1, ,2, ,2,2,4,1200, , , , , , , , , , , , , , ,1,1,1,1,2, ,2, ,2, ,2, ,2, ,2, ,2, ,1,1,2, ,2, ,2, ,6,5, ,2,2,2,2,2,2,10,1,1,1200, , , , , , , ,100,1200,1200,1300,1,1145.76641353963
2025,01,2750801,1,0062,1,1,20241027508011006211,1,1,1,1,2, ,1,30,1,5,3,1994,1, , , , , , , , , , , , , , ,1, ,3314,4771,3,5,1, ,4,500,8,0,8,8,8,8,8,48, ,48,1, ,2, ,2,2,4,3000, , , , , , , , , , , , , , ,1,1,1,1,2, ,2, ,2, ,2, ,2, ,2, ,2, ,1,1,2, ,2, ,2, ,9,3, ,2,2,2,2,2,2,10,7,1,3000, , , , , , , ,750,3000,3000,3750,1,1094.65734381333
2025,01,2750801,1,0062,1,1,20241027508011006212,1,2,2,1,2, ,2,28,2,18,11,1996,2,1, , , , , , , , , , , , , ,2, ,9629,8530,3,5,1, ,5,9998,0,0,0,0,0,0,0,0, ,48,2,48,2, ,2,2,4,2500, , , , , , , , , , , , , , ,1,1,1,1,2, ,2, ,2, ,2, ,2, ,2, ,2, ,1,1,2, ,2, ,2, ,9,3, ,2,2,2,2,2,2,10,7,1,2500, , , , , , , ,624,2500,2500,3124,1,1031.61271795798
2025,01,23432,1,0102,1,1,202310234321010211,1,1,1,1,2, ,1,45,1,24,1,1979,1, , , , , , , , , , , , , , ,1, ,5120,5610,3,5,1, ,1,6,8,0,8,8,8,8,8,48, ,48,1, ,2, ,2,2,4,1800,12, , , , , , , , , , , , , ,1,1,1,1,2, ,2, ,2, ,2, ,2, ,2, ,2, ,1,1,2, ,2, ,2, ,9,3, ,2,2,2,2,2,2,1,1,1,1800,360, , , , , , ,300,2160,2160,2460,1,1458.06583446841
2025,01,23432,1,0102,1,1,202310234321010212,1,2,2,1,2, ,2,44,2,31,8,1980,1, , , , , , , , , , , , , , ,2, ,4417,5610,3,5,1, ,1,6,8,0,8,8,8,8,8,48, ,48,1, ,2, ,2,2,4,2000,12, , , , , , , , , , , , , ,1,5,2, ,2, ,2, ,2, ,1,5,2, ,2, ,2, ,2, ,2, ,2, ,2, ,9,3, ,2,2,2,2,2,2,10,6,1,2000,360, , , , , , , ,2360,2360,2360,1,1647.06236744179
2025,01,23432,1,0109,1,1,202310234321010911,1,1,1,1,2, ,2,64,1,17,7,1960,1, , , , , , , , , , , , , , ,1, ,9112,8121,3,4,1, ,3,80,0,8,8,8,8,8,8,48, ,48,1, ,2, ,2,2,4,1200, , , , , , , , , , , , , , ,1,1,1,1,2, ,2, ,2, ,2, ,2, ,2, ,2, ,2, ,1,1,2, ,2, ,10,3, ,2,2,2,2,2,2,10,7,1,1200, , , , , , , ,200,1200,1200,1400,1,1314.55643155883
2025,01,20776,1,0075,1,1,202410207761007511,1,1,1,1,2, ,2,42,1,1,11,1982,1, , , , , , , , , , , , , , ,1, ,5212,7830,3,4,1, ,4,450,4,0,0,0,0,8,8,20, ,48,2,48,2, ,2,2,4,1200, , , , , , , , , , , , , , ,1,1,1,1,2, ,2, ,2, ,2, ,2, ,2, ,2, ,1,1,2, ,2, ,2, ,6,5, ,2,2,2,2,2,2,10,7,1,1200, , , , , , , ,255,1200,1200,1455,1,935.918969079451
2025,01,20776,1,0075,1,1,202410207761007512,1,2,3,1,2, ,2,20,2,2,10,2004,1, , , , , , , , , , , , , , ,2, ,9321,1410,3,5,2,1,1,10,0,8,8,8,8,8,8,48, ,48,1, ,1,1,1,2,2,300, , , , , , , , , , , , , , ,1,5,2, ,2, ,2, ,2, ,1,5,2, ,2, ,2, ,2, ,2, ,2, ,2, ,6,5, ,2,2,2,2,2,2,10,7,1,1299, , , , , , , , ,1299,1299,1299,1,887.781799885501
2025,01,20776,1,0075,1,1,202410207761007513,1,3,3,1,2, ,2,18,3,12,12,2006,1, , , , , , , , , , , , , , ,3, ,5230,4771,3,5,2,2,1,5,11,11,11,0,11,11,11,66, ,66,1, ,2, ,2,2,4,1025, , , , , , , , , , , , , , ,1,5,2, ,2, ,2, ,2, ,1,5,2, ,2, ,2, ,2, ,2, ,2, ,2, ,6,5, ,2,2,2,2,2,2,10,7,1,1025, , , , , , , , ,1025,1025,1025,1,887.781799885501
2025,01,20776,1,0076,1,1,202410207761007611,1,1,1,1,2, ,2,68,1,6,11,1956,2,2,2,2,2,2,2,2,2,2,2,2,2,2,2,1,2, , , , , , , , , , , , , , , , , , , , , , , , , , , , , , , , , ,2,5,1,2,7, , ,1,1,1,4,2, ,2, ,2, ,2, ,2, ,2, ,2, ,2, ,1,4,2, ,2, ,3,0, ,2,2,2,2,2,2,10,7,4, , , , , , , , , , , , ,1,746.977360749385
2025,01,20776,1,0076,1,1,202410207761007612,1,2,3,1,2, ,2,36,2,12,10,1988,1, , , , , , , , , , , , , , ,2, ,4110,2410,3,5,1, ,4,110,0,8,8,0,8,8,8,40, ,45,2,45,2, ,2,2,4,4000, , , , , , , , , , , , , , ,1,1,1,1,2, ,2, ,2, ,2, ,2, ,2, ,2, ,1,1,2, ,2, ,2, ,11,5, ,2,2,2,2,2,2,10,7,1,4000, , , , , , , ,1041,4000,4000,5041,1,935.918969079451
2025,01,20776,1,0077,1,1,202410207761007711,1,1,1,1,2, ,2,58,1,30,12,1966,2,2,2,2,2,2,2,2,2,2,2,2,2,2,2,1,2, , , , , , , , , , , , , , , , , , , , , , , , , , , , , , , , , ,2,5,1,2,6, , ,1,1,1,4,2, ,2, ,2, ,2, ,2, ,2, ,2, ,2, ,2, ,2, ,2, ,6,5, ,2,2,2,2,2,2,10,7,4, , , , , , , , , , , , ,1,746.977360749385
2025,01,20776,1,0077,1,1,202410207761007712,1,2,2,1,2, ,1,61,2,25,5,1963,2,1, , , , , , , , , , , , , ,2, ,8331,4921,3,5,1, ,5,800,0,0,0,0,0,0,0,0, ,48,2,48,2, ,2,2,4,2500, , , , , , , , , , , , , , ,1,1,1,1,2, ,2, ,2, ,2, ,2, ,2, ,2, ,2, ,1,1,2, ,2, ,4,5, ,2,2,2,2,2,2,10,7,1,2500, , , , , , , ,641,2500,2500,3141,1,828.524468545281
2025,01,20776,1,0077,1,1,202410207761007713,1,3,6,1,2, ,2,82,1,26,1,1942,2,2,2,2,2,2,2,2,2,2,2,2,2,2,2,3,2, , , , , , , , , , , , , , , , , , , , , , , , , , , , , , , , , ,2,7,1,2,7, , ,1,1,1,4,2, ,2, ,2, ,2, ,2, ,2, ,2, ,2, ,1,4,2, ,2, ,3,4, ,1,2,2,2,2,2,10,7,4, , , , , , , , , , , , ,1,746.977360749385
2025,01,47318,1,0021,1,1,202310473181002111,1,3,7,1,2, ,1,26,3,11,3,1998,1, , , , , , , , , , , , , , ,3, ,5131,5610,3,5,1, ,1,9,8,8,8,0,8,8,8,48, ,48,1, ,1,1,1,2,1,30,10, , , , , , , , , , , , , ,1,5,2, ,2, ,2, ,2, ,1,5,2, ,2, ,2, ,2, ,2, ,2, ,2, ,10,4, ,2,2,2,2,2,2,10,1,1,900,300, , , , , , , ,1200,1200,1200,1,1932.72407642901
2025,01,47318,1,0022,1,1,202310473181002212,1,2,2,1,2, ,2,33,2,11,9,1991,2,2,2,2,2,2,2,2,2,2,2,2,2,2,2,2,2, , , , , , , , , , , , , , , , , , , , , , , , , , , , , , , , , ,2,5,1,1,6, , ,1,5,2, ,2, ,2, ,2, ,1,5,2, ,2, ,2, ,2, ,2, ,2, ,2, ,10,1, ,2,2,2,2,2,2,10,5,4, , , , , , , , , , , , ,1,1821.41265375529
2025,01,49905,1,0017,1,1,202501499051001711,1,1,1,1,2, ,1,32,1,26,1,1992,1, , , , , , , , , , , , , , ,1, ,3411,8423,3,2, , ,5,9998,0,8,8,8,8,8,0,40, ,40,1, ,1,1,1,2,4,4500, , , , , , , , , , , , , , ,1,1,1,1,2, ,2, ,2, ,2, ,2, ,2, ,2, ,1,1,2, ,2, ,2, ,11,6, ,2,2,2,2,2,2,10,7,1,4500, , , , , , , ,1125,4500,4500,5625,1,1004.24539540349
2025,01,49905,1,0017,1,1,202501499051001712,1,2,2,1,2, ,2,31,2,13,11,1993,2,2,2,2,2,2,2,2,2,2,2,2,2,2,2,2,2, , , , , , , , , , , , , , , , , , , , , , , , , , , , , , , , , ,2,5,2,2,6, , ,1,1,1,4,2, ,2, ,2, ,2, ,2, ,2, ,2, ,2, ,2, ,2, ,2, ,11,5, ,2,2,2,2,2,2,10,7,4, , , , , , , , , , , , ,1,946.407866995176
2025,01,21380,1,0059,1,1,202310213801005911,1,1,1,1,2, ,1,37,1,10,9,1987,2,2,2,2,2,2,2,2,2,2,2,2,2,2,2,1,2, , , , , , , , , , , , , , , , , , , , , , , , , , , , , , , , , ,2,5,1,1,12, ,2,1,5,2, ,2, ,2, ,2, ,1,5,2, ,2, ,2, ,2, ,2, ,2, ,2, ,10,4, ,2,2,2,2,2,2,10,7,2, , , , , , , , , , , , ,1,1899.87311627269
2025,01,21380,1,0059,1,1,202310213801005912,1,2,2,1,2, ,2,40,2,29,4,1984,2,2,2,2,2,2,2,2,2,2,2,2,2,2,2,2,2, , , , , , , , , , , , , , , , , , , , , , , , , , , , , , , , , ,2,5,2,2,6, , ,1,5,2, ,2, ,2, ,2, ,1,5,2, ,2, ,2, ,2, ,2, ,2, ,2, ,6,5, ,2,2,2,2,2,2,10,7,4, , , , , , , , , , , , ,1,1790.45367971112
2025,01,21380,1,0059,1,1,202310213801005913,1,3,3,1,2, ,1,20,1,13,6,2004,1, , , , , , , , , , , , , , ,3, ,9333,5223,3,5,1, ,5,3000,8,0,8,8,8,8,8,48, ,48,1, ,2, ,2,2,4,1700,12, , , , , , , , , , , , , ,1,3,1,1,2, ,1,1,2, ,2, ,2, ,2, ,2, ,1,1,2, ,2, ,2, ,6,5, ,2,2,2,2,2,2,10,7,1,1700,360, , , , , , ,426,2060,2060,2486,1,1520.69584685778
2025,01,21380,1,0061,1,1,202310213801006111,1,1,1,1,2, ,1,41,1,16,8,1983,1, , , , , , , , , , , , , , ,1, ,8332,4923,3,5,2,2,1,3,0,12,12,12,12,12,8,68, ,68,1, ,2, ,2,1,2,600, , , , , , , , , , , , , , ,1,5,2, ,2, ,2, ,2, ,1,5,2, ,2, ,2, ,2, ,2, ,2, ,2, ,8,1, ,2,2,2,2,2,2,10,1,1,2598, , , , , , , , ,2598,2598,2598,1,1899.87311627269
2025,01,21380,1,0061,1,1,202310213801006112,1,2,2,1,2, ,2,41,2,17,7,1983,2,2,2,2,2,2,2,2,2,2,2,2,2,2,2,2,2, , , , , , , , , , , , , , , , , , , , , , , , , , , , , , , , , ,2,5,2,1,6, , ,1,5,2, ,2, ,2, ,2, ,1,5,2, ,2, ,2, ,2, ,2, ,2, ,2, ,6,5, ,2,2,2,2,2,2,10,7,4, , , , , , , , , , , , ,1,1790.45367971112
2025,01,21380,1,0061,1,1,202310213801006113,1,3,3,1,2, ,2,19,3,29,9,2005,2,2,2,2,2,2,2,2,2,2,2,2,2,2,2,3,2, , , , , , , , , , , , , , , , , , , , , , , , , , , , , , , , , ,2,4,1,2,5, , ,1,6,2, ,2, ,2, ,2, ,2, ,2, ,2, ,2, ,2, ,2, ,2, ,2, ,8,1, ,2,2,2,2,2,2,10,7,4, , , , , , , , , , , , ,1,1698.36518213642
2025,01,47864,1,0034,1,1,202310478641003411,1,1,1,1,2, ,2,44,1,20,3,1980,1, , , , , , , , , , , , , , ,1, ,2240,7500,3,5,1, ,1,3,0,8,8,8,8,8,0,40, ,40,1, ,2, ,2,2,4,2500, , , , , , , , , , , , , , ,1,1,1,1,2, ,2, ,2, ,2, ,2, ,2, ,2, ,1,1,2, ,2, ,2, ,11,5, ,2,2,2,2,2,2,10,7,1,2500, , , , , , , ,208,2500,2500,2708,1,1910.0044497409
2025,01,47864,1,0034,1,1,202310478641003414,1,3,3,1,2, ,1,14,1,12,3,2010,2,2,2,2,2,2,2,2,2,2,2,2,2,2,2,3,2, , , , , , , , , , , , , , , , , , , , , , , , , , , , , , , , , ,2,4,2,2,5, , ,2,3,1,4,1,4,2, ,2, ,2, ,2, ,2, ,2, ,2, ,2, ,2, ,2, ,5,3, ,2,2,2,2,2,2,10,7,4, , , , , , , , , , , , ,1,1622.23455826543
2025,01,20263,1,0066,1,1,202401202631006611,1,1,1,1,2, ,2,32,1,16,8,1992,2,2,2,2,2,2,2,2,2,2,2,2,2,2,2,1,2, , , , , , , , , , , , , , , , , , , , , , , , , , , , , , , , , ,2,5,1,2,7, , ,1,5,2, ,2, ,2, ,2, ,1,5,2, ,2, ,2, ,2, ,2, ,2, ,2, ,9,3, ,2,2,2,2,2,2,10,7,4, , , , , , , , , , , , ,1,1302.23519868669
2025,01,20263,1,0066,1,1,202401202631006614,1,4,6,1,2, ,2,58,4,11,10,1966,2,2,2,2,2,2,2,2,2,2,2,2,2,2,2,4,2, , , , , , , , , , , , , , , , , , , , , , , , , , , , , , , , , ,2,5,1,2,6, , ,1,5,2, ,2, ,2, ,2, ,1,5,2, ,2, ,2, ,2, ,2, ,2, ,2, ,9,3, ,2,2,2,2,2,2,10,7,4, , , , , , , , , , , , ,1,1039.34234044503
2025,01,20263,1,0067,1,1,202401202631006711,1,1,1,1,2, ,1,63,1,28,6,1961,2,2,2,2,2,2,2,2,2,2,2,2,2,2,2,1,2, , , , , , , , , , , , , , , , , , , , , , , , , , , , , , , , , ,2,6,1,1,7, , ,1,4,2, ,2, ,2, ,1,3,2, ,2, ,2, ,2, ,2, ,2, ,2, ,1,3,10,2, ,2,2,2,2,2,2,10,7,3, , , , , , , , , , , , ,1,1152.80677233635
2025,01,20263,1,0067,1,1,202401202631006712,1,2,2,1,2, ,2,73,2,25,4,1951,2,2,2,2,2,2,2,2,2,2,2,2,2,2,2,2,2, , , , , , , , , , , , , , , , , , , , , , , , , , , , , , , , , ,2,5,1,1,7, , ,1,4,2, ,2, ,2, ,1,4,2, ,2, ,2, ,2, ,2, ,2, ,2, ,2, ,1, , ,2,2,2,2,2,2,1,1,3, , , , , , , , , , , , ,1,1039.34234044503
2025,01,49808,1,0020,1,1,202401498081002011,1,1,1,1,2, ,1,27,1,16,12,1997,1, , , , , , , , , , , , , , ,1, ,3432,7310,3,5,2,2,1,8,10,0,8,8,8,8,10,52, ,52,1, ,2, ,2,2,3,600,100, , , , , , , , , , , , , ,1,5,2, ,2, ,2, ,2, ,1,5,2, ,2, ,2, ,1,5,2, ,2, ,2, ,8,2, ,2,2,2,2,2,2,10,7,1,1200,433, , , , , , ,100,1633,1633,1733,1,1268.49010540561
2025,01,26671,1,0117,1,1,202310266711011711,1,1,1,1,2, ,1,29,1,14,8,1995,1, , , , , , , , , , , , , , ,1, ,2642,6020,3,5,1, ,5,9998,0,7,7,7,7,7,7,42, ,42,1, ,2, ,2,2,4,4500, , , , , , , , , , , , , , ,1,6,2, ,2, ,2, ,2, ,2, ,2, ,2, ,2, ,1,5,2, ,2, ,2, ,11,5, ,2,2,2,2,2,2,10,7,1,4500, , , , , , , , ,4500,4500,4500,1,2081.06767317614
2025,01,26671,1,0235,1,1,202310266711023511,1,1,1,1,2, ,1,67,1,18,6,1957,1, , , , , , , , , , , , , , ,1, ,1492,8549,3,5,1, ,2,30,0,9,9,9,9,9,0,45, ,45,1, ,2, ,2,2,4,6000, , , , , , , , , , , , , , ,1,1,1,3,2, ,2, ,2, ,2, ,2, ,2, ,2, ,1,3,2, ,2, ,2, ,11,5, ,2,2,2,2,2,2,10,7,1,6000, , , , , , , , ,6000,6000,6000,1,1736.16815015035
2025,01,26671,1,0235,1,1,202310266711023512,1,2,2,1,2, ,2,46,2,2,6,1978,1, , , , , , , , , , , , , , ,2, ,1169,5229,3,5,1, ,1,7,0,9,9,9,9,9,0,45, ,45,1, ,2, ,2,2,4,5000, , , , , , , , , , , , , , ,1,1,1,1,2, ,2, ,2, ,2, ,2, ,2, ,2, ,1,1,2, ,2, ,2, ,11,5, ,2,2,2,2,2,2,10,3,1,5000, , , , , , , ,624,5000,5000,5624,1,1565.28666545419
2025,01,26671,1,0235,1,1,202310266711023513,1,3,3,1,2, ,1,15,3,26,11,2009,2,2,2,2,2,2,2,2,2,2,2,2,2,2,2,3,2, , , , , , , , , , , , , , , , , , , , , , , , , , , , , , , , , ,2,4,2,2,3, , ,2,1,1,4,2, ,2, ,2, ,2, ,2, ,2, ,2, ,2, ,2, ,2, ,2, ,5,3, ,2,2,2,2,2,2,10,7,4, , , , , , , , , , , , ,1,1665.72753755136
2025,01,47880,1,0019,1,1,202401478801001911,1,1,1,1,2, ,2,32,1,9,7,1992,1, , , , , , , , , , , , , , ,1, ,3221,8610,3,2, , ,5,9998,0,12,0,12,0,12,0,36, ,36,1, ,1,1,1,2,4,1800,30, , , , , , , , , , , , , ,1,1,1,1,2, ,2, ,2, ,2, ,2, ,2, ,2, ,1,1,2, ,2, ,2, ,9,3, ,2,2,2,2,2,2,1,1,1,1800,130, , , , , , ,50,1930,1930,1980,1,693.665669836285
2025,01,47880,1,0019,1,1,202401478801001912,1,2,2,1,2, ,1,28,2,10,1,1997,1, , , , , , , , , , , , , , ,2, ,4110,6201,3,5,1, ,3,70,0,9,10,10,9,10,0,48, ,48,1, ,1,1,1,2,4,2800, , , , , , , , , , , , , , ,1,1,1,1,2, ,2, ,2, ,2, ,2, ,2, ,2, ,1,1,2, ,2, ,2, ,10,4, ,2,2,2,2,2,2,10,7,1,2800, , , , , , , ,699,2800,2800,3499,1,736.057443282131
2025,01,19146,1,0102,1,1,202401191461010211,1,1,1,1,2, ,2,57,1,1,12,1967,1, , , , , , , , , , , , , , ,1, ,9111,9700,6, , , ,1,1,0,8,8,8,8,8,0,40, ,40,1, ,2, ,2,2,4,2000,60, , , , , , , , , , , , , ,1,1,1,1,2, ,2, ,2, ,2, ,2, ,2, ,2, ,2, ,1,1,2, ,2, ,4,5, ,2,2,2,2,2,2,1,1,1,2000,260, , , , , , ,300,2260,2260,2560,1,756.600257174781
2025,01,19146,1,0102,1,1,202401191461010212,1,2,3,1,2, ,2,36,2,10,8,1988,1, , , , , , , , , , , , , , ,2, ,3221,8610,3,5,1, ,5,600,0,12,0,12,4,8,0,36, ,36,1, ,2, ,2,2,4,1500, , , , , , , , , , , , , , ,1,3,1,1,2, ,1,1,2, ,2, ,2, ,2, ,2, ,2, ,1,1,2, ,2, ,9,3, ,2,2,2,2,2,2,10,7,1,1500, , , , , , , ,324,1500,1500,1824,1,947.975895802075
2025,01,19146,1,0102,1,1,202401191461010213,1,3,3,1,2, ,1,24,3,10,10,2000,2,2,2,2,2,2,2,2,2,2,2,2,2,2,2,3,2, , , , , , , , , , , , , , , , , , , , , , , , , , , , , , , , , ,2,4,1,2,5, , ,1,5,2, ,2, ,2, ,2, ,1,5,2, ,2, ,2, ,2, ,2, ,2, ,2, ,10,4, ,2,2,2,2,2,2,10,7,4, , , , , , , , , , , , ,1,805.149568516117
2025,01,21937,1,0039,1,1,202401219371003911,1,1,1,1,2, ,2,33,1,20,3,1991,2,2,2,2,2,2,2,2,2,2,2,2,2,2,2,1,2, , , , , , , , , , , , , , , , , , , , , , , , , , , , , , , , , ,2,5,2,1,6, , ,1,5,2, ,2, ,2, ,2, ,1,5,2, ,2, ,2, ,2, ,2, ,2, ,2, ,6,5, ,2,2,2,2,2,2,10,1,4, , , , , , , , , , , , ,1,844.050879560693
2025,01,21937,1,0039,1,1,202401219371003912,1,2,2,1,2, ,1,34,2,3,7,1990,1, , , , , , , , , , , , , , ,2, ,9313,4100,3,5,3,2,1,2,0,0,9,9,9,9,9,45, ,50,2,50,1,1,1,1,2,300, , , , , , , , , , , , , , ,1,5,2, ,2, ,2, ,2, ,1,5,2, ,2, ,2, ,2, ,2, ,2, ,2, ,5,2, ,2,2,2,2,2,2,10,7,1,1299, , , , , , , , ,1299,1299,1299,1,895.63309736246
2025,01,21937,1,0039,1,1,202401219371003913,1,3,3,1,2, ,1,16,3,26,9,2008,2,2,2,2,2,2,2,2,2,2,2,2,2,2,2,3,2, , , , , , , , , , , , , , , , , , , , , , , , , , , , , , , , , ,2,4,2,2,3, , ,1,5,2, ,2, ,2, ,2, ,1,5,2, ,2, ,2, ,2, ,2, ,2, ,2, ,5,4, ,2,2,2,2,2,2,10,7,4, , , , , , , , , , , , ,1,716.882364302045
2025,01,21937,1,0039,1,1,202401219371003914,1,4,3,1,2, ,2,15,1,1,11,2009,2,2,2,2,2,2,2,2,2,2,2,2,2,2,2,4,2, , , , , , , , , , , , , , , , , , , , , , , , , , , , , , , , , ,2,4,2,2,3, , ,2,5,2, ,2, ,2, ,2, ,1,5,2, ,2, ,2, ,2, ,2, ,2, ,2, ,5,3, ,2,2,2,2,2,2,10,7,4, , , , , , , , , , , , ,1,800.638766610703
2025,01,21986,1,0130,1,1,202401219861013011,1,1,1,1,2, ,1,30,1,8,12,1994,2,2,2,2,2,2,2,2,2,2,2,2,2,2,2,1,2, , , , , , , , , , , , , , , , , , , , , , , , , , , , , , , , , ,2,5,1,1,13,4,1,1,6,2, ,2, ,2, ,2, ,2, ,2, ,2, ,2, ,2, ,2, ,2, ,2, ,11,5, ,2,2,2,2,2,2,10,1,2, , , , , , , , , , , , ,1,1029.25438310829
2025,01,21986,1,0130,1,1,202401219861013012,1,2,2,1,2, ,2,31,1,23,11,1993,1, , , , , , , , , , , , , , ,2, ,5212,4771,3,5,2,1,1,5,0,10,0,0,10,10,10,40, ,60,2,60,2, ,2,2,4,1200, , , , , , , , , , , , , , ,1,5,2, ,2, ,2, ,2, ,1,5,2, ,2, ,2, ,2, ,2, ,2, ,2, ,5,3, ,2,2,2,2,2,2,10,7,1,1200, , , , , , , , ,1200,1200,1200,1,969.976511489588
2025,01,21986,1,0132,1,1,202401219861013211,1,1,1,1,2, ,1,47,1,25,11,1977,2,2,2,2,2,2,2,2,2,2,2,2,2,2,2,1,2, , , , , , , , , , , , , , , , , , , , , , , , , , , , , , , , , ,1,5,1,1,13,5,4,1,5,2, ,2, ,2, ,2, ,1,5,2, ,2, ,2, ,2, ,2, ,2, ,2, ,6,5, ,2,2,2,2,2,2,10,7,2, , , , , , , , , , , , ,1,858.673988063056
2025,01,21986,1,0132,1,1,202401219861013212,1,2,2,1,2, ,2,42,2,15,6,1982,2,2,2,2,2,2,2,2,2,2,2,2,2,2,2,2,2, , , , , , , , , , , , , , , , , , , , , , , , , , , , , , , , , ,2,5,1,2,6, , ,1,5,2, ,2, ,2, ,2, ,1,5,2, ,2, ,2, ,2, ,2, ,2, ,2, ,6,5, ,2,2,2,2,2,2,10,7,4, , , , , , , , , , , , ,1,969.976511489588
2025,01,21986,1,0132,1,1,202401219861013213,1,3,3,1,2, ,2,23,3,30,5,2001,1, , , , , , , , , , , , , , ,3, ,5212,4771,3,5,2,1,1,3,0,10,10,10,10,10,10,60, ,60,1, ,1,2,2,2,4,1200, , , , , , , , , , , , , , ,1,1,1,1,2, ,2, ,2, ,2, ,2, ,2, ,2, ,1,1,2, ,2, ,2, ,8,2, ,2,2,2,2,2,2,10,7,1,1200, , , , , , , ,16,1200,1200,1216,1,920.087658938969
2025,01,21986,1,0132,1,1,202401219861013215,1,5,3,1,2, ,2,25,5,23,7,1999,1, , , , , , , , , , , , , , ,5, ,5412,8411,3,2, , ,5,600,8,8,0,8,8,8,8,48, ,55,2,55,1,2,2,2,4,1800, , , , , , , , , , , , , , ,1,6,2, ,2, ,2, ,2, ,2, ,2, ,2, ,2, ,1,5,2, ,2, ,2, ,6,5, ,2,2,2,2,2,2,10,7,1,1800, , , , , , , , ,1800,1800,1800,1,969.976511489588
